# ************************************************************
# Sequel Pro SQL dump
# Version 3408
#
# http://www.sequelpro.com/
# http://code.google.com/p/sequel-pro/
#
# Host: 123.56.164.182 (MySQL 5.5.46)
# Database: bfdl
# Generation Time: 2016-05-19 01:15:03 +0000
# ************************************************************


/*!40101 SET @OLD_CHARACTER_SET_CLIENT=@@CHARACTER_SET_CLIENT */;
/*!40101 SET @OLD_CHARACTER_SET_RESULTS=@@CHARACTER_SET_RESULTS */;
/*!40101 SET @OLD_COLLATION_CONNECTION=@@COLLATION_CONNECTION */;
/*!40101 SET NAMES utf8 */;
/*!40014 SET @OLD_FOREIGN_KEY_CHECKS=@@FOREIGN_KEY_CHECKS, FOREIGN_KEY_CHECKS=0 */;
/*!40101 SET @OLD_SQL_MODE=@@SQL_MODE, SQL_MODE='NO_AUTO_VALUE_ON_ZERO' */;
/*!40111 SET @OLD_SQL_NOTES=@@SQL_NOTES, SQL_NOTES=0 */;


# Dump of table cart
# ------------------------------------------------------------

DROP TABLE IF EXISTS `cart`;

CREATE TABLE `cart` (
  `id` int(11) NOT NULL AUTO_INCREMENT,
  `create_time` datetime NOT NULL COMMENT '创建时间',
  `member_id` int(11) NOT NULL COMMENT '会员ID',
  `count` int(11) NOT NULL COMMENT '数量',
  `spec_id` varchar(255) DEFAULT NULL COMMENT '规格ID，多个规格用逗号分隔',
  `spec_info` varchar(255) DEFAULT NULL COMMENT '规格详情',
  `product_id` int(11) NOT NULL COMMENT '产品ID',
  `seller_id` int(11) NOT NULL COMMENT '商家ID',
  `product_goods_id` int(11) NOT NULL COMMENT '货品ID',
  `checked` tinyint(1) NOT NULL DEFAULT '1' COMMENT '是否选中0未选中、1选中',
  PRIMARY KEY (`id`)
) ENGINE=InnoDB DEFAULT CHARSET=utf8 COMMENT='商城购物车';

LOCK TABLES `cart` WRITE;
/*!40000 ALTER TABLE `cart` DISABLE KEYS */;

INSERT INTO `cart` (`id`, `create_time`, `member_id`, `count`, `spec_id`, `spec_info`, `product_id`, `seller_id`, `product_goods_id`, `checked`)
VALUES
	(52,'2016-05-18 17:23:04',2,1,'','',2,1,2,1);

/*!40000 ALTER TABLE `cart` ENABLE KEYS */;
UNLOCK TABLES;


# Dump of table code_master
# ------------------------------------------------------------

DROP TABLE IF EXISTS `code_master`;

CREATE TABLE `code_master` (
  `code_div` varchar(20) NOT NULL COMMENT 'code组id',
  `code_cd` varchar(20) NOT NULL COMMENT 'codeId',
  `code_text` varchar(100) NOT NULL COMMENT 'code中文名称',
  `sort_order` int(11) DEFAULT '0' COMMENT '组内顺序为',
  `use_yn` int(11) DEFAULT '1' COMMENT '是否使用',
  `create_user_id` int(11) DEFAULT NULL COMMENT '创建人Id',
  `create_user` varchar(40) DEFAULT NULL COMMENT '创建人',
  `create_time` datetime DEFAULT NULL COMMENT '创建时间',
  `update_user_id` int(11) DEFAULT NULL COMMENT '修改人Id',
  `update_user` varchar(40) DEFAULT NULL COMMENT '修改人',
  `update_time` datetime DEFAULT NULL COMMENT '修改时间',
  PRIMARY KEY (`code_div`,`code_cd`)
) ENGINE=InnoDB DEFAULT CHARSET=utf8 ROW_FORMAT=COMPACT COMMENT='字典表';

LOCK TABLES `code_master` WRITE;
/*!40000 ALTER TABLE `code_master` DISABLE KEYS */;

INSERT INTO `code_master` (`code_div`, `code_cd`, `code_text`, `sort_order`, `use_yn`, `create_user_id`, `create_user`, `create_time`, `update_user_id`, `update_user`, `update_time`)
VALUES
	('ACTIVITY_FUOFF_STATE','1','刚创建',1,1,0,'','2015-08-28 18:34:39',2,'ejavashop','2016-03-03 19:15:17'),
	('ACTIVITY_FUOFF_STATE','2','提交审核',2,1,0,'','2015-08-28 18:35:00',NULL,NULL,NULL),
	('ACTIVITY_FUOFF_STATE','3','上架',3,1,0,'','2015-08-28 18:35:17',NULL,NULL,NULL),
	('ACTIVITY_FUOFF_STATE','4','审核不通过',4,1,0,'','2015-08-28 18:35:42',NULL,NULL,NULL),
	('ACTIVITY_FUOFF_STATE','5','下架',5,1,0,'','2015-08-28 18:36:07',NULL,NULL,NULL),
	('ACTIVITY_FUOFF_TYPE','1','满减',1,1,0,'','2015-09-07 14:35:14',NULL,NULL,NULL),
	('ACTIVITY_FUOFF_TYPE','2','满折',2,1,0,'','2015-09-07 14:35:25',NULL,NULL,NULL),
	('ACT_SINGLE_TYPE','1','减免金额',1,1,1,'admin','2016-03-27 20:03:51',NULL,NULL,NULL),
	('ACT_SINGLE_TYPE','2','折扣',2,1,1,'admin','2016-03-27 20:03:51',NULL,NULL,NULL),
	('ACT_STATUS','1','新建',1,1,1,'admin','2016-03-27 20:03:51',NULL,NULL,NULL),
	('ACT_STATUS','2','提交审核',2,1,1,'admin','2016-03-27 20:03:51',NULL,NULL,NULL),
	('ACT_STATUS','3','审核通过',3,1,1,'admin','2016-03-27 20:03:51',NULL,NULL,NULL),
	('ACT_STATUS','4','审核失败',4,1,1,'admin','2016-03-27 20:03:51',NULL,NULL,NULL),
	('ACT_STATUS','5','上架',5,1,1,'admin','2016-03-27 20:03:51',NULL,NULL,NULL),
	('ACT_STATUS','6','下架',6,1,1,'admin','2016-03-27 20:03:51',NULL,NULL,NULL),
	('ADMIN_STATUS','1','正常',1,1,0,'','2015-08-19 09:35:38',NULL,NULL,NULL),
	('ADMIN_STATUS','2','冻结',2,1,0,'','2015-08-19 09:35:51',NULL,NULL,NULL),
	('ADMIN_STATUS','3','删除',3,1,0,'','2015-08-19 09:36:07',NULL,NULL,NULL),
	('ATTR_TYPE','1','检索属性',1,1,NULL,NULL,NULL,0,'','2015-05-24 12:13:36'),
	('ATTR_TYPE','2','自定义属性',1,1,NULL,NULL,NULL,NULL,NULL,NULL),
	('AUDIT_STATE','2','审核通过',0,1,0,'','2015-05-10 08:46:38',NULL,NULL,NULL),
	('AUDIT_STATE','3','审核不通过',0,1,0,'','2015-05-10 08:46:38',NULL,NULL,NULL),
	('BRAND_STATE','1','提交审核',1,1,0,'','2015-05-19 21:13:18',NULL,NULL,NULL),
	('BRAND_STATE','2','审核通过',2,1,0,'','2015-05-19 21:13:18',NULL,NULL,NULL),
	('BRAND_STATE','3','审核失败',3,1,0,'','2015-05-19 21:13:18',NULL,NULL,NULL),
	('BRAND_STATE','4','删除',4,1,0,'','2015-05-19 21:13:18',NULL,NULL,NULL),
	('BRAND_STATE','O','默认',0,1,0,'','2015-05-19 21:13:18',0,'','2015-05-19 21:14:55'),
	('BRAND_TOP','1','推荐',0,1,0,'','2015-12-15 02:33:44',NULL,NULL,NULL),
	('BRAND_TOP','2','不推荐',0,1,0,'','2015-12-15 02:33:59',NULL,NULL,NULL),
	('CHANNEL','1','通用',1,1,1,'admin','2016-03-27 20:08:28',NULL,NULL,NULL),
	('CHANNEL','2','PC',2,1,1,'admin','2016-03-27 20:08:28',NULL,NULL,NULL),
	('CHANNEL','3','mobile',3,1,1,'admin','2016-03-27 20:08:28',NULL,NULL,NULL),
	('COUPON_TYPE','1','在线领取',1,1,1,'admin','2016-03-27 20:03:51',NULL,NULL,NULL),
	('COUPON_TYPE','2','线下发放',2,1,1,'admin','2016-03-27 20:03:51',NULL,NULL,NULL),
	('DATA_TYPE','1','商品',1,1,0,'','2016-01-04 10:00:00',NULL,NULL,NULL),
	('DATA_TYPE','2','图片链接',2,1,0,'','2016-01-04 10:00:00',NULL,NULL,NULL),
	('DISABLE_STATE','1','可用',1,1,0,'','2015-07-22 10:34:13',NULL,NULL,NULL),
	('DISABLE_STATE','2','不可用',3,1,0,'','2015-07-22 10:34:27',NULL,NULL,NULL),
	('FLASH_PRODUCT_STATUS','1','提交审核',1,1,0,'','2016-05-10 15:28:26',NULL,NULL,NULL),
	('FLASH_PRODUCT_STATUS','2','审核通过',2,1,0,'','2016-05-10 15:28:26',NULL,NULL,NULL),
	('FLASH_PRODUCT_STATUS','3','审核失败',3,1,0,'','2016-05-10 15:28:26',NULL,NULL,NULL),
	('FLASH_SALE_STATUS','1','新建',1,1,0,'','2016-05-10 15:28:26',NULL,NULL,NULL),
	('FLASH_SALE_STATUS','2','商品征集',2,1,0,'','2016-05-10 15:28:26',NULL,NULL,NULL),
	('FLASH_SALE_STATUS','3','征集结束',3,1,0,'','2016-05-10 15:28:26',NULL,NULL,NULL),
	('FLASH_SALE_STATUS','4','作废',4,1,0,'','2016-05-10 15:28:26',NULL,NULL,NULL),
	('FLASH_SALE_STATUS','5','上架',5,1,0,'','2016-05-10 15:28:26',NULL,NULL,NULL),
	('FLASH_SALE_STATUS','6','下架',6,1,0,'','2016-05-10 15:28:26',NULL,NULL,NULL),
	('GENDER','0','保密',1,1,0,'','2015-05-07 21:57:50',NULL,NULL,NULL),
	('GENDER','1','男',1,1,0,'','2015-05-07 21:58:09',NULL,NULL,NULL),
	('GENDER','2','女',2,1,0,'','2015-05-07 21:58:33',NULL,NULL,NULL),
	('GOODS_FLOOR_DIS','0','不显示',0,1,0,'','2015-09-06 14:22:32',NULL,NULL,NULL),
	('GOODS_FLOOR_DIS','1','显示',1,1,0,'','2015-09-06 14:22:46',NULL,NULL,NULL),
	('INVOICE_CONTENT_TYPE','1','明细',1,1,0,'','2015-08-06 10:06:05',NULL,NULL,NULL),
	('INVOICE_CONTENT_TYPE','2','办公用品',2,1,0,'','2015-08-06 10:06:17',NULL,NULL,NULL),
	('INVOICE_CONTENT_TYPE','3','电脑配件',3,1,0,'','2015-08-06 10:06:42',NULL,NULL,NULL),
	('INVOICE_CONTENT_TYPE','4','耗材',4,1,0,'','2015-08-06 10:06:56',NULL,NULL,NULL),
	('INVOICE_TYPE','1','普通发票',1,1,0,'','2015-08-06 09:32:31',NULL,NULL,NULL),
	('INVOICE_TYPE','2','电子发票',2,1,0,'','2015-08-06 09:32:56',NULL,NULL,NULL),
	('INVOICE_TYPE','3','增值税发票',3,1,0,'','2015-08-06 09:33:12',NULL,NULL,NULL),
	('LOOK_METHOD','1','图片',0,1,0,'','2015-05-10 08:15:07',0,'','2015-05-10 08:20:07'),
	('LOOK_METHOD','2','文字',1,1,0,'','2015-05-10 08:15:29',NULL,NULL,NULL),
	('MANAGE_STATE','0','默认',4,1,0,'','2015-05-19 21:13:18',0,'','2015-05-19 21:14:55'),
	('MANAGE_STATE','1','提交审核',3,1,0,'','2015-05-19 21:13:18',NULL,NULL,NULL),
	('MANAGE_STATE','2','审核通过',2,1,0,'','2015-05-19 21:13:18',NULL,NULL,NULL),
	('MANAGE_STATE','3','审核失败',1,1,0,'','2015-05-19 21:13:18',NULL,NULL,NULL),
	('MANAGE_STATE','4','停用',0,1,0,'','2015-05-19 21:13:18',NULL,NULL,NULL),
	('MEMBER_ADDRESS_STATE','1','默认',1,1,0,NULL,'2015-05-22 00:23:20',NULL,NULL,NULL),
	('MEMBER_ADDRESS_STATE','2','不是默认',2,1,0,NULL,'2015-05-22 00:23:47',NULL,NULL,NULL),
	('MEMBER_BALANCE_STATE','1','充值',1,1,0,NULL,'2015-05-21 23:39:20',NULL,NULL,NULL),
	('MEMBER_BALANCE_STATE','2','退款',2,1,0,'','2015-05-21 23:41:04',NULL,NULL,NULL),
	('MEMBER_BALANCE_STATE','3','消费',3,1,0,'','2015-05-21 23:41:40',NULL,NULL,NULL),
	('MEMBER_BALANCE_STATE','4','提款',4,1,0,'','2015-05-21 23:41:59',NULL,NULL,NULL),
	('MEMBER_BALANCE_STATE','5','系统添加',5,1,0,'','2015-05-21 23:42:19',NULL,NULL,NULL),
	('MEMBER_BALANCE_STATE','6','系统减少',6,1,0,'','2015-05-21 23:42:35',NULL,NULL,NULL),
	('MEMBER_COLLECT_STATE','1','显示',1,1,0,NULL,'2015-05-22 01:36:34',NULL,NULL,NULL),
	('MEMBER_COLLECT_STATE','2','删除',1,1,0,NULL,'2015-05-22 01:36:55',NULL,NULL,NULL),
	('MEMBER_DRAWING_STATE','1','提交申请',1,1,0,NULL,'2015-05-12 22:03:03',NULL,NULL,NULL),
	('MEMBER_DRAWING_STATE','2','申请通过',2,1,0,NULL,'2015-05-12 22:03:03',NULL,NULL,NULL),
	('MEMBER_DRAWING_STATE','3','已打款',3,1,0,NULL,'2015-05-12 22:03:03',NULL,NULL,NULL),
	('MEMBER_DRAWING_STATE','4','处理失败',4,1,0,NULL,'2015-05-12 22:03:03',NULL,NULL,NULL),
	('MEMBER_GRADE','1','普通会员',1,1,0,'','2015-05-07 21:28:14',NULL,NULL,NULL),
	('MEMBER_GRADE','2','铜牌会员',2,1,0,'','2015-05-07 21:28:52',NULL,NULL,NULL),
	('MEMBER_GRADE','3','银牌会员',3,1,0,'','2015-05-07 21:29:15',0,'','2015-05-07 21:30:07'),
	('MEMBER_GRADE','4','金牌会员',4,1,0,'','2015-05-07 21:29:34',NULL,NULL,NULL),
	('MEMBER_GRADE','5','钻石会员',5,1,0,'','2015-05-07 21:30:01',NULL,NULL,NULL),
	('MEMBER_GRD_INT_LOG_T','1','经验值',1,1,0,'','2015-05-17 18:35:25',NULL,NULL,NULL),
	('MEMBER_GRD_INT_LOG_T','2','积分',2,1,0,'','2015-05-17 18:35:51',NULL,NULL,NULL),
	('MEMBER_RULE_STATE','1','开始',1,1,0,'','2015-05-10 15:50:15',NULL,NULL,NULL),
	('MEMBER_RULE_STATE','2','关闭',2,1,0,'','2015-05-10 15:50:29',NULL,NULL,NULL),
	('MEMBER_SOURCE','1','PC',1,1,0,'','2015-05-07 21:37:44',NULL,NULL,NULL),
	('MEMBER_SOURCE','2','H5',2,1,0,'','2015-05-07 21:38:04',NULL,NULL,NULL),
	('MEMBER_SOURCE','3','Android',3,1,0,'','2015-05-07 21:38:53',NULL,NULL,NULL),
	('MEMBER_SOURCE','4','IOS',4,1,0,'','2015-05-07 21:39:48',NULL,NULL,NULL),
	('MEMBER_SOURCE','5','微信商城',5,1,0,'','2015-07-09 09:58:11',NULL,NULL,NULL),
	('MEMBER_STATUS','1','正常使用',1,1,0,'','2015-05-07 21:26:14',NULL,NULL,NULL),
	('MEMBER_STATUS','2','停用',2,1,0,'','2015-05-07 21:27:11',NULL,NULL,NULL),
	('MEMBER_VAL_OPT_TYPE','1','会员注册',1,1,0,'','2015-05-20 23:29:51',NULL,NULL,NULL),
	('MEMBER_VAL_OPT_TYPE','2','会员登录',2,1,0,'','2015-05-20 23:31:35',NULL,NULL,NULL),
	('MEMBER_VAL_OPT_TYPE','3','商品购买',3,1,0,'','2015-05-20 23:32:06',NULL,NULL,NULL),
	('MEMBER_VAL_OPT_TYPE','4','商品评论',4,1,0,'','2015-05-20 23:32:28',NULL,NULL,NULL),
	('MEMBER_VAL_OPT_TYPE','5','系统添加',5,1,0,'','2015-05-20 23:32:50',NULL,NULL,NULL),
	('MEMBER_VAL_OPT_TYPE','6','系统减少',6,1,0,'','2015-05-20 23:33:10',NULL,NULL,NULL),
	('MEMBER_VAL_OPT_TYPE','7','订单消费',6,1,0,'','2016-04-27 10:59:00',NULL,NULL,NULL),
	('MEMBER_VAL_OPT_TYPE','8','商品退货',6,1,0,'','2016-04-27 10:59:00',NULL,NULL,NULL),
	('MEM_PB_STATE_MONEY','1','未退款',1,1,0,'','2015-07-21 15:00:49',NULL,NULL,NULL),
	('MEM_PB_STATE_MONEY','2','退款到账户',2,1,0,'','2015-07-21 15:01:00',NULL,NULL,NULL),
	('MEM_PB_STATE_MONEY','3','退款到银行',3,1,0,'','2015-07-21 15:01:19',NULL,NULL,NULL),
	('MEM_PB_STATE_RETURN','1','未处理',1,1,0,'','2015-07-21 14:56:22',NULL,NULL,NULL),
	('MEM_PB_STATE_RETURN','2','审核通过待收货',2,1,0,'','2015-07-21 14:56:37',NULL,NULL,NULL),
	('MEM_PB_STATE_RETURN','3','已经收货',3,1,0,'','2015-07-21 14:57:28',NULL,NULL,NULL),
	('MEM_PB_STATE_RETURN','4','不予处理',4,1,0,'','2015-07-21 14:57:54',NULL,NULL,NULL),
	('MEM_PROD_EXCHG_STATE','1','未处理',1,1,0,'','2015-07-21 16:29:29',NULL,NULL,NULL),
	('MEM_PROD_EXCHG_STATE','2','审核通过待收货',2,1,0,'','2015-07-21 16:29:44',NULL,NULL,NULL),
	('MEM_PROD_EXCHG_STATE','3','已经收货',3,1,0,'','2015-07-21 16:30:13',NULL,NULL,NULL),
	('MEM_PROD_EXCHG_STATE','4','发货处理完成',4,1,0,'','2015-07-21 16:30:43',NULL,NULL,NULL),
	('MEM_PROD_EXCHG_STATE','5','不予处理原件退还',5,1,0,'','2015-07-21 16:31:01',NULL,NULL,NULL),
	('MEM_PROD_EXCHG_STATE','6','不处理',6,1,0,'','2015-07-21 16:31:49',NULL,NULL,NULL),
	('NEWS_PARTNER_STATUS','0','不可见',2,1,0,'','2015-07-17 11:46:43',0,'','2015-07-17 13:04:56'),
	('NEWS_PARTNER_STATUS','1','可见',1,1,0,'','2015-07-17 11:48:17',0,'','2015-07-17 13:05:07'),
	('NEWS_TREE_ROOT_TEXT','0','根结点',0,1,0,'','2015-07-13 15:40:25',0,'','2015-07-13 15:41:25'),
	('NORM_STATE','0','删除',1,0,0,'','2015-05-31 20:12:03',0,'','2015-05-31 20:12:25'),
	('NORM_STATE','1','正常',2,1,0,'','2015-05-31 20:12:18',NULL,NULL,NULL),
	('NORM_STATE','2','停用',3,1,0,'','2015-05-31 20:12:18',NULL,NULL,NULL),
	('NORM_TYPE','1','文字',0,1,0,'','2015-05-18 20:45:24',NULL,NULL,NULL),
	('NORM_TYPE','2','图片',1,1,0,'','2015-05-18 20:45:35',NULL,NULL,NULL),
	('ORDERS_ORDER_STATE','1','未付款的订单',1,1,0,'','2015-07-16 11:08:29',NULL,NULL,NULL),
	('ORDERS_ORDER_STATE','2','待确认的订单',2,1,0,'','2015-07-16 11:08:43',NULL,NULL,NULL),
	('ORDERS_ORDER_STATE','3','待发货的订单',3,1,0,'','2015-07-16 11:09:07',NULL,NULL,NULL),
	('ORDERS_ORDER_STATE','4','已发货的订单',4,1,0,'','2015-07-16 11:09:39',NULL,NULL,NULL),
	('ORDERS_ORDER_STATE','5','已完成的订单',5,1,0,'','2015-07-16 11:10:00',NULL,NULL,NULL),
	('ORDERS_ORDER_STATE','6','取消',6,1,0,'','2015-07-16 11:10:19',NULL,NULL,NULL),
	('ORDER_INVIOCE_STATE','1','公司',1,1,0,'','2015-07-16 11:59:52',NULL,NULL,NULL),
	('ORDER_INVIOCE_STATE','2','个人',2,1,0,'','2015-07-16 12:00:05',NULL,NULL,NULL),
	('ORDER_INVOICE_STATUS','0','不要发票',0,1,0,'','2015-07-16 11:49:56',NULL,NULL,NULL),
	('ORDER_INVOICE_STATUS','1','单位',1,1,0,'','2015-07-16 11:50:13',NULL,NULL,NULL),
	('ORDER_INVOICE_STATUS','2','个人',2,1,0,'','2015-07-16 11:50:39',NULL,NULL,NULL),
	('ORDER_PAYMENT_STATUS','0','买家未付款',0,1,0,'','2015-07-16 11:45:49',NULL,NULL,NULL),
	('ORDER_PAYMENT_STATUS','1','买家已付款',1,1,0,'','2015-07-16 11:46:17',NULL,NULL,NULL),
	('PRODUCT_ASK_STATE','1','咨询',1,1,0,'','2015-07-15 15:30:59',NULL,NULL,NULL),
	('PRODUCT_ASK_STATE','2','已经回答',2,1,0,'','2015-07-15 15:31:15',NULL,NULL,NULL),
	('PRODUCT_ASK_STATE','3','前台显示',3,1,0,'','2015-07-15 15:31:37',NULL,NULL,NULL),
	('PRODUCT_ASK_STATE','4','删除',4,1,0,'','2015-07-15 15:32:12',NULL,NULL,NULL),
	('PRODUCT_CATE_STATUS','1','显示',1,1,0,'','2015-07-27 18:28:26',NULL,NULL,NULL),
	('PRODUCT_CATE_STATUS','2','不显示',2,1,0,'','2015-07-27 18:28:36',NULL,NULL,NULL),
	('PRODUCT_CATE_STATUS','3','删除',3,1,0,'','2015-07-27 18:29:01',NULL,NULL,NULL),
	('PRODUCT_COMM_STATE','1','评价',1,1,0,'','2015-07-15 15:29:29',0,'','2015-07-15 15:30:11'),
	('PRODUCT_COMM_STATE','2','审核通过，前台显示',2,1,0,'','2015-07-15 15:29:54',NULL,NULL,NULL),
	('PRODUCT_COMM_STATE','3','删除',3,1,0,'','2015-07-15 15:30:30',NULL,NULL,NULL),
	('PRODUCT_IS_INVENTED','1','实物商品',1,1,NULL,NULL,NULL,0,'','2015-06-03 06:59:29'),
	('PRODUCT_IS_INVENTED','2','虚拟商品',2,1,NULL,NULL,NULL,0,'','2015-06-03 06:59:29'),
	('PRODUCT_IS_NORM','1','不启用',1,1,NULL,NULL,NULL,0,'','2015-06-03 06:59:29'),
	('PRODUCT_IS_NORM','2','启用',2,1,NULL,NULL,NULL,0,'','2015-05-24 12:13:36'),
	('PRODUCT_IS_TOP','1','不推荐',1,1,NULL,NULL,NULL,0,'','2015-06-03 06:59:29'),
	('PRODUCT_IS_TOP','2','推荐',2,1,NULL,NULL,NULL,0,'','2015-06-03 06:59:29'),
	('PRODUCT_SELLER_STATE','1','店铺正常',1,1,0,'','2015-09-12 11:42:14',NULL,NULL,NULL),
	('PRODUCT_SELLER_STATE','2','店铺关闭',2,1,0,'','2015-09-12 11:42:28',NULL,NULL,NULL),
	('PRODUCT_STATE','1','刚创建',1,1,0,'','2015-05-05 21:39:23',0,'','2015-05-05 21:39:30'),
	('PRODUCT_STATE','2','提交审核',2,1,0,'','2015-05-05 21:39:23',0,'','2015-05-05 21:39:30'),
	('PRODUCT_STATE','3','审核通过',3,1,0,'','2015-05-05 21:39:23',0,'','2015-08-20 16:33:26'),
	('PRODUCT_STATE','4','申请驳回',4,1,0,'','2015-05-05 21:39:23',0,'','2015-05-05 21:39:30'),
	('PRODUCT_STATE','5','商品删除',5,1,0,'','2015-05-05 21:39:23',0,'','2015-05-05 21:39:30'),
	('PRODUCT_STATE','6','上架',6,1,0,'','2015-08-20 16:35:21',NULL,NULL,NULL),
	('PRODUCT_STATE','7','下架',7,1,0,'','2015-08-20 16:35:33',NULL,NULL,NULL),
	('RECOMMEND_TYPE','1','PC首页热销商品',1,1,0,'','2016-02-19 17:26:26',NULL,NULL,NULL),
	('RECOMMEND_TYPE','2','PC首页今日推荐',2,1,0,'','2016-02-19 17:26:26',NULL,NULL,NULL),
	('RESOURCE_STATUS','1','未删除',1,1,0,'','2015-08-13 10:32:10',NULL,NULL,NULL),
	('RESOURCE_STATUS','2','删除',2,1,0,'','2015-08-13 10:32:19',NULL,NULL,NULL),
	('SEARCH_KEYWORDFILTER','1','不过滤',0,1,0,'','2015-12-11 00:26:27',NULL,NULL,NULL),
	('SEARCH_KEYWORDFILTER','2','过滤',0,1,0,'','2015-12-11 00:26:40',NULL,NULL,NULL),
	('SELLER_APPLY_STATE','1','提交申请',1,1,0,'','2015-07-10 10:52:46',NULL,NULL,NULL),
	('SELLER_APPLY_STATE','2','审核通过',2,1,0,'','2015-07-10 10:54:59',NULL,NULL,NULL),
	('SELLER_APPLY_STATE','3','缴纳保证金',3,1,0,'','2015-07-10 10:58:21',NULL,NULL,NULL),
	('SELLER_APPLY_STATE','4','审核失败',4,1,0,'','2015-07-10 10:58:37',NULL,NULL,NULL),
	('SELLER_AUDIT_STATE','1','待审核',1,1,0,'','2015-07-11 15:45:19',NULL,NULL,NULL),
	('SELLER_AUDIT_STATE','2','审核通过',2,1,0,'','2015-07-11 15:45:35',NULL,NULL,NULL),
	('SELLER_AUDIT_STATE','3','已冻结   ',3,1,0,'','2015-07-11 15:46:22',NULL,NULL,NULL),
	('SELLER_CATE_STATE','0','默认',1,1,0,'','2015-08-28 18:34:39',NULL,NULL,NULL),
	('SELLER_CATE_STATE','1','提交审核',2,1,0,'','2015-08-28 18:34:39',NULL,NULL,NULL),
	('SELLER_CATE_STATE','2','审核通过',3,1,0,'','2015-08-28 18:34:39',NULL,NULL,NULL),
	('SELLER_CATE_STATE','3','审核失败',4,1,0,'','2015-08-28 18:34:39',NULL,NULL,NULL),
	('SELLER_CATE_STATE','4','停用',5,1,0,'','2015-08-28 18:34:39',NULL,NULL,NULL),
	('SELLER_COMPLAINT','1','买家投诉待审核',1,1,0,'','2015-07-22 14:57:08',NULL,NULL,NULL),
	('SELLER_COMPLAINT','2','买家投诉不通过',2,1,0,'','2015-07-22 14:57:26',NULL,NULL,NULL),
	('SELLER_COMPLAINT','3','买家投诉通过',3,1,0,'','2015-07-22 14:57:56',NULL,NULL,NULL),
	('SELLER_COMPLAINT','4','卖家申诉待审核',4,1,0,'','2015-07-22 14:58:32',NULL,NULL,NULL),
	('SELLER_COMPLAINT','5','卖家申诉不通过',5,1,0,'','2015-07-22 14:59:02',NULL,NULL,NULL),
	('SELLER_COMPLAINT','6','卖家申诉通过',6,1,0,'','2015-07-22 14:59:29',NULL,NULL,NULL),
	('SELLER_QQ_STATE','1','显示',1,1,0,'','2015-07-20 11:20:55',0,'','2015-07-20 11:21:29'),
	('SELLER_QQ_STATE','2','不显示',2,1,0,'','2015-07-20 11:21:10',NULL,NULL,NULL),
	('SELLER_QQ_STATE','3','删除',3,0,0,'','2015-07-20 11:21:22',0,'','2015-11-27 16:44:37'),
	('SELLER_STATE','0','默认',1,1,0,'','2015-05-10 14:17:24',0,'','2015-05-12 21:15:01'),
	('SELLER_STATE','1','提交审核',2,1,0,'','2015-05-10 14:17:24',NULL,NULL,NULL),
	('SELLER_STATE','2','显示中',3,1,0,'','2015-05-10 14:17:24',0,'','2015-05-12 21:15:47'),
	('SELLER_STATE','3','审核失败',4,1,0,'','2015-05-10 14:17:24',0,'','2015-05-12 21:15:32'),
	('SELLER_STATE','4','已删除',5,0,0,'','2015-05-10 14:17:24',0,'','2015-06-13 17:32:16'),
	('SETTLEMENT_STATUS','1','账单生成',1,1,0,'','2015-12-07 09:08:56',NULL,NULL,NULL),
	('SETTLEMENT_STATUS','2','平台审核通过',1,1,0,'','2015-12-07 09:08:56',NULL,NULL,NULL),
	('SETTLEMENT_STATUS','3','商家核对通过',1,1,0,'','2015-12-07 09:08:56',NULL,NULL,NULL),
	('SETTLEMENT_STATUS','4','商家核对质疑',1,1,0,'','2015-12-07 09:08:56',NULL,NULL,NULL),
	('SETTLEMENT_STATUS','5','对账完成',1,1,0,'','2015-12-07 09:08:56',NULL,NULL,NULL),
	('SETTLEMENT_STATUS','6','支付完成',1,1,0,'','2015-12-07 09:08:56',NULL,NULL,NULL),
	('SETTLE_OTHER_TYPE','1','支付增加',1,1,0,'','2015-12-07 09:08:56',NULL,NULL,NULL),
	('SETTLE_OTHER_TYPE','2','支付扣减',1,1,0,'','2015-12-07 09:08:56',NULL,NULL,NULL),
	('SYSTEM_ADVERT_STATUS','1','待审核',1,1,0,'','2015-09-10 11:16:59',NULL,NULL,NULL),
	('SYSTEM_ADVERT_STATUS','2','冻结',2,1,0,'','2015-09-10 11:17:17',NULL,NULL,NULL),
	('SYSTEM_ADVERT_STATUS','3','投放中',3,1,0,'','2015-09-10 11:21:58',NULL,NULL,NULL),
	('TRANSPORT_MODEL','1','平邮',1,1,0,'','2015-07-21 17:14:57',NULL,NULL,NULL),
	('TRANSPORT_MODEL','2','EMS',2,1,0,'','2015-07-21 17:15:08',NULL,NULL,NULL),
	('TRANSPORT_MODEL','3','快递',3,1,0,'','2015-07-21 17:15:22',NULL,NULL,NULL),
	('TRANSPORT_STATE','1','使用中',1,1,0,'','2015-09-06 09:30:22',NULL,NULL,NULL),
	('TRANSPORT_STATE','2','禁用',2,1,0,'','2015-09-06 09:30:40',NULL,NULL,NULL),
	('TRANSPORT_TIME','12','12小时内',1,1,0,'','2015-09-07 11:06:47',NULL,NULL,NULL),
	('TRANSPORT_TIME','15','15天内',7,1,0,'','2015-09-07 11:09:18',NULL,NULL,NULL),
	('TRANSPORT_TIME','24','24小时内',2,1,0,'','2015-09-07 11:07:15',NULL,NULL,NULL),
	('TRANSPORT_TIME','30','30天内',8,1,0,'','2015-09-07 11:09:36',NULL,NULL,NULL),
	('TRANSPORT_TIME','45','45天内',9,1,0,'','2015-09-07 11:09:50',NULL,NULL,NULL),
	('TRANSPORT_TIME','48','48小时内',3,1,0,'','2015-09-07 11:07:28',NULL,NULL,NULL),
	('TRANSPORT_TIME','5','5天内',5,1,0,'','2015-09-07 11:08:30',NULL,NULL,NULL),
	('TRANSPORT_TIME','7','7天内',6,1,0,'','2015-09-07 11:08:59',NULL,NULL,NULL),
	('TRANSPORT_TIME','72','72小时内',4,1,0,'','2015-09-07 11:07:54',NULL,NULL,NULL),
	('TRANSPORT_TYPE','1','按件数',1,1,0,'','2015-07-21 17:00:11',0,'','2015-09-06 09:33:22'),
	('TRANSPORT_TYPE','2','按重量',2,1,0,'','2015-07-21 17:00:30',0,'','2015-09-06 09:33:42'),
	('USE_PRE','1','使用',1,1,0,'','2016-02-19 14:40:06',NULL,NULL,NULL),
	('USE_PRE','2','预使用',2,1,0,'','2016-02-19 14:40:06',NULL,NULL,NULL),
	('USE_PRE','3','不使用',3,1,0,'','2016-02-19 14:40:06',NULL,NULL,NULL),
	('USE_YN','0','不使用',2,1,NULL,NULL,NULL,NULL,NULL,NULL),
	('USE_YN','1','使用',1,1,NULL,NULL,NULL,NULL,NULL,NULL),
	('YES_NO','0','否',2,1,0,'','2015-05-20 11:09:11',NULL,NULL,NULL),
	('YES_NO','1','是',1,1,0,'','2015-05-20 11:08:56',NULL,NULL,NULL);

/*!40000 ALTER TABLE `code_master` ENABLE KEYS */;
UNLOCK TABLES;


# Dump of table config
# ------------------------------------------------------------

DROP TABLE IF EXISTS `config`;

CREATE TABLE `config` (
  `id` int(11) unsigned NOT NULL AUTO_INCREMENT,
  `integral_scale` int(11) NOT NULL DEFAULT '1' COMMENT '积分换算比例，多少积分换算成1元人民币',
  PRIMARY KEY (`id`)
) ENGINE=InnoDB DEFAULT CHARSET=utf8 COMMENT='系统配置表';

LOCK TABLES `config` WRITE;
/*!40000 ALTER TABLE `config` DISABLE KEYS */;

INSERT INTO `config` (`id`, `integral_scale`)
VALUES
	(1,10);

/*!40000 ALTER TABLE `config` ENABLE KEYS */;
UNLOCK TABLES;


# Dump of table courier_company
# ------------------------------------------------------------

DROP TABLE IF EXISTS `courier_company`;

CREATE TABLE `courier_company` (
  `id` int(11) NOT NULL AUTO_INCREMENT,
  `state` int(2) NOT NULL DEFAULT '0' COMMENT '状态 1-可用 2-不可用',
  `company_mark` varchar(255) DEFAULT NULL COMMENT '快递代码',
  `company_name` varchar(255) NOT NULL DEFAULT '' COMMENT '快递公司名称',
  `seq` int(11) DEFAULT '0' COMMENT '排序号',
  `company_type` varchar(255) NOT NULL DEFAULT '3' COMMENT '快递类型 1-平邮 2-EMS 3-快递',
  `seller_id` int(11) NOT NULL COMMENT '商家id',
  `create_time` datetime DEFAULT NULL,
  `update_time` datetime DEFAULT NULL,
  `image_path` varchar(255) DEFAULT '' COMMENT '快递模板路径',
  `content` text COMMENT '打印模板生成的js文件',
  PRIMARY KEY (`id`)
) ENGINE=InnoDB DEFAULT CHARSET=utf8 COMMENT='快递公司';

LOCK TABLES `courier_company` WRITE;
/*!40000 ALTER TABLE `courier_company` DISABLE KEYS */;

INSERT INTO `courier_company` (`id`, `state`, `company_mark`, `company_name`, `seq`, `company_type`, `seller_id`, `create_time`, `update_time`, `image_path`, `content`)
VALUES
	(1,1,'shunfeng','顺丰',1,'3',0,'2016-03-02 19:44:05','2016-03-02 19:44:05',NULL,NULL),
	(2,1,'huitongkuaidi','百事汇通',1,'3',0,'2016-03-02 19:44:05','2016-03-02 19:44:05','',NULL);

/*!40000 ALTER TABLE `courier_company` ENABLE KEYS */;
UNLOCK TABLES;


# Dump of table invoice
# ------------------------------------------------------------

DROP TABLE IF EXISTS `invoice`;

CREATE TABLE `invoice` (
  `id` int(11) NOT NULL AUTO_INCREMENT,
  `content` varchar(255) NOT NULL COMMENT '发票抬头',
  `state` tinyint(4) NOT NULL COMMENT '状态1、显示；2、不显示',
  `create_id` int(11) NOT NULL COMMENT '创建人',
  `create_time` datetime NOT NULL COMMENT '创建时间',
  PRIMARY KEY (`id`)
) ENGINE=InnoDB DEFAULT CHARSET=utf8 COMMENT='发票信息表';



# Dump of table member
# ------------------------------------------------------------

DROP TABLE IF EXISTS `member`;

CREATE TABLE `member` (
  `id` int(11) NOT NULL AUTO_INCREMENT,
  `name` varchar(50) NOT NULL COMMENT '用户名',
  `password` varchar(50) NOT NULL COMMENT '密码',
  `grade` int(11) NOT NULL DEFAULT '1' COMMENT '会员等级',
  `grade_value` int(11) NOT NULL DEFAULT '0' COMMENT '会员经验值',
  `integral` int(11) NOT NULL DEFAULT '0' COMMENT '会员积分',
  `register_time` datetime NOT NULL COMMENT '注册时间',
  `last_login_time` datetime NOT NULL COMMENT '最后登录时间',
  `last_login_ip` varchar(50) NOT NULL COMMENT '最后登录IP',
  `login_number` int(11) NOT NULL COMMENT '登陆次数',
  `last_address_id` int(11) DEFAULT NULL COMMENT '上次使用的地址',
  `last_payment_code` int(11) DEFAULT NULL COMMENT '上次使用的支付方式',
  `gender` tinyint(1) DEFAULT '0' COMMENT '性别0、保密；1、男；2、女',
  `birthday` date DEFAULT NULL COMMENT '生日',
  `email` varchar(255) DEFAULT NULL COMMENT '邮箱',
  `qq` varchar(50) DEFAULT NULL COMMENT 'qq',
  `mobile` varchar(50) DEFAULT NULL COMMENT 'mobile',
  `phone` varchar(50) DEFAULT NULL COMMENT '电话',
  `pwd_err_count` int(11) NOT NULL DEFAULT '0' COMMENT '密码输入错误次数',
  `source` tinyint(4) NOT NULL COMMENT '会员来源1、pc；2、H5；3、Android；4、IOS ;5、微信商城',
  `balance` decimal(10,2) NOT NULL DEFAULT '0.00' COMMENT '账户余额',
  `balance_pwd` varchar(60) NOT NULL COMMENT '账户支付密码',
  `is_email_verify` tinyint(1) NOT NULL DEFAULT '0' COMMENT '是否验证邮箱0、未验证；1、验证',
  `is_sms_verify` tinyint(1) NOT NULL DEFAULT '0' COMMENT '是否验证手机0、未验证；1、验证',
  `sms_verify_code` varchar(20) NOT NULL COMMENT '短信验证码',
  `email_verify_code` varchar(20) NOT NULL COMMENT '邮件验证码',
  `can_receive_sms` tinyint(1) NOT NULL DEFAULT '1' COMMENT '是否接受短信0、不接受；1、接受',
  `can_receive_email` tinyint(1) NOT NULL DEFAULT '1' COMMENT '是否接收邮件',
  `status` tinyint(1) NOT NULL DEFAULT '1' COMMENT '1、正常使用；2、停用',
  `update_time` datetime NOT NULL,
  PRIMARY KEY (`id`)
) ENGINE=InnoDB DEFAULT CHARSET=utf8 COMMENT='会员';

LOCK TABLES `member` WRITE;
/*!40000 ALTER TABLE `member` DISABLE KEYS */;

INSERT INTO `member` (`id`, `name`, `password`, `grade`, `grade_value`, `integral`, `register_time`, `last_login_time`, `last_login_ip`, `login_number`, `last_address_id`, `last_payment_code`, `gender`, `birthday`, `email`, `qq`, `mobile`, `phone`, `pwd_err_count`, `source`, `balance`, `balance_pwd`, `is_email_verify`, `is_sms_verify`, `sms_verify_code`, `email_verify_code`, `can_receive_sms`, `can_receive_email`, `status`, `update_time`)
VALUES
	(1,'ejavashop','4297f44b13955235245b2497399d7a93',1,106,76,'2016-03-02 17:26:32','2016-05-18 00:45:03','182.48.110.11',33,NULL,NULL,NULL,NULL,'',NULL,NULL,NULL,0,1,983.00,'4297f44b13955235245b2497399d7a93',0,0,'','',1,1,1,'2016-05-18 00:53:06'),
	(2,'wangpeng','e10adc3949ba59abbe56e057f20f883e',1,145,145,'2016-03-02 19:58:14','2016-05-18 16:57:03','111.199.186.33',21,NULL,NULL,NULL,NULL,'',NULL,NULL,NULL,0,1,100.00,'',0,0,'','',1,1,1,'2016-05-18 16:57:03'),
	(3,'a111','64a62d49999fb141855f51ed3d58b5d0',1,20,20,'2016-03-08 15:51:23','2016-03-08 15:51:23','111.199.189.227',0,NULL,NULL,NULL,NULL,'',NULL,NULL,NULL,0,1,0.00,'',0,0,'','',1,1,1,'2016-03-08 15:51:23'),
	(4,'aaa','72703cf4feb83c73bfe358daed0515f7',1,25,25,'2016-03-10 09:05:02','2016-03-10 09:14:14','118.186.197.66',2,NULL,NULL,NULL,NULL,'',NULL,NULL,NULL,0,1,0.00,'',0,0,'','',1,1,1,'2016-03-10 09:14:14'),
	(5,'annyhuang','a28f7c451963250fd0099135911bc2a6',1,20,20,'2016-03-15 14:01:50','2016-03-15 14:01:50','101.95.186.150',0,NULL,NULL,NULL,NULL,'',NULL,NULL,NULL,0,1,0.00,'',0,0,'','',1,1,1,'2016-03-15 14:01:50'),
	(6,'wangruchao','e10adc3949ba59abbe56e057f20f883e',1,20,20,'2016-03-22 09:44:12','2016-03-22 09:44:12','1.202.243.145',0,NULL,NULL,NULL,NULL,'',NULL,NULL,NULL,0,1,0.00,'',0,0,'','',1,1,1,'2016-03-22 09:44:12'),
	(7,'skydan','0b4e7a0e5fe84ad35fb5f95b9ceeac79',1,25,25,'2016-03-22 20:16:31','2016-03-22 20:18:44','114.246.53.79',1,NULL,NULL,NULL,NULL,'',NULL,NULL,NULL,0,1,0.00,'',0,0,'','',1,1,1,'2016-03-22 20:18:44'),
	(8,'dzwz','604de8bcf6492330f8e0e3f61be636aa',1,25,25,'2016-03-23 10:38:09','2016-03-23 10:39:12','222.133.5.181',1,NULL,NULL,NULL,NULL,'',NULL,NULL,NULL,0,1,0.00,'',0,0,'','',1,1,1,'2016-03-23 10:39:12'),
	(9,'aaaassssdddd','533a25085660e20bb333dd5c45eb1d77',1,20,20,'2016-03-24 11:53:46','2016-03-24 11:53:46','183.5.125.234',0,NULL,NULL,NULL,NULL,'',NULL,NULL,NULL,0,1,0.00,'',0,0,'','',1,1,1,'2016-03-24 11:53:46'),
	(10,'huohuosh','4297f44b13955235245b2497399d7a93',1,20,20,'2016-03-25 08:43:34','2016-03-25 08:43:34','116.236.188.179',0,NULL,NULL,NULL,NULL,'',NULL,NULL,NULL,0,1,0.00,'',0,0,'','',1,1,1,'2016-03-25 08:43:34'),
	(11,'flyer51','fe80269b5c4c52c6c32af8c731605cf8',1,20,20,'2016-04-05 15:20:37','2016-04-05 15:20:37','117.114.147.182',0,NULL,NULL,NULL,NULL,'',NULL,NULL,NULL,0,1,0.00,'',0,0,'','',1,1,1,'2016-04-05 15:20:37'),
	(12,'flyer5151','fe80269b5c4c52c6c32af8c731605cf8',1,20,20,'2016-04-05 15:37:31','2016-04-05 15:37:31','117.114.147.182',0,NULL,NULL,NULL,NULL,'',NULL,NULL,NULL,0,2,0.00,'',0,0,'','',1,1,1,'2016-04-05 15:37:31'),
	(13,'ddddf','980ac217c6b51e7dc41040bec1edfec8',1,20,20,'2016-04-08 22:23:36','2016-04-08 22:23:36','114.244.68.210',0,NULL,NULL,NULL,NULL,'',NULL,NULL,NULL,0,2,0.00,'',0,0,'','',1,1,1,'2016-04-08 22:23:36'),
	(14,'Johnson','a152e841783914146e4bcd4f39100686',1,20,20,'2016-04-08 22:29:51','2016-04-08 22:29:51','114.243.160.64',0,NULL,NULL,NULL,NULL,'',NULL,NULL,NULL,0,2,0.00,'',0,0,'','',1,1,1,'2016-04-08 22:29:51'),
	(15,'18519598451','fe80269b5c4c52c6c32af8c731605cf8',1,30,30,'2016-04-12 16:59:36','2016-04-13 12:04:56','114.111.167.205',7,NULL,NULL,NULL,NULL,'',NULL,NULL,NULL,0,1,0.00,'',0,0,'','',1,1,1,'2016-04-13 12:04:56'),
	(16,'caisunny','3f51194612da1013d70936cb15f82d5d',1,81,81,'2016-04-12 17:38:11','2016-04-12 18:43:13','61.149.179.190',1,NULL,NULL,NULL,NULL,'',NULL,NULL,NULL,0,1,0.00,'',0,0,'','',1,1,1,'2016-04-12 18:43:13'),
	(17,'cy51','fe80269b5c4c52c6c32af8c731605cf8',1,30,30,'2016-04-13 12:05:34','2016-04-14 10:26:48','123.118.151.98',5,NULL,NULL,NULL,NULL,'',NULL,NULL,NULL,0,2,0.00,'',0,0,'','',1,1,1,'2016-04-14 10:26:48'),
	(18,'cy5151','fe80269b5c4c52c6c32af8c731605cf8',1,20,20,'2016-04-13 13:52:41','2016-04-13 13:52:41','114.253.71.209',0,NULL,NULL,NULL,NULL,'',NULL,NULL,NULL,0,2,0.00,'',0,0,'','',1,1,1,'2016-04-13 13:52:41'),
	(19,'admin','0192023a7bbd73250516f069df18b500',1,25,25,'2016-04-18 11:52:23','2016-04-18 12:42:11','220.248.17.218',1,NULL,NULL,NULL,NULL,'',NULL,NULL,NULL,0,1,0.00,'',0,0,'','',1,1,1,'2016-04-18 12:42:11'),
	(20,'sdsdsd','96e79218965eb72c92a549dd5a330112',1,20,20,'2016-04-20 10:10:15','2016-04-20 10:10:15','101.231.165.18',0,NULL,NULL,NULL,NULL,'',NULL,NULL,NULL,0,1,0.00,'',0,0,'','',1,1,1,'2016-04-20 10:10:15'),
	(21,'123123','4297f44b13955235245b2497399d7a93',1,20,20,'2016-04-29 11:35:25','2016-04-29 11:35:25','222.211.138.181',0,NULL,NULL,NULL,NULL,'',NULL,NULL,NULL,0,1,0.00,'',0,0,'','',1,1,1,'2016-04-29 11:35:25'),
	(22,'13810253067','e10adc3949ba59abbe56e057f20f883e',1,20,20,'2016-05-01 11:48:18','2016-05-01 11:48:18','36.110.70.154',0,NULL,NULL,NULL,NULL,'',NULL,NULL,NULL,0,2,0.00,'',0,0,'','',1,1,1,'2016-05-01 11:48:18'),
	(23,'liu','332a0eb2bf3c6ce2c13b81384888faf8',1,40,40,'2016-05-02 11:12:48','2016-05-06 18:01:51','111.194.202.37',7,NULL,NULL,NULL,NULL,'',NULL,NULL,NULL,0,1,0.00,'',0,0,'','',1,1,1,'2016-05-06 18:01:51'),
	(24,'13909876655','a0d03b81cc387f88faa2f3fa8af80fbc',1,20,20,'2016-05-02 20:08:53','2016-05-02 20:08:53','123.244.187.109',0,NULL,NULL,NULL,NULL,'',NULL,NULL,NULL,0,1,0.00,'',0,0,'','',1,1,1,'2016-05-02 20:08:53'),
	(25,'ddyzhang','e10adc3949ba59abbe56e057f20f883e',1,20,20,'2016-05-03 14:59:38','2016-05-03 14:59:38','36.110.70.154',0,NULL,NULL,NULL,NULL,'',NULL,NULL,NULL,0,1,0.00,'',0,0,'','',1,1,1,'2016-05-03 14:59:38'),
	(26,'caisunny11','96dd827392f897d62ee84be6563a86c5',1,78,78,'2016-05-03 16:28:17','2016-05-03 16:32:07','106.38.34.114',1,NULL,NULL,NULL,NULL,'',NULL,NULL,NULL,0,2,0.00,'',0,0,'','',1,1,1,'2016-05-03 16:32:43'),
	(27,'qwe123','4297f44b13955235245b2497399d7a93',1,20,20,'2016-05-03 16:48:21','2016-05-03 16:48:21','111.194.202.37',0,NULL,NULL,NULL,NULL,'',NULL,NULL,NULL,0,1,0.00,'',0,0,'','',1,1,1,'2016-05-03 16:48:21'),
	(28,'cj901921','72b8630f31b1141d469d8ce934da730d',1,25,25,'2016-05-05 13:48:12','2016-05-05 17:29:26','116.228.89.28',2,NULL,NULL,NULL,NULL,'',NULL,NULL,NULL,0,2,0.00,'',0,0,'','',1,1,1,'2016-05-05 17:29:26'),
	(29,'mikosan','f9d40cf637b822f3ce350dc614d2452b',1,20,20,'2016-05-06 09:57:37','2016-05-06 09:57:37','112.65.160.54',0,NULL,NULL,NULL,NULL,'',NULL,NULL,NULL,0,2,0.00,'',0,0,'','',1,1,1,'2016-05-07 10:04:24'),
	(30,'zhangwh','e10adc3949ba59abbe56e057f20f883e',1,20,20,'2016-05-08 13:50:34','2016-05-08 13:50:34','112.65.160.54',0,NULL,NULL,NULL,NULL,'',NULL,NULL,NULL,0,1,0.00,'',0,0,'','',1,1,1,'2016-05-08 13:50:34'),
	(31,'test','e10adc3949ba59abbe56e057f20f883e',1,25,25,'2016-05-09 10:42:55','2016-05-09 14:25:52','115.60.19.151',2,NULL,NULL,NULL,NULL,'',NULL,NULL,NULL,0,1,0.00,'',0,0,'','',1,1,1,'2016-05-09 14:25:52'),
	(32,'13065101898','c8333eb4e7cdf9242c535f7dbc6d0300',1,20,20,'2016-05-09 21:22:34','2016-05-09 21:22:34','182.101.58.203',0,NULL,NULL,NULL,NULL,'',NULL,NULL,NULL,0,1,0.00,'',0,0,'','',1,1,1,'2016-05-10 20:39:16'),
	(33,'郝家兴','a54b41cf38c587b070a87b24f3eb7dbe',1,20,20,'2016-05-11 11:09:53','2016-05-11 11:09:53','43.226.121.11',0,NULL,NULL,NULL,NULL,'',NULL,NULL,NULL,0,2,0.00,'',0,0,'','',1,1,1,'2016-05-11 11:09:53'),
	(34,'zhaobohao','1c63129ae9db9c60c3e8aa94d3e00495',1,25,25,'2016-05-12 09:58:40','2016-05-12 16:38:12','112.65.160.54',1,NULL,NULL,NULL,NULL,'',NULL,NULL,NULL,0,1,0.00,'',0,0,'','',1,1,1,'2016-05-12 16:38:12'),
	(35,'lisisi','e10adc3949ba59abbe56e057f20f883e',1,20,20,'2016-05-12 15:39:42','2016-05-12 15:39:42','111.37.18.205',0,NULL,NULL,NULL,NULL,'',NULL,NULL,NULL,0,1,0.00,'',0,0,'','',1,1,1,'2016-05-12 15:39:42');

/*!40000 ALTER TABLE `member` ENABLE KEYS */;
UNLOCK TABLES;


# Dump of table member_address
# ------------------------------------------------------------

DROP TABLE IF EXISTS `member_address`;

CREATE TABLE `member_address` (
  `id` int(11) NOT NULL AUTO_INCREMENT,
  `member_id` int(11) NOT NULL,
  `member_name` varchar(50) NOT NULL COMMENT '收货人',
  `province_id` int(11) NOT NULL COMMENT '省ID',
  `city_id` int(11) NOT NULL COMMENT '市ID',
  `area_id` int(11) NOT NULL COMMENT '地区ID',
  `add_all` varchar(255) NOT NULL DEFAULT '' COMMENT '省市区组合',
  `address_info` varchar(255) NOT NULL DEFAULT '' COMMENT '详细地址',
  `mobile` varchar(50) DEFAULT NULL COMMENT '手机',
  `phone` varchar(50) DEFAULT NULL COMMENT '电话',
  `email` varchar(255) DEFAULT NULL COMMENT '邮箱',
  `zip_code` varchar(20) DEFAULT NULL COMMENT '邮编',
  `state` tinyint(4) NOT NULL COMMENT '1、默认；2、不是默认',
  `create_time` datetime NOT NULL,
  `update_time` datetime DEFAULT NULL,
  PRIMARY KEY (`id`)
) ENGINE=InnoDB DEFAULT CHARSET=utf8 COMMENT='收货地址';

LOCK TABLES `member_address` WRITE;
/*!40000 ALTER TABLE `member_address` DISABLE KEYS */;

INSERT INTO `member_address` (`id`, `member_id`, `member_name`, `province_id`, `city_id`, `area_id`, `add_all`, `address_info`, `mobile`, `phone`, `email`, `zip_code`, `state`, `create_time`, `update_time`)
VALUES
	(1,1,'陈',2,716,937,'北京北京昌平区','沙河','13800138000',NULL,'','',2,'2016-03-07 17:54:29',NULL),
	(2,3,'sda',2,716,939,'北京北京崇文区','sad','13040699999',NULL,'','',2,'2016-03-08 15:51:49',NULL),
	(3,2,'王朋',2,716,937,'北京北京昌平区','青年创业大厦6层','18612670879',NULL,'','',2,'2016-03-08 17:24:10',NULL),
	(4,4,'于立兴',2,716,937,'北京北京昌平区','low 宴维宴维旅途','15801173305','','','',2,'2016-03-10 09:31:36',NULL),
	(5,5,'订单',2,716,938,'北京北京朝阳区','素素','15802135259',NULL,'','',2,'2016-03-15 14:27:05',NULL),
	(6,6,'王儒超',2,716,938,'北京北京朝阳区','2501','13712345678',NULL,'','',2,'2016-03-22 09:45:59',NULL),
	(7,16,'蔡鑫鑫',2,716,952,'北京北京西城区','北京市西城区西环广场 T1-22层 ','18515222163',NULL,'caisunny22@163.com','100032',2,'2016-04-12 17:40:39',NULL),
	(8,19,'张三',2,716,941,'北京北京东城区','新华路58号','13685957895',NULL,'','',2,'2016-04-18 11:53:30',NULL),
	(9,23,'12',2,716,941,'北京北京东城区','12312','13583501316',NULL,'','',2,'2016-05-02 13:23:14',NULL),
	(10,26,'蔡鑫鑫',2,716,938,'北京北京朝阳区','高和蓝峰','18515222163','','','100011',2,'2016-05-03 16:29:53',NULL),
	(11,28,'赵守义',10,718,2605,'上海上海浦东新区','张江镇','18667027576',NULL,'','',2,'2016-05-05 13:56:49',NULL),
	(12,29,'宋畅',10,718,2609,'上海上海徐汇区','阿斯顿法国红酒快乐','13500000000','','','200000',2,'2016-05-06 09:58:54',NULL),
	(13,1,'dd',2,716,937,'北京北京昌平区','ddd','13800138000',NULL,'','',2,'2016-05-12 14:36:32',NULL),
	(14,35,'dsf',6,65,1132,'内蒙古赤峰红山区','dsfds','13222222222',NULL,'','',2,'2016-05-12 15:40:16',NULL);

/*!40000 ALTER TABLE `member_address` ENABLE KEYS */;
UNLOCK TABLES;


# Dump of table member_apply_drawing
# ------------------------------------------------------------

DROP TABLE IF EXISTS `member_apply_drawing`;

CREATE TABLE `member_apply_drawing` (
  `id` int(11) NOT NULL AUTO_INCREMENT,
  `member_id` int(11) NOT NULL COMMENT '会员ID',
  `member_name` varchar(50) NOT NULL COMMENT '会员名称',
  `code` varchar(50) NOT NULL DEFAULT '' COMMENT '提现编号',
  `money` decimal(10,2) NOT NULL COMMENT '提现金额',
  `create_time` datetime NOT NULL COMMENT '申请时间',
  `auditing_time` datetime DEFAULT NULL COMMENT '审核时间',
  `handle_time` datetime DEFAULT NULL COMMENT '处理时间',
  `bank` varchar(50) DEFAULT NULL COMMENT '收款银行',
  `bank_code` varchar(255) DEFAULT NULL COMMENT '收款账号',
  `state` tinyint(4) DEFAULT NULL COMMENT '1、提交申请；2、申请通过；3、已打款；4、处理失败',
  `fail_reason` varchar(255) DEFAULT NULL COMMENT '失败原因',
  `opt_id` int(11) DEFAULT NULL COMMENT '处理人ID',
  `opt_name` varchar(50) DEFAULT NULL COMMENT '处理人名称',
  PRIMARY KEY (`id`)
) ENGINE=InnoDB DEFAULT CHARSET=utf8 COMMENT='会员提款申请';



# Dump of table member_balance_logs
# ------------------------------------------------------------

DROP TABLE IF EXISTS `member_balance_logs`;

CREATE TABLE `member_balance_logs` (
  `id` int(11) NOT NULL AUTO_INCREMENT,
  `member_id` int(11) NOT NULL COMMENT '会员ID',
  `member_name` varchar(50) NOT NULL COMMENT '会员名称',
  `money_before` decimal(10,2) NOT NULL COMMENT '变化之前的余额',
  `money_after` decimal(10,2) NOT NULL COMMENT '变化之后的余额',
  `money` decimal(10,2) NOT NULL COMMENT '变化金额',
  `create_time` datetime NOT NULL COMMENT '创建时间',
  `state` tinyint(4) NOT NULL COMMENT '1、充值；2、退款；3、消费；4、提款；5、系统添加；6、系统减少',
  `remark` varchar(255) NOT NULL COMMENT '操作备注',
  `opt_id` int(11) NOT NULL COMMENT '操作人ID',
  `opt_name` varchar(50) NOT NULL COMMENT '操作人名称',
  PRIMARY KEY (`id`)
) ENGINE=InnoDB DEFAULT CHARSET=utf8 COMMENT='会员账户余额变化日志表';

LOCK TABLES `member_balance_logs` WRITE;
/*!40000 ALTER TABLE `member_balance_logs` DISABLE KEYS */;

INSERT INTO `member_balance_logs` (`id`, `member_id`, `member_name`, `money_before`, `money_after`, `money`, `create_time`, `state`, `remark`, `opt_id`, `opt_name`)
VALUES
	(1,2,'wangpeng',0.00,100.00,100.00,'2016-04-09 11:39:27',5,'送钱了',1,'admin'),
	(2,1,'ejavashop',0.00,300.00,300.00,'2016-04-25 15:55:52',2,'订单16042515502028813退货退款',2,'ejavashop'),
	(3,1,'ejavashop',300.00,100.00,-200.00,'2016-04-26 10:32:48',6,'test',1,'admin'),
	(4,1,'ejavashop',100.00,0.00,100.00,'2016-04-26 10:36:21',3,'消费，订单号16042610342988194',1,'ejavashop'),
	(5,1,'ejavashop',0.00,280.00,280.00,'2016-04-26 11:01:47',2,'订单16042610342988194退货退款',1,'admin'),
	(6,32,'13065101898',0.00,12.00,12.00,'2016-05-10 20:37:08',5,'',1,'admin'),
	(7,32,'13065101898',12.00,0.00,-12.00,'2016-05-10 20:39:16',6,'',1,'admin'),
	(8,1,'ejavashop',280.00,181.00,99.00,'2016-05-18 00:46:33',3,'消费，订单号16051800463320247',1,'ejavashop'),
	(9,1,'ejavashop',181.00,82.00,99.00,'2016-05-18 00:47:06',3,'消费，订单号16051800470615530',1,'ejavashop'),
	(10,1,'ejavashop',82.00,1082.00,1000.00,'2016-05-18 00:52:42',5,'test',2,'ejavashop'),
	(11,1,'ejavashop',1082.00,983.00,99.00,'2016-05-18 00:53:06',3,'消费，订单号16051800530693635',1,'ejavashop');

/*!40000 ALTER TABLE `member_balance_logs` ENABLE KEYS */;
UNLOCK TABLES;


# Dump of table member_collection_product
# ------------------------------------------------------------

DROP TABLE IF EXISTS `member_collection_product`;

CREATE TABLE `member_collection_product` (
  `id` int(11) NOT NULL AUTO_INCREMENT,
  `member_id` int(11) NOT NULL COMMENT '用户ID',
  `product_id` int(11) NOT NULL COMMENT '商品ID',
  `create_time` datetime NOT NULL COMMENT '收藏时间',
  `update_time` datetime DEFAULT NULL COMMENT '删除时间',
  `state` tinyint(4) NOT NULL COMMENT '1、正常显示；2、删除',
  PRIMARY KEY (`id`)
) ENGINE=InnoDB DEFAULT CHARSET=utf8 COMMENT='会员收藏商品表';

LOCK TABLES `member_collection_product` WRITE;
/*!40000 ALTER TABLE `member_collection_product` DISABLE KEYS */;

INSERT INTO `member_collection_product` (`id`, `member_id`, `product_id`, `create_time`, `update_time`, `state`)
VALUES
	(1,1,1,'2016-03-05 12:31:28',NULL,1),
	(2,4,15,'2016-03-10 09:34:06',NULL,1);

/*!40000 ALTER TABLE `member_collection_product` ENABLE KEYS */;
UNLOCK TABLES;


# Dump of table member_collection_seller
# ------------------------------------------------------------

DROP TABLE IF EXISTS `member_collection_seller`;

CREATE TABLE `member_collection_seller` (
  `id` int(11) NOT NULL AUTO_INCREMENT,
  `member_id` int(11) NOT NULL COMMENT '会员ID',
  `seller_id` int(11) NOT NULL COMMENT '商铺ID',
  `create_time` datetime NOT NULL COMMENT '收藏时间',
  `update_time` datetime DEFAULT NULL COMMENT '删除时间',
  `state` tinyint(4) NOT NULL COMMENT '1、显示；2、删除',
  PRIMARY KEY (`id`)
) ENGINE=InnoDB DEFAULT CHARSET=utf8 COMMENT='会员收藏商铺表';

LOCK TABLES `member_collection_seller` WRITE;
/*!40000 ALTER TABLE `member_collection_seller` DISABLE KEYS */;

INSERT INTO `member_collection_seller` (`id`, `member_id`, `seller_id`, `create_time`, `update_time`, `state`)
VALUES
	(1,1,1,'2016-03-05 12:31:40','2016-03-05 12:31:40',1);

/*!40000 ALTER TABLE `member_collection_seller` ENABLE KEYS */;
UNLOCK TABLES;


# Dump of table member_grade_config
# ------------------------------------------------------------

DROP TABLE IF EXISTS `member_grade_config`;

CREATE TABLE `member_grade_config` (
  `id` int(11) NOT NULL AUTO_INCREMENT,
  `grade1` int(11) NOT NULL COMMENT '注册会员经验值',
  `grade2` int(11) NOT NULL COMMENT '铜牌会员经验值',
  `grade3` int(11) NOT NULL COMMENT '银牌会员经验值',
  `grade4` int(11) NOT NULL COMMENT '金牌会员经验值',
  `grade5` int(11) NOT NULL COMMENT '钻石会员经验值',
  PRIMARY KEY (`id`)
) ENGINE=InnoDB DEFAULT CHARSET=utf8 COMMENT='会员等级配置表';

LOCK TABLES `member_grade_config` WRITE;
/*!40000 ALTER TABLE `member_grade_config` DISABLE KEYS */;

INSERT INTO `member_grade_config` (`id`, `grade1`, `grade2`, `grade3`, `grade4`, `grade5`)
VALUES
	(1,0,200,500,7500,1200000);

/*!40000 ALTER TABLE `member_grade_config` ENABLE KEYS */;
UNLOCK TABLES;


# Dump of table member_grade_integral_logs
# ------------------------------------------------------------

DROP TABLE IF EXISTS `member_grade_integral_logs`;

CREATE TABLE `member_grade_integral_logs` (
  `id` int(11) NOT NULL AUTO_INCREMENT,
  `member_id` int(11) NOT NULL COMMENT '会员ID',
  `member_name` varchar(50) NOT NULL COMMENT '会员名称',
  `value` int(11) NOT NULL DEFAULT '0' COMMENT '经验值或积分',
  `create_time` datetime NOT NULL COMMENT '创建时间',
  `opt_type` tinyint(4) NOT NULL COMMENT '具体操作1、会员注册；2、会员登录；3、商品购买；4、商品评论；5、系统添加；6、系统减少',
  `opt_des` varchar(255) NOT NULL COMMENT '操作描述，订单记录订单号，商品评论记录商品ID',
  `type` tinyint(4) NOT NULL COMMENT '1、经验值；2、积分',
  PRIMARY KEY (`id`)
) ENGINE=InnoDB DEFAULT CHARSET=utf8 COMMENT='会员经验积分日志表';

LOCK TABLES `member_grade_integral_logs` WRITE;
/*!40000 ALTER TABLE `member_grade_integral_logs` DISABLE KEYS */;

INSERT INTO `member_grade_integral_logs` (`id`, `member_id`, `member_name`, `value`, `create_time`, `opt_type`, `opt_des`, `type`)
VALUES
	(1,2,'wpjava',20,'2016-03-02 19:58:14',1,'会员注册',1),
	(2,2,'wpjava',20,'2016-03-02 19:58:14',1,'会员注册',2),
	(3,2,'wpjava',5,'2016-03-02 20:14:31',2,'会员登录',1),
	(4,2,'wpjava',5,'2016-03-02 20:14:31',2,'会员登录',2),
	(5,1,'ejavashop',5,'2016-03-05 12:31:21',2,'会员登录',1),
	(6,1,'ejavashop',5,'2016-03-05 12:31:21',2,'会员登录',2),
	(7,2,'wangpeng',5,'2016-03-06 16:28:38',2,'会员登录',1),
	(8,2,'wangpeng',5,'2016-03-06 16:28:38',2,'会员登录',2),
	(9,1,'ejavashop',5,'2016-03-07 17:52:16',2,'会员登录',1),
	(10,1,'ejavashop',5,'2016-03-07 17:52:16',2,'会员登录',2),
	(11,3,'a111',20,'2016-03-08 15:51:23',1,'会员注册',1),
	(12,3,'a111',20,'2016-03-08 15:51:23',1,'会员注册',2),
	(13,2,'wangpeng',5,'2016-03-08 17:21:39',2,'会员登录',1),
	(14,2,'wangpeng',5,'2016-03-08 17:21:39',2,'会员登录',2),
	(15,2,'wangpeng',56,'2016-03-08 17:24:50',3,'订单16030817241433725送积分',1),
	(16,2,'wangpeng',56,'2016-03-08 17:24:50',3,'订单16030817241433725送积分',2),
	(17,2,'wangpeng',4,'2016-03-08 17:24:50',3,'订单16030817241433792送积分',1),
	(18,2,'wangpeng',4,'2016-03-08 17:24:50',3,'订单16030817241433792送积分',2),
	(19,2,'wangpeng',5,'2016-03-09 11:09:13',2,'会员登录',1),
	(20,2,'wangpeng',5,'2016-03-09 11:09:13',2,'会员登录',2),
	(21,4,'aaa',20,'2016-03-10 09:05:02',1,'会员注册',1),
	(22,4,'aaa',20,'2016-03-10 09:05:02',1,'会员注册',2),
	(23,4,'aaa',5,'2016-03-10 09:05:24',2,'会员登录',1),
	(24,4,'aaa',5,'2016-03-10 09:05:24',2,'会员登录',2),
	(25,2,'wangpeng',5,'2016-03-10 10:56:24',2,'会员登录',1),
	(26,2,'wangpeng',5,'2016-03-10 10:56:24',2,'会员登录',2),
	(27,1,'ejavashop',5,'2016-03-10 14:35:29',2,'会员登录',1),
	(28,1,'ejavashop',5,'2016-03-10 14:35:29',2,'会员登录',2),
	(29,2,'wangpeng',5,'2016-03-11 10:47:03',2,'会员登录',1),
	(30,2,'wangpeng',5,'2016-03-11 10:47:03',2,'会员登录',2),
	(31,1,'ejavashop',5,'2016-03-12 10:27:32',2,'会员登录',1),
	(32,1,'ejavashop',5,'2016-03-12 10:27:33',2,'会员登录',2),
	(33,5,'annyhuang',20,'2016-03-15 14:01:50',1,'会员注册',1),
	(34,5,'annyhuang',20,'2016-03-15 14:01:50',1,'会员注册',2),
	(35,2,'wangpeng',5,'2016-03-17 17:33:20',2,'会员登录',1),
	(36,2,'wangpeng',5,'2016-03-17 17:33:20',2,'会员登录',2),
	(37,2,'wangpeng',5,'2016-03-18 10:21:41',2,'会员登录',1),
	(38,2,'wangpeng',5,'2016-03-18 10:21:41',2,'会员登录',2),
	(39,6,'wangruchao',20,'2016-03-22 09:44:12',1,'会员注册',1),
	(40,6,'wangruchao',20,'2016-03-22 09:44:12',1,'会员注册',2),
	(41,2,'wangpeng',5,'2016-03-22 13:00:37',2,'会员登录',1),
	(42,2,'wangpeng',5,'2016-03-22 13:00:37',2,'会员登录',2),
	(43,7,'skydan',20,'2016-03-22 20:16:31',1,'会员注册',1),
	(44,7,'skydan',20,'2016-03-22 20:16:31',1,'会员注册',2),
	(45,7,'skydan',5,'2016-03-22 20:18:44',2,'会员登录',1),
	(46,7,'skydan',5,'2016-03-22 20:18:44',2,'会员登录',2),
	(47,1,'ejavashop',5,'2016-03-22 21:14:01',2,'会员登录',1),
	(48,1,'ejavashop',5,'2016-03-22 21:14:01',2,'会员登录',2),
	(49,8,'dzwz',20,'2016-03-23 10:38:09',1,'会员注册',1),
	(50,8,'dzwz',20,'2016-03-23 10:38:09',1,'会员注册',2),
	(51,8,'dzwz',5,'2016-03-23 10:39:12',2,'会员登录',1),
	(52,8,'dzwz',5,'2016-03-23 10:39:12',2,'会员登录',2),
	(53,9,'aaaassssdddd',20,'2016-03-24 11:53:46',1,'会员注册',1),
	(54,9,'aaaassssdddd',20,'2016-03-24 11:53:46',1,'会员注册',2),
	(55,1,'ejavashop',5,'2016-03-24 20:27:16',2,'会员登录',1),
	(56,1,'ejavashop',5,'2016-03-24 20:27:16',2,'会员登录',2),
	(57,10,'huohuosh',20,'2016-03-25 08:43:34',1,'会员注册',1),
	(58,10,'huohuosh',20,'2016-03-25 08:43:34',1,'会员注册',2),
	(59,1,'ejavashop',5,'2016-03-31 11:57:35',2,'会员登录',1),
	(60,1,'ejavashop',5,'2016-03-31 11:57:35',2,'会员登录',2),
	(61,11,'flyer51',20,'2016-04-05 15:20:37',1,'会员注册',1),
	(62,11,'flyer51',20,'2016-04-05 15:20:37',1,'会员注册',2),
	(63,12,'flyer5151',20,'2016-04-05 15:37:31',1,'会员注册',1),
	(64,12,'flyer5151',20,'2016-04-05 15:37:31',1,'会员注册',2),
	(65,13,'ddddf',20,'2016-04-08 22:23:36',1,'会员注册',1),
	(66,13,'ddddf',20,'2016-04-08 22:23:36',1,'会员注册',2),
	(67,14,'Johnson',20,'2016-04-08 22:29:51',1,'会员注册',1),
	(68,14,'Johnson',20,'2016-04-08 22:29:51',1,'会员注册',2),
	(69,1,'ejavashop',5,'2016-04-11 10:54:27',2,'会员登录',1),
	(70,1,'ejavashop',5,'2016-04-11 10:54:27',2,'会员登录',2),
	(71,15,'18519598451',20,'2016-04-12 16:59:36',1,'会员注册',1),
	(72,15,'18519598451',20,'2016-04-12 16:59:36',1,'会员注册',2),
	(73,16,'caisunny',20,'2016-04-12 17:38:11',1,'会员注册',1),
	(74,16,'caisunny',20,'2016-04-12 17:38:11',1,'会员注册',2),
	(75,16,'caisunny',56,'2016-04-12 17:41:52',3,'订单16041217404958239送积分',1),
	(76,16,'caisunny',56,'2016-04-12 17:41:52',3,'订单16041217404958239送积分',2),
	(77,15,'18519598451',5,'2016-04-12 17:49:30',2,'会员登录',1),
	(78,15,'18519598451',5,'2016-04-12 17:49:30',2,'会员登录',2),
	(79,16,'caisunny',5,'2016-04-12 18:43:13',2,'会员登录',1),
	(80,16,'caisunny',5,'2016-04-12 18:43:13',2,'会员登录',2),
	(81,15,'18519598451',5,'2016-04-13 12:04:08',2,'会员登录',1),
	(82,15,'18519598451',5,'2016-04-13 12:04:08',2,'会员登录',2),
	(83,17,'cy51',20,'2016-04-13 12:05:34',1,'会员注册',1),
	(84,17,'cy51',20,'2016-04-13 12:05:34',1,'会员注册',2),
	(85,17,'cy51',5,'2016-04-13 12:41:42',2,'会员登录',1),
	(86,17,'cy51',5,'2016-04-13 12:41:42',2,'会员登录',2),
	(87,1,'ejavashop',5,'2016-04-13 13:49:57',2,'会员登录',1),
	(88,1,'ejavashop',5,'2016-04-13 13:49:57',2,'会员登录',2),
	(89,18,'cy5151',20,'2016-04-13 13:52:41',1,'会员注册',1),
	(90,18,'cy5151',20,'2016-04-13 13:52:41',1,'会员注册',2),
	(91,17,'cy51',5,'2016-04-14 09:17:40',2,'会员登录',1),
	(92,17,'cy51',5,'2016-04-14 09:17:40',2,'会员登录',2),
	(93,2,'wangpeng',5,'2016-04-16 12:48:40',2,'会员登录',1),
	(94,2,'wangpeng',5,'2016-04-16 12:48:40',2,'会员登录',2),
	(95,19,'admin',20,'2016-04-18 11:52:23',1,'会员注册',1),
	(96,19,'admin',20,'2016-04-18 11:52:23',1,'会员注册',2),
	(97,19,'admin',5,'2016-04-18 12:42:11',2,'会员登录',1),
	(98,19,'admin',5,'2016-04-18 12:42:11',2,'会员登录',2),
	(99,20,'sdsdsd',20,'2016-04-20 10:10:15',1,'会员注册',1),
	(100,20,'sdsdsd',20,'2016-04-20 10:10:15',1,'会员注册',2),
	(101,1,'ejavashop',5,'2016-04-21 11:33:46',2,'会员登录',1),
	(102,1,'ejavashop',5,'2016-04-21 11:33:46',2,'会员登录',2),
	(103,1,'ejavashop',5,'2016-04-23 09:36:40',2,'会员登录',1),
	(104,1,'ejavashop',5,'2016-04-23 09:36:40',2,'会员登录',2),
	(105,1,'ejavashop',5,'2016-04-25 15:50:08',2,'会员登录',1),
	(106,1,'ejavashop',5,'2016-04-25 15:50:08',2,'会员登录',2),
	(107,1,'ejavashop',3,'2016-04-25 15:50:55',3,'订单16042515502028813送积分',1),
	(108,1,'ejavashop',3,'2016-04-25 15:50:55',3,'订单16042515502028813送积分',2),
	(109,1,'ejavashop',5,'2016-04-26 10:21:28',2,'会员登录',1),
	(110,1,'ejavashop',5,'2016-04-26 10:21:28',2,'会员登录',2),
	(111,1,'ejavashop',1,'2016-04-26 10:24:43',3,'订单16042610214072550送积分',1),
	(112,1,'ejavashop',1,'2016-04-26 10:24:43',3,'订单16042610214072550送积分',2),
	(113,1,'ejavashop',30,'2016-04-26 10:34:29',3,'订单16042610342988194,消费积分',2),
	(114,1,'ejavashop',2,'2016-04-26 10:36:21',3,'订单16042610342988194送积分',1),
	(115,1,'ejavashop',2,'2016-04-26 10:36:21',3,'订单16042610342988194送积分',2),
	(116,1,'ejavashop',5,'2016-04-27 10:22:46',2,'会员登录',1),
	(117,1,'ejavashop',5,'2016-04-27 10:22:46',2,'会员登录',2),
	(118,21,'123123',20,'2016-04-29 11:35:25',1,'会员注册',1),
	(119,21,'123123',20,'2016-04-29 11:35:25',1,'会员注册',2),
	(120,22,'13810253067',20,'2016-05-01 11:48:18',1,'会员注册',1),
	(121,22,'13810253067',20,'2016-05-01 11:48:18',1,'会员注册',2),
	(122,23,'liu',20,'2016-05-02 11:12:48',1,'会员注册',1),
	(123,23,'liu',20,'2016-05-02 11:12:48',1,'会员注册',2),
	(124,23,'liu',5,'2016-05-02 13:11:53',2,'会员登录',1),
	(125,23,'liu',5,'2016-05-02 13:11:53',2,'会员登录',2),
	(126,24,'13909876655',20,'2016-05-02 20:08:53',1,'会员注册',1),
	(127,24,'13909876655',20,'2016-05-02 20:08:53',1,'会员注册',2),
	(128,25,'ddyzhang',20,'2016-05-03 14:59:38',1,'会员注册',1),
	(129,25,'ddyzhang',20,'2016-05-03 14:59:38',1,'会员注册',2),
	(130,26,'caisunny11',20,'2016-05-03 16:28:17',1,'会员注册',1),
	(131,26,'caisunny11',20,'2016-05-03 16:28:17',1,'会员注册',2),
	(132,26,'caisunny11',5,'2016-05-03 16:32:07',2,'会员登录',1),
	(133,26,'caisunny11',5,'2016-05-03 16:32:07',2,'会员登录',2),
	(134,26,'caisunny11',53,'2016-05-03 16:32:43',3,'订单16050316295855337送积分',1),
	(135,26,'caisunny11',53,'2016-05-03 16:32:43',3,'订单16050316295855337送积分',2),
	(136,27,'qwe123',20,'2016-05-03 16:48:21',1,'会员注册',1),
	(137,27,'qwe123',20,'2016-05-03 16:48:21',1,'会员注册',2),
	(138,23,'liu',5,'2016-05-03 17:26:00',2,'会员登录',1),
	(139,23,'liu',5,'2016-05-03 17:26:00',2,'会员登录',2),
	(140,1,'ejavashop',5,'2016-05-05 09:53:19',2,'会员登录',1),
	(141,1,'ejavashop',5,'2016-05-05 09:53:19',2,'会员登录',2),
	(142,23,'liu',5,'2016-05-05 11:29:28',2,'会员登录',1),
	(143,23,'liu',5,'2016-05-05 11:29:28',2,'会员登录',2),
	(144,28,'cj901921',20,'2016-05-05 13:48:12',1,'会员注册',1),
	(145,28,'cj901921',20,'2016-05-05 13:48:12',1,'会员注册',2),
	(146,28,'cj901921',5,'2016-05-05 13:52:07',2,'会员登录',1),
	(147,28,'cj901921',5,'2016-05-05 13:52:07',2,'会员登录',2),
	(148,23,'liu',5,'2016-05-06 05:34:15',2,'会员登录',1),
	(149,23,'liu',5,'2016-05-06 05:34:15',2,'会员登录',2),
	(150,29,'mikosan',20,'2016-05-06 09:57:37',1,'会员注册',1),
	(151,29,'mikosan',20,'2016-05-06 09:57:37',1,'会员注册',2),
	(152,29,'mikosan',20,'2016-05-06 09:59:20',3,'订单16050609592053825,消费积分',2),
	(153,1,'ejavashop',5,'2016-05-06 10:15:25',2,'会员登录',1),
	(154,1,'ejavashop',5,'2016-05-06 10:15:25',2,'会员登录',2),
	(155,1,'ejavashop',50,'2016-05-06 10:57:58',3,'订单16050610575881937,16050610575881985,消费积分',2),
	(156,29,'mikosan',20,'2016-05-07 10:04:24',5,'取消订单16050609592053825返还积分',2),
	(157,1,'ejavashop',40,'2016-05-07 11:04:24',5,'取消订单16050610575881937返还积分',2),
	(158,1,'ejavashop',10,'2016-05-07 11:04:24',5,'取消订单16050610575881985返还积分',2),
	(159,30,'zhangwh',20,'2016-05-08 13:50:34',1,'会员注册',1),
	(160,30,'zhangwh',20,'2016-05-08 13:50:34',1,'会员注册',2),
	(161,31,'test',20,'2016-05-09 10:42:55',1,'会员注册',1),
	(162,31,'test',20,'2016-05-09 10:42:55',1,'会员注册',2),
	(163,31,'test',5,'2016-05-09 14:25:17',2,'会员登录',1),
	(164,31,'test',5,'2016-05-09 14:25:17',2,'会员登录',2),
	(165,32,'13065101898',20,'2016-05-09 21:22:34',1,'会员注册',1),
	(166,32,'13065101898',20,'2016-05-09 21:22:34',1,'会员注册',2),
	(167,2,'wangpeng',5,'2016-05-10 16:30:50',2,'会员登录',1),
	(168,2,'wangpeng',5,'2016-05-10 16:30:50',2,'会员登录',2),
	(169,1,'ejavashop',5,'2016-05-10 16:31:10',2,'会员登录',1),
	(170,1,'ejavashop',5,'2016-05-10 16:31:10',2,'会员登录',2),
	(171,33,'郝家兴',20,'2016-05-11 11:09:53',1,'会员注册',1),
	(172,33,'郝家兴',20,'2016-05-11 11:09:53',1,'会员注册',2),
	(173,2,'wangpeng',5,'2016-05-11 16:16:38',2,'会员登录',1),
	(174,2,'wangpeng',5,'2016-05-11 16:16:38',2,'会员登录',2),
	(175,34,'zhaobohao',20,'2016-05-12 09:58:40',1,'会员注册',1),
	(176,34,'zhaobohao',20,'2016-05-12 09:58:40',1,'会员注册',2),
	(177,1,'ejavashop',5,'2016-05-12 14:30:07',2,'会员登录',1),
	(178,1,'ejavashop',5,'2016-05-12 14:30:07',2,'会员登录',2),
	(179,35,'lisisi',20,'2016-05-12 15:39:42',1,'会员注册',1),
	(180,35,'lisisi',20,'2016-05-12 15:39:42',1,'会员注册',2),
	(181,34,'zhaobohao',5,'2016-05-12 16:38:12',2,'会员登录',1),
	(182,34,'zhaobohao',5,'2016-05-12 16:38:12',2,'会员登录',2),
	(183,1,'ejavashop',5,'2016-05-17 15:37:33',2,'会员登录',1),
	(184,1,'ejavashop',5,'2016-05-17 15:37:33',2,'会员登录',2),
	(185,1,'ejavashop',5,'2016-05-18 00:45:03',2,'会员登录',1),
	(186,1,'ejavashop',5,'2016-05-18 00:45:03',2,'会员登录',2),
	(187,2,'wangpeng',5,'2016-05-18 16:57:03',2,'会员登录',1),
	(188,2,'wangpeng',5,'2016-05-18 16:57:03',2,'会员登录',2);

/*!40000 ALTER TABLE `member_grade_integral_logs` ENABLE KEYS */;
UNLOCK TABLES;


# Dump of table member_grade_up_logs
# ------------------------------------------------------------

DROP TABLE IF EXISTS `member_grade_up_logs`;

CREATE TABLE `member_grade_up_logs` (
  `id` int(11) NOT NULL AUTO_INCREMENT,
  `member_id` int(11) NOT NULL COMMENT '会员ID',
  `member_name` varchar(50) NOT NULL COMMENT '会员名称',
  `before_exper` int(11) NOT NULL COMMENT '升级之前的经验值',
  `after_exper` int(11) NOT NULL COMMENT '升级之后的经验值',
  `before_grade` int(11) NOT NULL COMMENT '升级之前的等级',
  `after_grade` int(11) NOT NULL COMMENT '升级之后的等级',
  `create_time` datetime NOT NULL COMMENT '创建时间',
  PRIMARY KEY (`id`)
) ENGINE=InnoDB DEFAULT CHARSET=utf8 COMMENT='会员等级升级日志表';



# Dump of table member_login_logs
# ------------------------------------------------------------

DROP TABLE IF EXISTS `member_login_logs`;

CREATE TABLE `member_login_logs` (
  `id` int(11) NOT NULL AUTO_INCREMENT,
  `member_id` int(11) NOT NULL,
  `member_name` varchar(100) NOT NULL,
  `login_ip` varchar(50) NOT NULL COMMENT '登录IP',
  `create_time` datetime NOT NULL COMMENT '登录时间',
  `source` tinyint(3) NOT NULL COMMENT '会员来源1、pc；2、H5；3、Android；4、IOS ;5、微信商城',
  PRIMARY KEY (`id`)
) ENGINE=InnoDB DEFAULT CHARSET=utf8 COMMENT='会员登录日志';

LOCK TABLES `member_login_logs` WRITE;
/*!40000 ALTER TABLE `member_login_logs` DISABLE KEYS */;

INSERT INTO `member_login_logs` (`id`, `member_id`, `member_name`, `login_ip`, `create_time`, `source`)
VALUES
	(1,2,'wpjava','127.0.0.1','2016-03-02 20:14:31',1),
	(2,2,'wangpeng','127.0.0.1','2016-03-02 20:15:40',1),
	(3,1,'ejavashop','221.224.86.210','2016-03-05 12:31:21',1),
	(4,1,'ejavashop','221.224.86.210','2016-03-05 12:36:23',1),
	(5,2,'wangpeng','111.194.212.193','2016-03-06 16:28:38',1),
	(6,1,'ejavashop','111.194.212.193','2016-03-07 17:52:16',1),
	(7,2,'wangpeng','36.110.119.60','2016-03-08 17:21:39',1),
	(8,2,'wangpeng','114.252.214.83','2016-03-09 11:09:13',2),
	(9,4,'aaa','118.186.197.66','2016-03-10 09:05:24',2),
	(10,4,'aaa','118.186.197.66','2016-03-10 09:14:14',2),
	(11,2,'wangpeng','111.199.189.227','2016-03-10 10:56:24',1),
	(12,2,'wangpeng','127.0.0.1','2016-03-10 10:56:54',1),
	(13,2,'wangpeng','127.0.0.1','2016-03-10 11:26:18',1),
	(14,2,'wangpeng','127.0.0.1','2016-03-10 11:31:30',1),
	(15,2,'wangpeng','127.0.0.1','2016-03-10 11:42:15',1),
	(16,2,'wangpeng','127.0.0.1','2016-03-10 11:46:42',1),
	(17,2,'wangpeng','127.0.0.1','2016-03-10 11:51:14',1),
	(18,2,'wangpeng','127.0.0.1','2016-03-10 12:01:06',1),
	(19,1,'ejavashop','122.70.182.187','2016-03-10 14:35:29',1),
	(20,1,'ejavashop','122.70.182.187','2016-03-10 14:38:12',1),
	(21,1,'ejavashop','111.199.189.227','2016-03-10 16:04:35',2),
	(22,2,'wangpeng','127.0.0.1','2016-03-11 10:47:03',1),
	(23,1,'ejavashop','113.87.110.34','2016-03-12 10:27:32',1),
	(24,2,'wangpeng','124.193.95.17','2016-03-17 17:33:20',1),
	(25,2,'wangpeng','106.120.103.198','2016-03-18 10:21:41',1),
	(26,2,'wangpeng','124.193.95.17','2016-03-22 13:00:37',1),
	(27,7,'skydan','114.246.53.79','2016-03-22 20:18:44',1),
	(28,1,'ejavashop','182.48.110.11','2016-03-22 21:14:01',1),
	(29,8,'dzwz','222.133.5.181','2016-03-23 10:39:12',1),
	(30,1,'ejavashop','180.159.90.251','2016-03-24 20:27:16',2),
	(31,1,'ejavashop','118.26.192.203','2016-03-31 11:57:35',1),
	(32,1,'ejavashop','222.128.131.147','2016-04-11 10:54:27',2),
	(33,1,'ejavashop','222.128.131.147','2016-04-11 10:54:56',2),
	(34,1,'ejavashop','222.128.131.147','2016-04-11 10:55:20',2),
	(35,1,'ejavashop','222.128.131.147','2016-04-11 10:55:53',2),
	(36,1,'ejavashop','222.128.131.147','2016-04-11 10:56:23',2),
	(37,15,'18519598451','114.253.66.143','2016-04-12 17:49:29',1),
	(38,16,'caisunny','61.149.179.190','2016-04-12 18:43:13',1),
	(39,15,'18519598451','114.111.167.205','2016-04-13 12:04:08',2),
	(40,15,'18519598451','114.111.167.205','2016-04-13 12:04:12',2),
	(41,15,'18519598451','114.111.167.205','2016-04-13 12:04:25',2),
	(42,15,'18519598451','114.111.167.205','2016-04-13 12:04:29',2),
	(43,15,'18519598451','114.111.167.205','2016-04-13 12:04:39',2),
	(44,15,'18519598451','114.111.167.205','2016-04-13 12:04:56',2),
	(45,17,'cy51','114.253.71.209','2016-04-13 12:41:42',2),
	(46,1,'ejavashop','111.199.186.223','2016-04-13 13:49:57',1),
	(47,17,'cy51','114.253.71.209','2016-04-13 13:52:11',2),
	(48,17,'cy51','114.253.71.209','2016-04-13 13:52:29',2),
	(49,1,'ejavashop','111.199.186.223','2016-04-13 13:56:41',2),
	(50,1,'ejavashop','111.199.186.223','2016-04-13 13:58:47',2),
	(51,17,'cy51','123.118.151.98','2016-04-14 09:17:40',2),
	(52,17,'cy51','123.118.151.98','2016-04-14 10:26:48',2),
	(53,2,'wangpeng','106.38.152.53','2016-04-16 12:48:40',2),
	(54,19,'admin','220.248.17.218','2016-04-18 12:42:11',1),
	(55,1,'ejavashop','123.120.180.158','2016-04-21 11:33:46',1),
	(56,1,'ejavashop','218.85.87.38','2016-04-23 09:36:40',1),
	(57,1,'ejavashop','210.78.142.43','2016-04-23 14:51:06',1),
	(58,1,'ejavashop','111.194.212.175','2016-04-25 15:50:08',1),
	(59,1,'ejavashop','111.194.212.175','2016-04-26 10:21:28',1),
	(60,1,'ejavashop','111.194.212.175','2016-04-27 10:22:46',1),
	(61,23,'liu','112.65.160.54','2016-05-02 13:11:53',1),
	(62,23,'liu','116.231.30.207','2016-05-02 15:31:40',1),
	(63,26,'caisunny11','106.38.34.114','2016-05-03 16:32:07',2),
	(64,23,'liu','112.65.160.54','2016-05-03 17:26:00',1),
	(65,23,'liu','112.65.160.54','2016-05-03 17:28:48',1),
	(66,1,'ejavashop','112.65.160.54','2016-05-05 09:53:19',1),
	(67,23,'liu','180.173.43.51','2016-05-05 11:29:28',1),
	(68,28,'cj901921','116.228.89.28','2016-05-05 13:52:07',1),
	(69,1,'ejavashop','112.65.160.54','2016-05-05 14:30:02',1),
	(70,28,'cj901921','116.228.89.28','2016-05-05 17:29:26',1),
	(71,23,'liu','61.171.248.19','2016-05-06 05:34:15',2),
	(72,1,'ejavashop','111.194.202.37','2016-05-06 10:15:25',1),
	(73,23,'liu','111.194.202.37','2016-05-06 18:01:51',1),
	(74,31,'test','115.60.19.151','2016-05-09 14:25:17',1),
	(75,31,'test','115.60.19.151','2016-05-09 14:25:52',1),
	(76,2,'wangpeng','111.199.188.29','2016-05-10 16:30:50',1),
	(77,1,'ejavashop','111.199.188.29','2016-05-10 16:31:10',1),
	(78,1,'ejavashop','111.199.188.29','2016-05-10 16:36:17',1),
	(79,2,'wangpeng','111.199.188.29','2016-05-11 16:16:38',1),
	(80,1,'ejavashop','111.199.188.29','2016-05-12 14:30:07',1),
	(81,34,'zhaobohao','112.65.160.54','2016-05-12 16:38:12',1),
	(82,1,'ejavashop','111.37.18.232','2016-05-17 15:37:33',1),
	(83,1,'ejavashop','182.48.110.11','2016-05-18 00:45:03',1),
	(84,2,'wangpeng','111.199.186.33','2016-05-18 16:57:03',1);

/*!40000 ALTER TABLE `member_login_logs` ENABLE KEYS */;
UNLOCK TABLES;


# Dump of table member_product_back
# ------------------------------------------------------------

DROP TABLE IF EXISTS `member_product_back`;

CREATE TABLE `member_product_back` (
  `id` int(11) NOT NULL AUTO_INCREMENT,
  `seller_id` int(11) NOT NULL COMMENT '所属商家',
  `order_id` int(11) NOT NULL COMMENT '订单ID',
  `order_product_id` int(11) NOT NULL COMMENT '网单ID',
  `product_id` int(11) NOT NULL COMMENT '商品ID',
  `member_id` int(11) NOT NULL COMMENT '用户ID',
  `member_name` varchar(50) NOT NULL COMMENT '用户Name',
  `province_id` int(11) DEFAULT NULL COMMENT 'Province',
  `city_id` int(11) DEFAULT NULL COMMENT 'city',
  `area_id` int(11) DEFAULT NULL COMMENT 'area',
  `address_all` varchar(255) DEFAULT NULL COMMENT '省市区组合',
  `address_info` varchar(255) DEFAULT NULL COMMENT '详细地址',
  `phone` varchar(50) DEFAULT NULL COMMENT '退货人手机',
  `return_name` varchar(100) DEFAULT NULL COMMENT '联系人姓名',
  `zip_code` varchar(20) DEFAULT NULL COMMENT '邮编',
  `question` text NOT NULL COMMENT '问题描述',
  `image` varchar(255) DEFAULT NULL COMMENT '图片',
  `state_return` tinyint(1) NOT NULL COMMENT '退货状态：1、未处理；2、审核通过待收货；3、已经收货；4、不予处理',
  `state_money` tinyint(1) NOT NULL COMMENT '退款状态：1、未退款；2、退款到账户；3、退款到银行',
  `back_money` decimal(10,2) NOT NULL COMMENT '退款金额',
  `back_integral` int(11) DEFAULT NULL COMMENT '退回积分',
  `back_integral_money` decimal(10,2) NOT NULL COMMENT '退回积分金额（退回积分转换成金额）',
  `back_coupon_user_id` int(11) DEFAULT NULL COMMENT '退回优惠券ID，0表示没有',
  `back_money_time` datetime DEFAULT NULL COMMENT '退款时间',
  `create_time` datetime NOT NULL,
  `update_time` datetime NOT NULL,
  `opt_id` int(11) DEFAULT NULL COMMENT '处理人',
  `remark` varchar(255) DEFAULT NULL COMMENT '备注',
  PRIMARY KEY (`id`)
) ENGINE=InnoDB DEFAULT CHARSET=utf8 COMMENT='用户退货';

LOCK TABLES `member_product_back` WRITE;
/*!40000 ALTER TABLE `member_product_back` DISABLE KEYS */;

INSERT INTO `member_product_back` (`id`, `seller_id`, `order_id`, `order_product_id`, `product_id`, `member_id`, `member_name`, `province_id`, `city_id`, `area_id`, `address_all`, `address_info`, `phone`, `return_name`, `zip_code`, `question`, `image`, `state_return`, `state_money`, `back_money`, `back_integral`, `back_integral_money`, `back_coupon_user_id`, `back_money_time`, `create_time`, `update_time`, `opt_id`, `remark`)
VALUES
	(1,2,21,23,26,1,'ejavashop',NULL,NULL,NULL,NULL,NULL,'13800138000','陈',NULL,'ceshiceshiceshi',NULL,3,2,300.00,0,0.00,0,'2016-04-25 15:56:11','2016-04-25 15:53:38','2016-04-25 15:55:52',NULL,NULL),
	(2,2,23,25,26,1,'ejavashop',NULL,NULL,NULL,NULL,NULL,'13800138000','陈',NULL,'testtesttest',NULL,3,2,280.00,0,0.00,0,'2016-04-26 11:02:07','2016-04-26 10:59:49','2016-04-26 11:01:47',NULL,NULL);

/*!40000 ALTER TABLE `member_product_back` ENABLE KEYS */;
UNLOCK TABLES;


# Dump of table member_product_exchange
# ------------------------------------------------------------

DROP TABLE IF EXISTS `member_product_exchange`;

CREATE TABLE `member_product_exchange` (
  `id` int(11) NOT NULL AUTO_INCREMENT,
  `seller` int(11) NOT NULL COMMENT '所属商家',
  `order_id` int(11) NOT NULL COMMENT '订单ID',
  `order_product_id` int(11) NOT NULL COMMENT '网单ID',
  `product_id` int(11) NOT NULL COMMENT '商品ID',
  `member_id` int(11) NOT NULL COMMENT '用户ID',
  `member_name` varchar(50) NOT NULL COMMENT '用户Name',
  `province_id2` int(11) DEFAULT NULL COMMENT 'Province',
  `city_id2` int(11) DEFAULT NULL COMMENT 'city',
  `area_id2` int(11) DEFAULT NULL COMMENT 'area',
  `address_all2` varchar(255) DEFAULT NULL COMMENT '省市区组合',
  `address_info2` varchar(255) DEFAULT NULL COMMENT '详细地址',
  `phone2` varchar(50) DEFAULT NULL,
  `change_name2` varchar(50) DEFAULT NULL COMMENT '换货收货人',
  `province_id` int(11) DEFAULT NULL COMMENT 'Province',
  `city_id` int(11) DEFAULT NULL COMMENT 'city',
  `area_id` int(11) DEFAULT NULL COMMENT 'area',
  `address_all` varchar(255) DEFAULT NULL COMMENT '省市区组合',
  `address_info` varchar(255) DEFAULT NULL COMMENT '详细地址',
  `change_name` char(10) DEFAULT NULL COMMENT '收货人地址',
  `phone` varchar(50) DEFAULT NULL,
  `email` varchar(255) DEFAULT NULL,
  `zip_code` varchar(20) DEFAULT NULL COMMENT '邮编',
  `question` varchar(255) NOT NULL COMMENT '问题描述',
  `image` varchar(255) DEFAULT NULL COMMENT '图片',
  `name` varchar(100) DEFAULT NULL COMMENT '联系人姓名',
  `state` tinyint(1) NOT NULL COMMENT '换货状态：1、未处理；2、审核通过待收货；3、已经收货；4、发货处理完成；5、不予处理原件退还；6、不处理',
  `create_time` datetime NOT NULL,
  `update_time` datetime NOT NULL,
  `opt_id` int(11) DEFAULT NULL COMMENT '处理人',
  `remark` varchar(255) DEFAULT NULL COMMENT '备注',
  `address_result` varchar(255) DEFAULT NULL COMMENT '退货地址',
  PRIMARY KEY (`id`)
) ENGINE=InnoDB DEFAULT CHARSET=utf8 COMMENT='用户换货';



# Dump of table member_rule
# ------------------------------------------------------------

DROP TABLE IF EXISTS `member_rule`;

CREATE TABLE `member_rule` (
  `id` int(11) NOT NULL AUTO_INCREMENT,
  `register` int(11) NOT NULL COMMENT '会员注册',
  `login` int(11) NOT NULL COMMENT '会员每天登陆',
  `order_evaluate` int(11) NOT NULL COMMENT '订单商品评论',
  `order_buy` int(11) NOT NULL COMMENT '购物积分',
  `order_max` int(11) NOT NULL COMMENT '购物积分上限',
  `state` tinyint(4) NOT NULL COMMENT '1、开始；2、关闭',
  PRIMARY KEY (`id`)
) ENGINE=InnoDB DEFAULT CHARSET=utf8 COMMENT='会员经验值和积分规则';

LOCK TABLES `member_rule` WRITE;
/*!40000 ALTER TABLE `member_rule` DISABLE KEYS */;

INSERT INTO `member_rule` (`id`, `register`, `login`, `order_evaluate`, `order_buy`, `order_max`, `state`)
VALUES
	(1,20,5,20,100,10000,1),
	(2,20,5,20,100,10000,1);

/*!40000 ALTER TABLE `member_rule` ENABLE KEYS */;
UNLOCK TABLES;


# Dump of table news
# ------------------------------------------------------------

DROP TABLE IF EXISTS `news`;

CREATE TABLE `news` (
  `id` int(11) NOT NULL AUTO_INCREMENT,
  `type_id` int(11) NOT NULL,
  `type_path` varchar(255) NOT NULL,
  `title` varchar(255) NOT NULL COMMENT '新闻标题',
  `content` text NOT NULL,
  `author` varchar(255) NOT NULL COMMENT '作者',
  `source` varchar(100) NOT NULL COMMENT '来源',
  `is_out` tinyint(1) NOT NULL DEFAULT '0' COMMENT '是否是外部链接0、不是；1、是',
  `out_url` varchar(255) NOT NULL COMMENT '外部链接的URL',
  `status` tinyint(1) NOT NULL COMMENT '0、不显示；1、显示',
  `sort` int(11) NOT NULL COMMENT '排序',
  `is_recommend` tinyint(4) NOT NULL DEFAULT '0' COMMENT '是否推荐文章0、不是推荐文章；1、推荐文章',
  `create_id` int(11) NOT NULL,
  `create_time` datetime NOT NULL,
  `update_time` datetime NOT NULL,
  PRIMARY KEY (`id`)
) ENGINE=InnoDB DEFAULT CHARSET=utf8 COMMENT='新闻资讯';

LOCK TABLES `news` WRITE;
/*!40000 ALTER TABLE `news` DISABLE KEYS */;

INSERT INTO `news` (`id`, `type_id`, `type_path`, `title`, `content`, `author`, `source`, `is_out`, `out_url`, `status`, `sort`, `is_recommend`, `create_id`, `create_time`, `update_time`)
VALUES
	(1,1,'\r\n									帮助中心','如何注册成为会员','<p><a href=\"http://\" title=\"如何注册成为会员\" style=\"box-sizing: border-box; font-family: &#39;microsoft yahei&#39;; font-size: 12px; line-height: 20px; background-color: rgb(250, 250, 250);\">如何注册成为会员</a>\r\n						</p>','admin','',0,'',1,1,0,1,'2016-03-02 19:22:34','2016-03-02 19:22:34'),
	(2,1,'\r\n									帮助中心','积分细则','<p><a href=\"http://\" title=\"积分细则\" style=\"box-sizing: border-box; font-family: &#39;microsoft yahei&#39;; font-size: 12px; line-height: 20px; background-color: rgb(250, 250, 250);\">积分细则</a>\r\n						</p>','admin','',0,'',1,1,0,1,'2016-03-02 19:23:15','2016-03-02 19:23:15'),
	(3,1,'\r\n									帮助中心','积分兑换说明','<p><a href=\"http://\" title=\"积分兑换说明\" style=\"box-sizing: border-box; font-family: &#39;microsoft yahei&#39;; font-size: 12px; line-height: 20px; background-color: rgb(250, 250, 250);\">积分兑换说明</a>\r\n						</p>','admin','',0,'',1,2,0,1,'2016-03-02 19:33:52','2016-03-02 19:33:52'),
	(4,1,'\r\n									帮助中心','如何搜索','<p><a href=\"http://\" title=\"如何搜索\" style=\"box-sizing: border-box; font-family: &#39;microsoft yahei&#39;; font-size: 12px; line-height: 20px; background-color: rgb(250, 250, 250);\">如何搜索</a>\r\n						</p>','admin','',0,'',1,1,0,1,'2016-03-02 19:34:21','2016-03-02 19:34:21'),
	(5,1,'\r\n									帮助中心','忘记密码','<p><a href=\"http://\" title=\"如何搜索\" style=\"box-sizing: border-box; font-family: &#39;microsoft yahei&#39;; font-size: 12px; line-height: 20px; background-color: rgb(250, 250, 250);\">忘记密码</a>\r\n						</p>','admin','',0,'',1,1,0,1,'2016-03-02 19:35:00','2016-03-02 19:35:00'),
	(6,2,'\r\n									店主之家','如何管理店铺','<p>如何管理店铺						</p>','admin','',0,'',1,2,0,1,'2016-03-02 20:04:03','2016-03-02 20:04:03'),
	(7,2,'\r\n									店主之家','查看售出商品','<p>									</p><p><a href=\"http://\" title=\"查看售出商品\" style=\"box-sizing: border-box; font-family: &#39;microsoft yahei&#39;; font-size: 12px; line-height: 20px; background-color: rgb(250, 250, 250);\">查看售出商品</a>\r\n						</p><p>\r\n						</p>','admin','',0,'',1,2,0,1,'2016-03-02 20:33:49','2016-03-02 20:33:49'),
	(8,2,'\r\n									店主之家','如何发货','<p><a href=\"http://\" title=\"如何发货\" style=\"box-sizing: border-box; font-family: &#39;microsoft yahei&#39;; font-size: 12px; line-height: 20px; background-color: rgb(250, 250, 250);\">如何发货</a>\r\n						</p>','admin','',0,'',1,3,0,1,'2016-03-02 19:35:46','2016-03-02 19:35:46'),
	(9,2,'\r\n									店主之家','商城商品推荐','<p><a href=\"http://\" title=\"商城商品推荐\" style=\"box-sizing: border-box; font-family: &#39;microsoft yahei&#39;; font-size: 12px; line-height: 20px; background-color: rgb(250, 250, 250);\">商城商品推荐</a>\r\n						</p>','admin','',0,'',1,1,0,1,'2016-03-02 19:41:04','2016-03-02 19:41:04'),
	(10,2,'\r\n									店主之家','如何申请开店','<p><a href=\"http://\" title=\"如何申请开店\" style=\"box-sizing: border-box; font-family: &#39;microsoft yahei&#39;; font-size: 12px; line-height: 20px; background-color: rgb(250, 250, 250);\">如何申请开店</a>\r\n						</p>','admin','',0,'',1,5,0,1,'2016-03-02 19:51:24','2016-03-02 19:51:24'),
	(11,3,'\r\n									支付方式','分期付款','<p><a href=\"http://\" title=\"分期付款\" style=\"box-sizing: border-box; font-family: &#39;microsoft yahei&#39;; font-size: 12px; line-height: 20px; background-color: rgb(250, 250, 250);\">分期付款</a>\r\n						</p>','admin','',0,'',1,1,0,1,'2016-03-02 19:52:01','2016-03-02 19:52:01'),
	(12,3,'\r\n									支付方式','邮局汇款','<p>									</p><p><a href=\"http://\" title=\"邮局汇款\" style=\"box-sizing: border-box; font-family: &#39;microsoft yahei&#39;; font-size: 12px; line-height: 20px; background-color: rgb(250, 250, 250);\">邮局汇款</a>\r\n						</p><p>\r\n						</p>','admin','',0,'',1,2,0,1,'2016-03-02 20:34:49','2016-03-02 20:34:49'),
	(13,3,'\r\n									支付方式','公司转账','<p>									</p><p><a href=\"http://\" title=\"公司转账\" style=\"box-sizing: border-box; font-family: &#39;microsoft yahei&#39;; font-size: 12px; line-height: 20px; background-color: rgb(250, 250, 250);\">公司转账</a>\r\n						</p><p>\r\n						</p>','admin','',0,'',1,3,0,1,'2016-03-02 20:33:28','2016-03-02 20:33:28'),
	(14,3,'\r\n									支付方式','如何注册支付宝','<p><a href=\"http://\" title=\"如何注册支付宝\" style=\"box-sizing: border-box; font-family: &#39;microsoft yahei&#39;; font-size: 12px; line-height: 20px; background-color: rgb(250, 250, 250);\">如何注册支付宝</a>\r\n						</p>','admin','',0,'',1,4,0,1,'2016-03-02 19:52:52','2016-03-02 19:52:52'),
	(15,3,'\r\n									支付方式',' 在线支付','<p><span style=\"color: rgb(102, 102, 102); font-family: &#39;microsoft yahei&#39;; font-size: 12px; line-height: 20px; background-color: rgb(250, 250, 250);\">&nbsp;</span><a href=\"http://\" title=\"在线支付\" style=\"box-sizing: border-box; font-family: &#39;microsoft yahei&#39;; font-size: 12px; line-height: 20px; background-color: rgb(250, 250, 250);\">在线支付</a>\r\n						</p>','admin','',0,'',1,5,0,1,'2016-03-02 19:53:08','2016-03-02 19:53:08'),
	(16,4,'\r\n									售后服务','联系卖家','<p><a href=\"http://\" title=\"联系卖家\" style=\"box-sizing: border-box; font-family: &#39;microsoft yahei&#39;; font-size: 12px; line-height: 20px; background-color: rgb(250, 250, 250);\">联系卖家</a>\r\n						</p>','admin','',0,'',1,1,0,1,'2016-03-02 19:53:43','2016-03-02 19:53:43'),
	(17,4,'\r\n									售后服务','退换货政策','<p><a href=\"http://\" title=\"退换货政策\" style=\"box-sizing: border-box; font-family: &#39;microsoft yahei&#39;; font-size: 12px; line-height: 20px; background-color: rgb(250, 250, 250);\">退换货政策</a>\r\n						</p>','admin','',0,'',1,2,0,1,'2016-03-02 19:54:04','2016-03-02 19:54:04'),
	(18,4,'\r\n									售后服务','退换货流程','<p><span style=\"color: rgb(102, 102, 102); font-family: &#39;microsoft yahei&#39;; font-size: 12px; line-height: 20px; background-color: rgb(250, 250, 250);\">&nbsp;</span><a href=\"http://\" title=\"退换货流程\" style=\"box-sizing: border-box; font-family: &#39;microsoft yahei&#39;; font-size: 12px; line-height: 20px; background-color: rgb(250, 250, 250);\">退换货流程</a>\r\n						</p>','admin','',0,'',1,3,0,1,'2016-03-02 19:54:27','2016-03-02 19:54:27'),
	(19,4,'\r\n									售后服务','返修/退换货','<p>									</p><p><a href=\"http://\" title=\"返修/退换货\" style=\"box-sizing: border-box; font-family: &#39;microsoft yahei&#39;; font-size: 12px; line-height: 20px; background-color: rgb(250, 250, 250);\">返修/退换货</a>\r\n						</p><p>\r\n						</p>','admin','',0,'',1,4,0,1,'2016-03-02 20:34:18','2016-03-02 20:34:18'),
	(20,5,'\r\n									客服中心','退款申请','<p><a href=\"http://\" title=\"退款申请 \" style=\"box-sizing: border-box; font-family: &#39;microsoft yahei&#39;; font-size: 12px; line-height: 20px; background-color: rgb(250, 250, 250);\">退款申请</a>\r\n						</p>','admin','',0,'',1,1,0,1,'2016-03-02 19:55:23','2016-03-02 19:55:23'),
	(21,5,'\r\n									客服中心','会员修改密码','<a href=\"http://\" title=\"会员修改密码\" style=\"box-sizing: border-box; font-family: &#39;microsoft yahei&#39;; font-size: 12px; line-height: 20px; background-color: rgb(250, 250, 250);\">会员修改密码</a><p><br/></p>','admin','',0,'',1,1,0,1,'2016-03-02 19:56:09','2016-03-02 19:56:09'),
	(22,5,'\r\n									客服中心','会员修改个人资料','<p><span style=\"color: rgb(102, 102, 102); font-family: &#39;microsoft yahei&#39;; font-size: 12px; line-height: 20px; background-color: rgb(250, 250, 250);\">&nbsp;</span><a href=\"http://\" title=\"会员修改个人资料\" style=\"box-sizing: border-box; font-family: &#39;microsoft yahei&#39;; font-size: 12px; line-height: 20px; background-color: rgb(250, 250, 250);\">会员修改个人资料</a>\r\n						</p>','admin','',0,'',1,2,0,1,'2016-03-02 19:56:29','2016-03-02 19:56:29'),
	(23,5,'\r\n									客服中心','常见问题','<p><a rel=\"nofollow\" target=\"_blank\" href=\"http://help.jd.com/user/issue.html\" style=\"color: rgb(102, 102, 102); font-family: Arial, Verdana, 宋体; font-size: 12px; line-height: 20px; white-space: normal;\">常见问题</a>\r\n						</p>','admin','',0,'',1,2,0,1,'2016-03-02 19:57:03','2016-03-02 19:57:03'),
	(24,5,'\r\n									客服中心','修改收货地址','<p><a href=\"http://\" title=\"修改收货地址\" style=\"box-sizing: border-box; font-family: &#39;microsoft yahei&#39;; font-size: 12px; line-height: 20px; background-color: rgb(250, 250, 250);\">修改收货地址</a>\r\n						</p>','admin','',0,'',1,3,0,1,'2016-03-02 19:57:29','2016-03-02 19:57:29'),
	(25,6,'\r\n									关于我们','合作及洽谈','<p><a href=\"http://\" title=\"合作及洽谈\" style=\"box-sizing: border-box; font-family: &#39;microsoft yahei&#39;; font-size: 12px; line-height: 20px; background-color: rgb(250, 250, 250);\">合作及洽谈</a>\r\n						</p>','admin','',0,'',1,1,0,1,'2016-03-02 19:58:23','2016-03-02 19:58:23'),
	(26,6,'\r\n									关于我们','招聘英才','<p><a href=\"http://\" title=\"招聘英才\" style=\"box-sizing: border-box; font-family: &#39;microsoft yahei&#39;; font-size: 12px; line-height: 20px; background-color: rgb(250, 250, 250);\">招聘英才</a>\r\n						</p>','admin','',0,'',1,2,0,1,'2016-03-02 19:58:44','2016-03-02 19:58:44'),
	(27,6,'\r\n									关于我们','联系我们','<a href=\"http://\" title=\"联系我们\" style=\"box-sizing: border-box; font-family: &#39;microsoft yahei&#39;; font-size: 12px; line-height: 20px; background-color: rgb(250, 250, 250);\">联系我们</a>','admin','',0,'',1,2,0,1,'2016-03-02 19:59:17','2016-03-02 19:59:17'),
	(28,6,'\r\n									关于我们','关于ejavashop','<p>关于ejavashop						</p>','admin','',0,'',1,1,0,1,'2016-03-02 19:59:40','2016-03-02 19:59:40');

/*!40000 ALTER TABLE `news` ENABLE KEYS */;
UNLOCK TABLES;


# Dump of table news_partner
# ------------------------------------------------------------

DROP TABLE IF EXISTS `news_partner`;

CREATE TABLE `news_partner` (
  `id` int(11) NOT NULL AUTO_INCREMENT,
  `name` varchar(100) NOT NULL,
  `image` varchar(255) NOT NULL COMMENT '图片标识',
  `url` varchar(255) NOT NULL COMMENT '链接',
  `sort` int(11) NOT NULL COMMENT '数字越小，越靠前',
  `status` tinyint(1) NOT NULL COMMENT '0、不可见；1、可见',
  `create_id` int(11) NOT NULL,
  `create_time` datetime NOT NULL,
  `update_time` datetime NOT NULL,
  PRIMARY KEY (`id`)
) ENGINE=InnoDB DEFAULT CHARSET=utf8 COMMENT='合作伙伴';

LOCK TABLES `news_partner` WRITE;
/*!40000 ALTER TABLE `news_partner` DISABLE KEYS */;

INSERT INTO `news_partner` (`id`, `name`, `image`, `url`, `sort`, `status`, `create_id`, `create_time`, `update_time`)
VALUES
	(1,'adfa','upload/newsType/58785bb0-32ba-4694-be54-68da68b263f5.png','s',1,1,1,'2016-03-04 10:47:10','2016-03-04 10:47:10');

/*!40000 ALTER TABLE `news_partner` ENABLE KEYS */;
UNLOCK TABLES;


# Dump of table news_type
# ------------------------------------------------------------

DROP TABLE IF EXISTS `news_type`;

CREATE TABLE `news_type` (
  `id` int(11) NOT NULL AUTO_INCREMENT,
  `pid` int(11) NOT NULL,
  `parent_path` varchar(255) NOT NULL,
  `name` varchar(255) NOT NULL,
  `sort` int(11) NOT NULL COMMENT '序号越小，越靠前',
  `image` varchar(255) NOT NULL COMMENT '分类图片',
  `create_time` datetime NOT NULL,
  PRIMARY KEY (`id`)
) ENGINE=InnoDB DEFAULT CHARSET=utf8 COMMENT='文章分类';

LOCK TABLES `news_type` WRITE;
/*!40000 ALTER TABLE `news_type` DISABLE KEYS */;

INSERT INTO `news_type` (`id`, `pid`, `parent_path`, `name`, `sort`, `image`, `create_time`)
VALUES
	(1,0,'根结点','帮助中心',1,'','2015-11-11 11:12:12'),
	(2,0,'根结点','店主之家',2,'','2015-11-11 11:12:12'),
	(3,0,'根结点','支付方式',3,'','2015-11-11 11:12:12'),
	(4,0,'根结点','售后服务',4,'','2015-11-11 11:12:12'),
	(5,0,'根结点','客服中心',5,'','2015-11-11 11:12:12'),
	(6,0,'根结点','关于我们',6,'','2015-11-11 11:12:12');

/*!40000 ALTER TABLE `news_type` ENABLE KEYS */;
UNLOCK TABLES;


# Dump of table order_invented
# ------------------------------------------------------------

DROP TABLE IF EXISTS `order_invented`;

CREATE TABLE `order_invented` (
  `id` int(11) NOT NULL AUTO_INCREMENT,
  `order_sn` varchar(50) NOT NULL COMMENT '订单号',
  `seller_id` int(11) NOT NULL COMMENT '商家ID',
  `member_id` int(11) NOT NULL COMMENT '会员ID',
  `member_name` varchar(100) NOT NULL COMMENT '会员name',
  `order_state` tinyint(3) NOT NULL COMMENT '虚拟订单状态：1、未付款的订单；2、待处理的订单；3、已完成的订单；',
  `pay_time` datetime NOT NULL COMMENT '在线付款时间',
  `payment_status` tinyint(3) NOT NULL DEFAULT '0' COMMENT '付款状态：0 买家未付款 1 买家已付款',
  `invoice_status` tinyint(3) NOT NULL DEFAULT '0' COMMENT '发票状态0、不要发票；1、单位；2个人',
  `invoice_title` varchar(255) NOT NULL COMMENT '发票抬头',
  `invioce_state` tinyint(4) NOT NULL COMMENT '发票抬头类型1、公司；2、个人',
  `invoice_type` varchar(50) NOT NULL COMMENT '发票类型',
  `money_product` decimal(10,2) NOT NULL DEFAULT '0.00' COMMENT '商品金额，等于订单中所有的商品的单价乘以数量之和',
  `money_order` decimal(10,2) NOT NULL DEFAULT '0.00' COMMENT '订单总金额，等于商品总金额＋运费-优惠金额',
  `money_paid_balance` decimal(10,2) NOT NULL DEFAULT '0.00' COMMENT '余额账户支付总金额',
  `money_paid_reality` decimal(10,2) NOT NULL DEFAULT '0.00' COMMENT '现金支付金额',
  `money_giftcard_amount` decimal(10,2) NOT NULL DEFAULT '0.00' COMMENT '礼品卡抵用金额',
  `money_couponcode` decimal(10,2) NOT NULL DEFAULT '0.00' COMMENT '优惠码优惠金额',
  `money_lower_amount` decimal(10,2) NOT NULL DEFAULT '0.00' COMMENT '下单立减金额',
  `money_back` decimal(10,2) NOT NULL COMMENT '退款的金额，订单没有退款则为0',
  `money_integral` int(11) NOT NULL COMMENT '订单消耗的积分数量',
  `lower_id` int(11) NOT NULL COMMENT '下单立减id',
  `giftcard_id` int(11) NOT NULL COMMENT '礼品卡ID',
  `couponcode_id` int(11) NOT NULL COMMENT '优惠码ID',
  `ip` varchar(50) NOT NULL COMMENT 'ip',
  `payment_name` varchar(100) NOT NULL COMMENT '支付方式名称',
  `payment_code` varchar(100) NOT NULL COMMENT '支付方式code',
  `mobile` varchar(20) NOT NULL COMMENT '接受手机号码',
  `code_exchange` varchar(255) NOT NULL COMMENT '电子兑换码',
  `is_success` tinyint(4) NOT NULL COMMENT '短信是否发生成功0、未发生；2、发生成功；2、发送失败',
  `email` varchar(50) NOT NULL,
  `zip_code` varchar(20) NOT NULL COMMENT '邮编',
  `remark` varchar(255) NOT NULL COMMENT '订单备注',
  `finish_time` datetime NOT NULL COMMENT '订单完成时间',
  `trade_sn` varchar(100) NOT NULL COMMENT '在线支付交易流水号',
  `source` varchar(100) NOT NULL COMMENT '订单来源',
  `is_gift_card_order` tinyint(1) NOT NULL DEFAULT '0' COMMENT '是否为礼品卡订单0、不是；1、是',
  `product_comments_id` int(11) NOT NULL COMMENT '评价ID，如果为0，没有评价',
  `create_time` datetime NOT NULL,
  `update_time` datetime NOT NULL,
  PRIMARY KEY (`id`)
) ENGINE=InnoDB DEFAULT CHARSET=utf8 COMMENT='虚拟订单';



# Dump of table order_invented_product
# ------------------------------------------------------------

DROP TABLE IF EXISTS `order_invented_product`;

CREATE TABLE `order_invented_product` (
  `id` int(11) NOT NULL AUTO_INCREMENT,
  `order_invented_id` int(11) NOT NULL COMMENT '订单ID',
  `order_invented_sn` varchar(100) NOT NULL COMMENT '订单号',
  `seller_id` int(11) NOT NULL COMMENT '商家ID',
  `product_id` int(11) NOT NULL COMMENT '商品id',
  `product_name` varchar(255) NOT NULL COMMENT '商品名称',
  `product_sku` varchar(60) NOT NULL COMMENT '抽象商品sku',
  `package_groups_id` int(11) NOT NULL DEFAULT '0' COMMENT '促销套装0、不是促销套装；大于0，促销套装ID，价格是促销套装的ID',
  `mall_groups_id` int(11) NOT NULL DEFAULT '0' COMMENT '商城套装0，不是上次套装；大于0商城套装ID',
  `gift_id` int(11) NOT NULL DEFAULT '0' COMMENT '赠品ID0、没有赠品；大于0、不是赠品；大于0赠品的ID',
  `is_gift` tinyint(1) NOT NULL DEFAULT '0' COMMENT '是否是赠品，0、不是；1、是；',
  `money_price` decimal(10,2) NOT NULL DEFAULT '0.00' COMMENT '商品单价',
  `number` int(11) NOT NULL COMMENT '商品数量',
  `money_amount` decimal(10,2) NOT NULL COMMENT '网单金额',
  `activity_id` int(11) NOT NULL DEFAULT '0' COMMENT '团购ID，为0正常购买',
  `flashsales_id` int(11) NOT NULL DEFAULT '0' COMMENT '限时抢购ID，为0正常购买',
  `logistics_id` int(11) DEFAULT NULL COMMENT '物流',
  `logistics_name` varchar(100) DEFAULT NULL COMMENT '物流name',
  `logistics_number` varchar(100) DEFAULT NULL COMMENT '发票快递单号',
  `shipping_time` datetime DEFAULT NULL COMMENT '发货时间',
  `close_time` datetime DEFAULT NULL COMMENT '网单完成关闭或取消关闭时间',
  `system_remark` text COMMENT '系统备注，不给用户显示',
  `member_product_back_id` int(11) NOT NULL COMMENT '退货ID，默认为0',
  `member_product_exchange_id` int(11) NOT NULL COMMENT '换货ID，默认为0',
  `create_time` datetime NOT NULL,
  `update_time` datetime NOT NULL,
  PRIMARY KEY (`id`)
) ENGINE=InnoDB DEFAULT CHARSET=utf8 COMMENT='虚拟网单表';



# Dump of table order_log
# ------------------------------------------------------------

DROP TABLE IF EXISTS `order_log`;

CREATE TABLE `order_log` (
  `id` int(11) NOT NULL AUTO_INCREMENT,
  `operating_id` int(11) NOT NULL COMMENT '操作人，系统操作为0',
  `operating_name` varchar(100) NOT NULL,
  `orders_id` int(11) NOT NULL,
  `orders_sn` varchar(100) NOT NULL,
  `content` varchar(255) NOT NULL COMMENT '内容',
  `create_time` datetime NOT NULL,
  PRIMARY KEY (`id`)
) ENGINE=InnoDB DEFAULT CHARSET=utf8 COMMENT='订单操作日志表';

LOCK TABLES `order_log` WRITE;
/*!40000 ALTER TABLE `order_log` DISABLE KEYS */;

INSERT INTO `order_log` (`id`, `operating_id`, `operating_name`, `orders_id`, `orders_sn`, `content`, `create_time`)
VALUES
	(1,1,'ejavashop',1,'16030717543254558','您提交了订单，请等待系统确认','2016-03-07 17:54:32'),
	(2,1,'ejavashop',2,'16030717543257707','您提交了订单，请等待系统确认','2016-03-07 17:54:32'),
	(3,1,'ejavashop',3,'16030717545887428','您提交了订单，请等待系统确认','2016-03-07 17:54:58'),
	(4,1,'ejavashop',1,'16030717543254558','商家已确认收款','2016-03-07 17:57:10'),
	(5,3,'a111',4,'16030815520041639','您提交了订单，请等待系统确认','2016-03-08 15:52:00'),
	(6,2,'wangpeng',5,'16030817241433725','您提交了订单，请等待系统确认','2016-03-08 17:24:14'),
	(7,2,'wangpeng',6,'16030817241433792','您提交了订单，请等待系统确认','2016-03-08 17:24:14'),
	(8,2,'wangpeng',5,'16030817241433725','订单完成支付。','2016-03-08 17:24:50'),
	(9,2,'wangpeng',6,'16030817241433792','订单完成支付。','2016-03-08 17:24:50'),
	(10,1,'ejavashop',5,'16030817241433725','商家已发货','2016-03-08 17:31:43'),
	(11,0,'system',3,'16030717545887428','系统自动取消订单。','2016-03-08 17:52:03'),
	(12,0,'system',4,'16030815520041639','系统自动取消订单。','2016-03-09 15:52:02'),
	(13,4,'aaa',7,'16031009314487676','您提交了订单，请等待系统确认','2016-03-10 09:31:44'),
	(14,2,'wangpeng',8,'16031010562868975','您提交了订单，请等待系统确认','2016-03-10 10:56:28'),
	(15,0,'system',7,'16031009314487676','系统自动取消订单。','2016-03-11 09:32:00'),
	(16,0,'system',8,'16031010562868975','系统自动取消订单。','2016-03-11 11:01:59'),
	(17,1,'ejavashop',9,'16031210273829854','您提交了订单，请等待系统确认','2016-03-12 10:27:38'),
	(18,1,'ejavashop',10,'16031210273829838','您提交了订单，请等待系统确认','2016-03-12 10:27:38'),
	(19,0,'system',9,'16031210273829854','系统自动取消订单。','2016-03-13 10:31:57'),
	(20,0,'system',10,'16031210273829838','系统自动取消订单。','2016-03-13 10:31:57'),
	(21,5,'annyhuang',11,'16031514270884360','您提交了订单，请等待系统确认','2016-03-15 14:27:08'),
	(22,5,'annyhuang',12,'16031514272834309','您提交了订单，请等待系统确认','2016-03-15 14:27:28'),
	(23,0,'system',12,'16031514272834309','系统自动取消订单。','2016-03-16 14:31:53'),
	(24,2,'wangpeng',13,'16031717333207198','您提交了订单，请等待系统确认','2016-03-17 17:33:32'),
	(25,0,'system',13,'16031717333207198','系统自动取消订单。','2016-03-18 17:31:50'),
	(26,6,'wangruchao',14,'16032209460602248','您提交了订单，请等待系统确认','2016-03-22 09:46:06'),
	(27,6,'wangruchao',15,'16032210003893323','您提交了订单，请等待系统确认','2016-03-22 10:00:38'),
	(28,6,'wangruchao',14,'16032209460602248','订单已被用户主动取消','2016-03-22 10:40:29'),
	(29,6,'wangruchao',15,'16032210003893323','订单已被用户主动取消','2016-03-22 10:40:32'),
	(30,1,'ejavashop',11,'16031514270884360','商家已确认收款','2016-03-29 10:50:05'),
	(31,1,'ejavashop',16,'16033111580583196','您提交了订单，请等待系统确认','2016-03-31 11:58:05'),
	(32,0,'system',16,'16033111580583196','系统自动取消订单。','2016-04-01 12:01:32'),
	(33,16,'caisunny',17,'16041217404958239','您提交了订单，请等待系统确认','2016-04-12 17:40:49'),
	(34,16,'caisunny',17,'16041217404958239','订单完成支付。','2016-04-12 17:41:52'),
	(35,19,'admin',18,'16041811533449139','您提交了订单，请等待系统确认','2016-04-18 11:53:34'),
	(36,19,'admin',19,'16041812421874168','您提交了订单，请等待系统确认','2016-04-18 12:42:18'),
	(37,19,'admin',20,'16041812423628890','您提交了订单，请等待系统确认','2016-04-18 12:42:36'),
	(38,1,'ejavashop',17,'16041217404958239','商家已发货','2016-04-18 15:47:00'),
	(39,0,'system',18,'16041811533449139','系统自动取消订单。','2016-04-19 11:54:49'),
	(40,0,'system',19,'16041812421874168','系统自动取消订单。','2016-04-19 12:44:49'),
	(41,0,'system',20,'16041812423628890','系统自动取消订单。','2016-04-19 12:44:49'),
	(42,1,'ejavashop',21,'16042515502028813','您提交了订单，请等待系统确认','2016-04-25 15:50:20'),
	(43,1,'ejavashop',21,'16042515502028813','订单完成支付。','2016-04-25 15:50:55'),
	(44,2,'wangpeng',21,'16042515502028813','商家已发货','2016-04-25 15:52:29'),
	(45,1,'ejavashop',22,'16042610214072550','您提交了订单，请等待系统确认','2016-04-26 10:21:40'),
	(46,2,'wangpeng',22,'16042610214072550','商家修改订单金额为150.00','2016-04-26 10:22:57'),
	(47,1,'ejavashop',22,'16042610214072550','订单完成支付。','2016-04-26 10:24:43'),
	(48,1,'ejavashop',23,'16042610342988194','您提交了订单，请等待系统确认','2016-04-26 10:34:29'),
	(49,2,'wangpeng',23,'16042610342988194','商家修改订单金额为280.00','2016-04-26 10:35:20'),
	(50,1,'ejavashop',23,'16042610342988194','订单完成支付。','2016-04-26 10:36:21'),
	(51,2,'wangpeng',23,'16042610342988194','商家已发货','2016-04-26 10:59:29'),
	(52,0,'system',17,'16041217404958239','系统自动完成订单。','2016-05-03 15:49:29'),
	(53,26,'caisunny11',24,'16050316295855337','您提交了订单，请等待系统确认','2016-05-03 16:29:58'),
	(54,26,'caisunny11',24,'16050316295855337','订单完成支付。','2016-05-03 16:32:43'),
	(55,28,'cj901921',25,'16050513565553882','您提交了订单，请等待系统确认','2016-05-05 13:56:55'),
	(56,28,'cj901921',26,'16050513565553836','您提交了订单，请等待系统确认','2016-05-05 13:56:55'),
	(57,28,'cj901921',27,'16050517300264758','您提交了订单，请等待系统确认','2016-05-05 17:30:02'),
	(58,28,'cj901921',27,'16050517300264758','订单已被用户主动取消','2016-05-05 17:31:41'),
	(59,28,'cj901921',26,'16050513565553836','订单已被用户主动取消','2016-05-05 17:31:50'),
	(60,29,'mikosan',28,'16050609592053825','您提交了订单，请等待系统确认','2016-05-06 09:59:20'),
	(61,1,'ejavashop',29,'16050610575881937','您提交了订单，请等待系统确认','2016-05-06 10:57:58'),
	(62,1,'ejavashop',30,'16050610575881985','您提交了订单，请等待系统确认','2016-05-06 10:57:58'),
	(63,0,'system',25,'16050513565553882','系统自动取消订单。','2016-05-06 16:04:25'),
	(64,0,'system',28,'16050609592053825','系统自动取消订单。','2016-05-07 10:04:24'),
	(65,0,'system',29,'16050610575881937','系统自动取消订单。','2016-05-07 11:04:24'),
	(66,0,'system',30,'16050610575881985','系统自动取消订单。','2016-05-07 11:04:24'),
	(67,35,'lisisi',31,'16051215403324925','您提交了订单，请等待系统确认','2016-05-12 15:40:33'),
	(68,0,'system',31,'16051215403324925','系统自动取消订单。','2016-05-13 15:44:16'),
	(69,1,'ejavashop',32,'16051800463320247','您提交了订单，请等待系统确认','2016-05-18 00:46:33'),
	(70,1,'ejavashop',32,'16051800463320247','您使用余额支付了订单','2016-05-18 00:46:33'),
	(71,1,'ejavashop',33,'16051800470615530','您提交了订单，请等待系统确认','2016-05-18 00:47:06'),
	(72,1,'ejavashop',33,'16051800470615530','您使用余额支付了订单','2016-05-18 00:47:06'),
	(73,1,'ejavashop',34,'16051800475960870','您提交了订单，请等待系统确认','2016-05-18 00:47:59'),
	(74,1,'ejavashop',34,'16051800475960870','订单完成支付。','2016-05-18 00:48:14'),
	(75,1,'ejavashop',35,'16051800503620246','您提交了订单，请等待系统确认','2016-05-18 00:50:36'),
	(76,1,'ejavashop',35,'16051800503620246','订单完成支付。','2016-05-18 00:50:53'),
	(77,1,'ejavashop',36,'16051800530693635','您提交了订单，请等待系统确认','2016-05-18 00:53:06'),
	(78,1,'ejavashop',36,'16051800530693635','您使用余额支付了订单','2016-05-18 00:53:06'),
	(79,2,'wangpeng',37,'16051816571090538','您提交了订单，请等待系统确认','2016-05-18 16:57:10');

/*!40000 ALTER TABLE `order_log` ENABLE KEYS */;
UNLOCK TABLES;


# Dump of table order_pay_log
# ------------------------------------------------------------

DROP TABLE IF EXISTS `order_pay_log`;

CREATE TABLE `order_pay_log` (
  `id` int(11) NOT NULL AUTO_INCREMENT,
  `orders_id` int(11) NOT NULL,
  `orders_sn` varchar(100) NOT NULL,
  `pay_status` varchar(50) NOT NULL COMMENT '支付方式',
  `pay_content` text NOT NULL COMMENT '支付返回的代码',
  `pay_money` decimal(10,2) NOT NULL COMMENT '支付金额',
  `member_id` int(11) NOT NULL,
  `member_name` varchar(100) NOT NULL,
  `create_time` datetime NOT NULL COMMENT '支付时间',
  PRIMARY KEY (`id`)
) ENGINE=InnoDB DEFAULT CHARSET=utf8 COMMENT='订单支付记录表';

LOCK TABLES `order_pay_log` WRITE;
/*!40000 ALTER TABLE `order_pay_log` DISABLE KEYS */;

INSERT INTO `order_pay_log` (`id`, `orders_id`, `orders_sn`, `pay_status`, `pay_content`, `pay_money`, `member_id`, `member_name`, `create_time`)
VALUES
	(1,5,'16030817241433725','pcalipay','{buyer_id=2088602215914963, trade_no=2016030821001004960260473829, use_coupon=N, notify_time=2016-03-08 17:27:46, subject=ejavashop, sign_type=MD5, is_total_fee_adjust=N, notify_type=trade_status_sync, out_trade_no=1457429058041aa1aa5aa6, gmt_payment=2016-03-08 17:27:46, trade_status=TRADE_SUCCESS, discount=0.00, sign=06ab9bd6254a9f3b67ec0a3f595a3144, gmt_create=2016-03-08 17:27:42, buyer_email=15811078990, price=0.01, total_fee=0.01, seller_id=2088121746953956, quantity=1, seller_email=wangpeng@ejavashop.com, notify_id=6b2268ac46e0be4e94b08d2e3fb095eneq, payment_type=1}',5600.00,2,'wangpeng','2016-03-08 17:24:50'),
	(2,6,'16030817241433792','pcalipay','{buyer_id=2088602215914963, trade_no=2016030821001004960260473829, use_coupon=N, notify_time=2016-03-08 17:27:46, subject=ejavashop, sign_type=MD5, is_total_fee_adjust=N, notify_type=trade_status_sync, out_trade_no=1457429058041aa1aa5aa6, gmt_payment=2016-03-08 17:27:46, trade_status=TRADE_SUCCESS, discount=0.00, sign=06ab9bd6254a9f3b67ec0a3f595a3144, gmt_create=2016-03-08 17:27:42, buyer_email=15811078990, price=0.01, total_fee=0.01, seller_id=2088121746953956, quantity=1, seller_email=wangpeng@ejavashop.com, notify_id=6b2268ac46e0be4e94b08d2e3fb095eneq, payment_type=1}',420.00,2,'wangpeng','2016-03-08 17:24:50'),
	(3,17,'16041217404958239','pcalipay','{buyer_id=2088002883165908, trade_no=2016041221001004900214494389, use_coupon=N, notify_time=2016-04-12 17:41:52, subject=ejavashop, sign_type=MD5, is_total_fee_adjust=N, notify_type=trade_status_sync, out_trade_no=1460454074597aa1aa17, gmt_payment=2016-04-12 17:41:52, trade_status=TRADE_SUCCESS, discount=0.00, sign=87f877598330956947f13723288d48d7, gmt_create=2016-04-12 17:41:41, buyer_email=caisunny22@163.com, price=0.01, total_fee=0.01, seller_id=2088121746953956, quantity=1, seller_email=wangpeng@ejavashop.com, notify_id=3d17f0e2b2804147fe27e7114f6941cmy2, payment_type=1}',5600.00,16,'caisunny','2016-04-12 17:41:52'),
	(4,21,'16042515502028813','pcalipay','{buyer_id=2088712282116750, trade_no=2016042521001004750289171288, use_coupon=N, notify_time=2016-04-25 15:51:13, subject=ejavashop, sign_type=MD5, is_total_fee_adjust=N, notify_type=trade_status_sync, out_trade_no=1461570622694aa1aa21, gmt_payment=2016-04-25 15:51:12, trade_status=TRADE_SUCCESS, discount=0.00, sign=f6ea17c460ae06bab763c731e088a1dc, gmt_create=2016-04-25 15:51:03, buyer_email=chenwanhai@sina.com, price=0.01, total_fee=0.01, seller_id=2088121746953956, quantity=1, seller_email=wangpeng@ejavashop.com, notify_id=6ad2ed05cea1279b130804895eb0785lse, payment_type=1}',300.00,1,'ejavashop','2016-04-25 15:50:55'),
	(5,22,'16042610214072550','pcalipay','{buyer_id=2088712282116750, trade_no=2016042621001004750289004827, use_coupon=N, notify_time=2016-04-26 10:25:03, subject=ejavashop, sign_type=MD5, is_total_fee_adjust=N, notify_type=trade_status_sync, out_trade_no=1461637453147aa1aa22, gmt_payment=2016-04-26 10:25:03, trade_status=TRADE_SUCCESS, discount=0.00, sign=d27af8b20a06c66e659648e4c0608e0b, gmt_create=2016-04-26 10:24:52, buyer_email=chenwanhai@sina.com, price=0.01, total_fee=0.01, seller_id=2088121746953956, quantity=1, seller_email=wangpeng@ejavashop.com, notify_id=3e4a0b0bd7a089e7ff54e4b6da890e9lse, payment_type=1}',150.00,1,'ejavashop','2016-04-26 10:24:43'),
	(6,23,'16042610342988194','pcalipay','{buyer_id=2088712282116750, trade_no=2016042621001004750289592139, use_coupon=N, notify_time=2016-04-26 10:36:41, subject=ejavashop, sign_type=MD5, is_total_fee_adjust=N, notify_type=trade_status_sync, out_trade_no=1461638153553aa0aa23, gmt_payment=2016-04-26 10:36:41, trade_status=TRADE_SUCCESS, discount=0.00, sign=207c7b97223ef97d62d5380205ef054b, gmt_create=2016-04-26 10:36:34, buyer_email=chenwanhai@sina.com, price=0.01, total_fee=0.01, seller_id=2088121746953956, quantity=1, seller_email=wangpeng@ejavashop.com, notify_id=2cb36531cac1624e22d238ea4d08072lse, payment_type=1}',277.00,1,'ejavashop','2016-04-26 10:36:21'),
	(7,24,'16050316295855337','h5alipay','{buyer_id=2088002883165908, trade_no=2016050321001004900284370536, use_coupon=N, notify_time=2016-05-03 16:33:13, subject=ejavashop, sign_type=RSA, is_total_fee_adjust=N, notify_type=trade_status_sync, out_trade_no=1462264335881aa1aa24, gmt_payment=2016-05-03 16:33:13, trade_status=TRADE_SUCCESS, sign=MQnyD6TuTe1J/K+cUPeLFBKAIPXigpWaBQe09i9TyPOcRX0stdPAIcIPw3stpdAJ4Ni9FnV+TgTKMU0hJ40HG5fOs7mGYpCQk4TLuj8IzZB0RZl4hEks5HZranPLL3MGrdmUOt1xZWGBvNJPFuaayVw0pTYoMZenbCuhN7f7/EA=, gmt_create=2016-05-03 16:33:12, buyer_email=caisunny22@163.com, price=0.01, total_fee=0.01, seller_id=2088121746953956, quantity=1, seller_email=wangpeng@ejavashop.com, notify_id=dc6e2ad8b5f5d03504e8578c2de767bmy2, payment_type=1}',5300.00,26,'caisunny11','2016-05-03 16:32:43'),
	(8,32,'16051800463320247','ONLINE','',99.00,1,'ejavashop','2016-05-18 00:46:33'),
	(9,33,'16051800470615530','ONLINE','',99.00,1,'ejavashop','2016-05-18 00:47:06'),
	(10,34,'16051800475960870','pcalipay','{buyer_id=2088712282116750, trade_no=2016051821001004750204436852, use_coupon=N, notify_time=2016-05-18 00:49:04, subject=ejavashop, sign_type=MD5, is_total_fee_adjust=N, notify_type=trade_status_sync, out_trade_no=1463503681499aa1aa34, gmt_payment=2016-05-18 00:49:04, trade_status=TRADE_SUCCESS, discount=0.00, sign=76fb177822186606f85f456a77a0975b, gmt_create=2016-05-18 00:48:58, buyer_email=chenwanhai@sina.com, price=0.01, total_fee=0.01, seller_id=2088121746953956, quantity=1, seller_email=wangpeng@ejavashop.com, notify_id=37b54b5a6bbf2f00e68629efb11d09alse, payment_type=1}',99.00,1,'ejavashop','2016-05-18 00:48:14'),
	(11,35,'16051800503620246','pcalipay','{buyer_id=2088712282116750, trade_no=2016051821001004750205392616, use_coupon=N, notify_time=2016-05-18 00:51:42, subject=ejavashop, sign_type=MD5, is_total_fee_adjust=N, notify_type=trade_status_sync, out_trade_no=1463503838327aa1aa35, gmt_payment=2016-05-18 00:51:42, trade_status=TRADE_SUCCESS, discount=0.00, sign=06e09824b6b4f8a96ef84393f02ce915, gmt_create=2016-05-18 00:51:36, buyer_email=chenwanhai@sina.com, price=0.01, total_fee=0.01, seller_id=2088121746953956, quantity=1, seller_email=wangpeng@ejavashop.com, notify_id=fbf4d8814874b1de2016c5b2fa865e9lse, payment_type=1}',99.00,1,'ejavashop','2016-05-18 00:50:53'),
	(12,36,'16051800530693635','ONLINE','',99.00,1,'ejavashop','2016-05-18 00:53:06');

/*!40000 ALTER TABLE `order_pay_log` ENABLE KEYS */;
UNLOCK TABLES;


# Dump of table orders
# ------------------------------------------------------------

DROP TABLE IF EXISTS `orders`;

CREATE TABLE `orders` (
  `id` int(11) NOT NULL AUTO_INCREMENT,
  `order_sn` varchar(50) NOT NULL COMMENT '订单号',
  `relation_order_sn` varchar(255) NOT NULL COMMENT '关联订单编号',
  `order_type` tinyint(3) NOT NULL COMMENT '订单类型：1、普通订单，2、限时抢购订单',
  `seller_id` int(11) NOT NULL COMMENT '商家ID',
  `member_id` int(11) NOT NULL COMMENT '会员ID',
  `member_name` varchar(100) NOT NULL COMMENT '会员name',
  `order_state` tinyint(3) NOT NULL COMMENT '订单状态：1、未付款的订单；2、待确认的订单；3、待发货的订单；4、已发货的订单；5、已完成的订单；6、取消的订单',
  `pay_time` datetime DEFAULT NULL COMMENT '付款时间',
  `payment_status` tinyint(3) NOT NULL DEFAULT '0' COMMENT '付款状态：0 买家未付款 1 买家已付款',
  `invoice_status` tinyint(3) NOT NULL DEFAULT '0' COMMENT '发票状态0、不要发票；1、单位；2个人',
  `invoice_title` varchar(255) DEFAULT '' COMMENT '发票抬头',
  `invoice_type` varchar(50) DEFAULT '' COMMENT '发票类型（内容）',
  `money_product` decimal(10,2) NOT NULL DEFAULT '0.00' COMMENT '商品金额，等于订单中所有的商品的单价乘以数量之和',
  `money_logistics` decimal(10,2) NOT NULL DEFAULT '0.00' COMMENT '物流费用',
  `money_order` decimal(10,2) NOT NULL DEFAULT '0.00' COMMENT '订单总金额，等于商品总金额＋运费-优惠金额总额',
  `money_paid_balance` decimal(10,2) NOT NULL DEFAULT '0.00' COMMENT '余额账户支付总金额',
  `money_paid_reality` decimal(10,2) NOT NULL DEFAULT '0.00' COMMENT '现金支付金额',
  `money_coupon` decimal(10,2) NOT NULL DEFAULT '0.00' COMMENT '优惠券优惠金额',
  `money_act_full` decimal(10,2) NOT NULL DEFAULT '0.00' COMMENT '订单满减金额',
  `money_discount` decimal(10,2) NOT NULL DEFAULT '0.00' COMMENT '优惠金额总额（满减、立减、优惠券等所有优惠额的和）',
  `money_back` decimal(10,2) NOT NULL COMMENT '退款的金额，订单没有退款则为0',
  `money_integral` decimal(10,2) NOT NULL COMMENT '积分换算金额',
  `integral` int(11) NOT NULL COMMENT '订单使用的积分数量',
  `coupon_user_id` int(11) NOT NULL COMMENT '优惠码ID',
  `act_full_id` int(11) NOT NULL COMMENT '订单满减活动ID',
  `ip` varchar(50) NOT NULL COMMENT 'ip',
  `payment_name` varchar(100) NOT NULL COMMENT '支付方式名称',
  `payment_code` varchar(100) NOT NULL COMMENT '支付方式code',
  `name` varchar(60) NOT NULL COMMENT '收货人',
  `province_id` int(11) NOT NULL COMMENT 'Province',
  `city_id` int(11) NOT NULL COMMENT 'city',
  `area_id` int(11) NOT NULL COMMENT 'area',
  `address_all` varchar(255) NOT NULL COMMENT '省市区组合',
  `address_info` varchar(255) NOT NULL COMMENT '详细地址',
  `mobile` varchar(50) NOT NULL DEFAULT '',
  `email` varchar(255) NOT NULL DEFAULT '',
  `zip_code` varchar(20) NOT NULL COMMENT '邮编',
  `remark` varchar(255) NOT NULL COMMENT '订单备注',
  `deliver_time` datetime DEFAULT NULL COMMENT '发货时间',
  `finish_time` datetime DEFAULT NULL COMMENT '订单完成时间',
  `trade_sn` varchar(100) NOT NULL COMMENT '在线支付交易流水号',
  `source` tinyint(4) NOT NULL COMMENT '会员来源1、pc；2、H5；3、Android；4、IOS',
  `logistics_id` int(11) NOT NULL COMMENT '物流公司ID',
  `logistics_name` varchar(100) NOT NULL COMMENT '物流公司',
  `logistics_number` varchar(100) NOT NULL COMMENT '发票快递单号',
  `is_codconfim` tinyint(4) NOT NULL COMMENT '是否货到付款订单0、不是；1、是',
  `codconfirm_id` int(11) NOT NULL COMMENT '货到付款确认人',
  `codconfirm_name` varchar(100) NOT NULL COMMENT '货到付款确认Name',
  `codconfirm_time` datetime DEFAULT NULL COMMENT '货到付款确认时间',
  `codconfirm_remark` varchar(255) NOT NULL COMMENT '货到付款确认备注',
  `codconfirm_state` tinyint(3) NOT NULL COMMENT '货到付款状态 0、非货到付款；1、待确认；2、确认通过可以发货；3、订单取消',
  `create_time` datetime NOT NULL,
  `update_time` datetime NOT NULL,
  PRIMARY KEY (`id`),
  UNIQUE KEY `orderSn` (`order_sn`)
) ENGINE=InnoDB DEFAULT CHARSET=utf8 COMMENT='订单';

LOCK TABLES `orders` WRITE;
/*!40000 ALTER TABLE `orders` DISABLE KEYS */;

INSERT INTO `orders` (`id`, `order_sn`, `relation_order_sn`, `order_type`, `seller_id`, `member_id`, `member_name`, `order_state`, `pay_time`, `payment_status`, `invoice_status`, `invoice_title`, `invoice_type`, `money_product`, `money_logistics`, `money_order`, `money_paid_balance`, `money_paid_reality`, `money_coupon`, `money_act_full`, `money_discount`, `money_back`, `money_integral`, `integral`, `coupon_user_id`, `act_full_id`, `ip`, `payment_name`, `payment_code`, `name`, `province_id`, `city_id`, `area_id`, `address_all`, `address_info`, `mobile`, `email`, `zip_code`, `remark`, `deliver_time`, `finish_time`, `trade_sn`, `source`, `logistics_id`, `logistics_name`, `logistics_number`, `is_codconfim`, `codconfirm_id`, `codconfirm_name`, `codconfirm_time`, `codconfirm_remark`, `codconfirm_state`, `create_time`, `update_time`)
VALUES
	(1,'16030717543254558','',1,1,1,'ejavashop',3,NULL,0,0,NULL,NULL,5800.00,0.00,5800.00,0.00,0.00,0.00,0.00,0.00,0.00,0.00,0,0,0,'111.194.212.193','线下','OFFLINE','陈',2,716,937,'北京北京昌平区','沙河','13800138000','','','',NULL,NULL,'',1,0,'','',1,0,'',NULL,'',1,'2016-03-07 17:54:32','2016-03-07 17:57:10'),
	(2,'16030717543257707','',1,2,1,'ejavashop',2,NULL,0,0,NULL,NULL,789.00,0.00,789.00,0.00,0.00,0.00,0.00,0.00,0.00,0.00,0,0,0,'111.194.212.193','线下','OFFLINE','陈',2,716,937,'北京北京昌平区','沙河','13800138000','','','',NULL,NULL,'',1,0,'','',1,0,'',NULL,'',1,'2016-03-07 17:54:32','2016-03-07 17:54:32'),
	(3,'16030717545887428','',1,2,1,'ejavashop',6,NULL,0,0,NULL,NULL,789.00,0.00,789.00,0.00,0.00,0.00,0.00,0.00,0.00,0.00,0,0,0,'111.194.212.193','在线支付','ONLINE','陈',2,716,937,'北京北京昌平区','沙河','13800138000','','','',NULL,NULL,'',1,0,'','',0,0,'',NULL,'',0,'2016-03-07 17:54:58','2016-03-08 17:52:03'),
	(4,'16030815520041639','',1,1,3,'a111',6,NULL,0,0,NULL,NULL,4800.00,0.00,4800.00,0.00,0.00,0.00,0.00,0.00,0.00,0.00,0,0,0,'111.199.189.227','在线支付','ONLINE','sda',2,716,939,'北京北京崇文区','sad','13040699999','','','',NULL,NULL,'',1,0,'','',0,0,'',NULL,'',0,'2016-03-08 15:52:00','2016-03-09 15:52:02'),
	(5,'16030817241433725','',1,1,2,'wangpeng',5,'2016-03-08 17:24:50',1,0,NULL,NULL,5600.00,0.00,5600.00,0.00,5600.00,0.00,0.00,0.00,0.00,0.00,0,0,0,'36.110.119.60','支付宝支付','pcalipay','王朋',2,716,937,'北京北京昌平区','青年创业大厦6层','18612670879','','','','2016-03-08 17:34:39','2016-03-08 17:35:27','2016030821001004960260473829',1,1,'顺丰','2345345',0,0,'',NULL,'',0,'2016-03-08 17:24:14','2016-03-08 17:35:27'),
	(6,'16030817241433792','',1,2,2,'wangpeng',3,'2016-03-08 17:24:50',1,0,NULL,NULL,420.00,0.00,420.00,0.00,420.00,0.00,0.00,0.00,0.00,0.00,0,0,0,'36.110.119.60','支付宝支付','pcalipay','王朋',2,716,937,'北京北京昌平区','青年创业大厦6层','18612670879','','','',NULL,NULL,'2016030821001004960260473829',1,0,'','',0,0,'',NULL,'',0,'2016-03-08 17:24:14','2016-03-08 17:24:50'),
	(7,'16031009314487676','',1,1,4,'aaa',6,NULL,0,0,NULL,NULL,21300.00,0.00,21300.00,0.00,0.00,0.00,0.00,0.00,0.00,0.00,0,0,0,'118.186.197.66','在线支付','ONLINE','于立兴',2,716,937,'北京北京昌平区','low 宴维宴维旅途','15801173305','','','',NULL,NULL,'',2,0,'','',0,0,'',NULL,'',0,'2016-03-10 09:31:44','2016-03-11 09:32:00'),
	(8,'16031010562868975','',1,1,2,'wangpeng',6,NULL,0,0,NULL,NULL,5800.00,0.00,5800.00,0.00,0.00,0.00,0.00,0.00,0.00,0.00,0,0,0,'111.199.189.227','在线支付','ONLINE','王朋',2,716,937,'北京北京昌平区','青年创业大厦6层','18612670879','','','',NULL,NULL,'',1,0,'','',0,0,'',NULL,'',0,'2016-03-10 10:56:28','2016-03-11 11:01:59'),
	(9,'16031210273829854','',1,1,1,'ejavashop',6,NULL,0,0,NULL,NULL,8700.00,0.00,8700.00,0.00,0.00,0.00,0.00,0.00,0.00,0.00,0,0,0,'113.87.110.34','在线支付','ONLINE','陈',2,716,937,'北京北京昌平区','沙河','13800138000','','','',NULL,NULL,'',1,0,'','',0,0,'',NULL,'',0,'2016-03-12 10:27:38','2016-03-13 10:31:57'),
	(10,'16031210273829838','',1,2,1,'ejavashop',6,NULL,0,0,NULL,NULL,789.00,0.00,789.00,0.00,0.00,0.00,0.00,0.00,0.00,0.00,0,0,0,'113.87.110.34','在线支付','ONLINE','陈',2,716,937,'北京北京昌平区','沙河','13800138000','','','',NULL,NULL,'',1,0,'','',0,0,'',NULL,'',0,'2016-03-12 10:27:38','2016-03-13 10:31:57'),
	(11,'16031514270884360','',1,1,5,'annyhuang',3,NULL,0,0,NULL,NULL,3700.00,0.00,3700.00,0.00,0.00,0.00,0.00,0.00,0.00,0.00,0,0,0,'101.95.186.150','线下','OFFLINE','订单',2,716,938,'北京北京朝阳区','素素','15802135259','','','',NULL,NULL,'',1,0,'','',1,0,'',NULL,'',1,'2016-03-15 14:27:08','2016-03-29 10:50:05'),
	(12,'16031514272834309','',1,1,5,'annyhuang',6,NULL,0,0,NULL,NULL,3700.00,0.00,3700.00,0.00,0.00,0.00,0.00,0.00,0.00,0.00,0,0,0,'101.95.186.150','在线支付','ONLINE','订单',2,716,938,'北京北京朝阳区','素素','15802135259','','','',NULL,NULL,'',1,0,'','',0,0,'',NULL,'',0,'2016-03-15 14:27:28','2016-03-16 14:31:53'),
	(13,'16031717333207198','',1,1,2,'wangpeng',6,NULL,0,0,NULL,NULL,5800.00,0.00,5800.00,0.00,0.00,0.00,0.00,0.00,0.00,0.00,0,0,0,'124.193.95.17','在线支付','ONLINE','王朋',2,716,937,'北京北京昌平区','青年创业大厦6层','18612670879','','','',NULL,NULL,'',1,0,'','',0,0,'',NULL,'',0,'2016-03-17 17:33:32','2016-03-18 17:31:50'),
	(14,'16032209460602248','',1,1,6,'wangruchao',6,NULL,0,0,NULL,NULL,4800.00,0.00,4800.00,0.00,0.00,0.00,0.00,0.00,0.00,0.00,0,0,0,'1.202.243.145','在线支付','ONLINE','王儒超',2,716,938,'北京北京朝阳区','2501','13712345678','','','',NULL,'2016-03-22 10:40:29','',1,0,'','',0,0,'',NULL,'',0,'2016-03-22 09:46:06','2016-03-22 10:40:29'),
	(15,'16032210003893323','',1,1,6,'wangruchao',6,NULL,0,0,NULL,NULL,5400.00,0.00,5400.00,0.00,0.00,0.00,0.00,0.00,0.00,0.00,0,0,0,'1.202.243.145','线下','OFFLINE','王儒超',2,716,938,'北京北京朝阳区','2501','13712345678','','','',NULL,'2016-03-22 10:40:32','',1,0,'','',1,0,'',NULL,'',1,'2016-03-22 10:00:38','2016-03-22 10:40:32'),
	(16,'16033111580583196','',1,2,1,'ejavashop',6,NULL,0,0,NULL,NULL,300.00,0.00,300.00,0.00,0.00,0.00,0.00,0.00,0.00,0.00,0,0,0,'118.26.192.203','在线支付','ONLINE','陈',2,716,937,'北京北京昌平区','沙河','13800138000','','','',NULL,NULL,'',1,0,'','',0,0,'',NULL,'',0,'2016-03-31 11:58:05','2016-04-01 12:01:32'),
	(17,'16041217404958239','',1,1,16,'caisunny',5,'2016-04-12 17:41:52',1,0,NULL,NULL,5600.00,0.00,5600.00,0.00,5600.00,0.00,0.00,0.00,0.00,0.00,0,0,0,'61.149.179.190','支付宝支付','pcalipay','蔡鑫鑫',2,716,952,'北京北京西城区','北京市西城区西环广场 T1-22层 ','18515222163','caisunny22@163.com','100032','','2016-04-18 15:47:09','2016-05-03 15:50:00','2016041221001004900214494389',1,1,'顺丰','q',0,0,'',NULL,'',0,'2016-04-12 17:40:49','2016-05-03 15:49:29'),
	(18,'16041811533449139','',1,1,19,'admin',6,NULL,0,0,NULL,NULL,3200.00,0.00,3200.00,0.00,0.00,0.00,0.00,0.00,0.00,0.00,0,0,0,'220.248.17.218','在线支付','ONLINE','张三',2,716,941,'北京北京东城区','新华路58号','13685957895','','','',NULL,NULL,'',1,0,'','',0,0,'',NULL,'',0,'2016-04-18 11:53:34','2016-04-19 11:54:49'),
	(19,'16041812421874168','',1,1,19,'admin',6,NULL,0,0,NULL,NULL,5600.00,0.00,5600.00,0.00,0.00,0.00,0.00,0.00,0.00,0.00,0,0,0,'220.248.17.218','在线支付','ONLINE','张三',2,716,941,'北京北京东城区','新华路58号','13685957895','','','',NULL,NULL,'',1,0,'','',0,0,'',NULL,'',0,'2016-04-18 12:42:18','2016-04-19 12:44:49'),
	(20,'16041812423628890','',1,1,19,'admin',6,NULL,0,0,NULL,NULL,5700.00,0.00,5700.00,0.00,0.00,0.00,0.00,0.00,0.00,0.00,0,0,0,'220.248.17.218','在线支付','ONLINE','张三',2,716,941,'北京北京东城区','新华路58号','13685957895','','','',NULL,NULL,'',1,0,'','',0,0,'',NULL,'',0,'2016-04-18 12:42:36','2016-04-19 12:44:49'),
	(21,'16042515502028813','',1,2,1,'ejavashop',5,'2016-04-25 15:50:55',1,0,NULL,NULL,300.00,0.00,300.00,0.00,300.00,0.00,0.00,0.00,300.00,0.00,0,0,0,'111.194.212.175','支付宝支付','pcalipay','陈',2,716,937,'北京北京昌平区','沙河','13800138000','','','','2016-04-25 15:52:48','2016-04-25 15:53:08','2016042521001004750289171288',1,1,'顺丰','1',0,0,'',NULL,'',0,'2016-04-25 15:50:20','2016-04-25 15:55:52'),
	(22,'16042610214072550','',1,2,1,'ejavashop',3,'2016-04-26 10:24:43',1,0,NULL,NULL,300.00,0.00,150.00,0.00,150.00,0.00,0.00,0.00,0.00,0.00,0,0,0,'111.194.212.175','支付宝支付','pcalipay','陈',2,716,937,'北京北京昌平区','沙河','13800138000','','','',NULL,NULL,'2016042621001004750289004827',1,0,'','',0,0,'',NULL,'',0,'2016-04-26 10:21:40','2016-04-26 10:24:43'),
	(23,'16042610342988194','',1,2,1,'ejavashop',5,'2016-04-26 10:36:21',1,0,NULL,NULL,300.00,0.00,280.00,100.00,177.00,0.00,0.00,0.00,280.00,3.00,30,0,0,'111.194.212.175','支付宝支付','pcalipay','陈',2,716,937,'北京北京昌平区','沙河','13800138000','','','','2016-04-26 10:59:49','2016-04-26 10:59:35','2016042621001004750289592139',1,1,'顺丰','2',0,0,'',NULL,'',0,'2016-04-26 10:34:29','2016-04-26 11:01:47'),
	(24,'16050316295855337','',1,1,26,'caisunny11',3,'2016-05-03 16:32:43',1,0,NULL,NULL,5300.00,0.00,5300.00,0.00,5300.00,0.00,0.00,0.00,0.00,0.00,0,0,0,'106.38.34.114','支付宝支付','h5alipay','蔡鑫鑫',2,716,938,'北京北京朝阳区','高和蓝峰','18515222163','','100011','',NULL,NULL,'2016050321001004900284370536',2,0,'','',0,0,'',NULL,'',0,'2016-05-03 16:29:58','2016-05-03 16:32:43'),
	(25,'16050513565553882','',1,1,28,'cj901921',6,NULL,0,0,NULL,NULL,5400.00,0.00,5400.00,0.00,0.00,0.00,0.00,0.00,0.00,0.00,0,0,0,'116.228.89.28','在线支付','ONLINE','赵守义',10,718,2605,'上海上海浦东新区','张江镇','18667027576','','','',NULL,NULL,'',1,0,'','',0,0,'',NULL,'',0,'2016-05-05 13:56:55','2016-05-06 16:04:25'),
	(26,'16050513565553836','',1,2,28,'cj901921',6,NULL,0,0,NULL,NULL,300.00,0.00,300.00,0.00,0.00,0.00,0.00,0.00,0.00,0.00,0,0,0,'116.228.89.28','在线支付','ONLINE','赵守义',10,718,2605,'上海上海浦东新区','张江镇','18667027576','','','',NULL,'2016-05-05 17:31:50','',1,0,'','',0,0,'',NULL,'',0,'2016-05-05 13:56:55','2016-05-05 17:31:50'),
	(27,'16050517300264758','',1,2,28,'cj901921',6,NULL,0,0,NULL,NULL,774.00,0.00,774.00,0.00,0.00,0.00,0.00,0.00,0.00,0.00,0,0,0,'116.228.89.28','线下','OFFLINE','赵守义',10,718,2605,'上海上海浦东新区','张江镇','18667027576','','','',NULL,'2016-05-05 17:31:41','',1,0,'','',1,0,'',NULL,'',1,'2016-05-05 17:30:02','2016-05-05 17:31:41'),
	(28,'16050609592053825','',1,1,29,'mikosan',6,NULL,0,0,NULL,NULL,5400.00,0.00,5400.00,0.00,0.00,0.00,0.00,0.00,0.00,2.00,20,0,0,'112.65.160.54','在线支付','ONLINE','宋畅',10,718,2609,'上海上海徐汇区','阿斯顿法国红酒快乐','13500000000','','200000','',NULL,NULL,'',2,0,'','',0,0,'',NULL,'',0,'2016-05-06 09:59:20','2016-05-07 10:04:24'),
	(29,'16050610575881937','',1,1,1,'ejavashop',6,NULL,0,0,NULL,NULL,5800.00,0.00,5800.00,0.00,0.00,0.00,0.00,0.00,0.00,4.00,40,0,0,'111.194.202.37','在线支付','ONLINE','陈',2,716,937,'北京北京昌平区','沙河','13800138000','','','',NULL,NULL,'',1,0,'','',0,0,'',NULL,'',0,'2016-05-06 10:57:58','2016-05-07 11:04:24'),
	(30,'16050610575881985','',1,2,1,'ejavashop',6,NULL,0,0,NULL,NULL,300.00,0.00,300.00,0.00,0.00,0.00,0.00,0.00,0.00,1.00,10,0,0,'111.194.202.37','在线支付','ONLINE','陈',2,716,937,'北京北京昌平区','沙河','13800138000','','','',NULL,NULL,'',1,0,'','',0,0,'',NULL,'',0,'2016-05-06 10:57:58','2016-05-07 11:04:24'),
	(31,'16051215403324925','',1,1,35,'lisisi',6,NULL,0,0,NULL,NULL,4500.00,0.00,4500.00,0.00,0.00,0.00,0.00,0.00,0.00,0.00,0,0,0,'111.37.18.205','在线支付','ONLINE','dsf',6,65,1132,'内蒙古赤峰红山区','dsfds','13222222222','','','',NULL,NULL,'',1,0,'','',0,0,'',NULL,'',0,'2016-05-12 15:40:33','2016-05-13 15:44:16'),
	(32,'16051800463320247','',1,2,1,'ejavashop',3,'2016-05-18 00:46:33',1,0,NULL,NULL,99.00,0.00,99.00,99.00,0.00,0.00,0.00,0.00,0.00,0.00,0,0,0,'182.48.110.11','余额支付','BALANCE','dd',2,716,937,'北京北京昌平区','ddd','13800138000','','','',NULL,NULL,'',1,0,'','',0,0,'',NULL,'',0,'2016-05-18 00:46:33','2016-05-18 00:46:33'),
	(33,'16051800470615530','',1,2,1,'ejavashop',3,'2016-05-18 00:47:06',1,0,NULL,NULL,99.00,0.00,99.00,99.00,0.00,0.00,0.00,0.00,0.00,0.00,0,0,0,'182.48.110.11','余额支付','BALANCE','dd',2,716,937,'北京北京昌平区','ddd','13800138000','','','',NULL,NULL,'',1,0,'','',0,0,'',NULL,'',0,'2016-05-18 00:47:06','2016-05-18 00:47:06'),
	(34,'16051800475960870','',1,2,1,'ejavashop',3,'2016-05-18 00:48:14',1,0,NULL,NULL,99.00,0.00,99.00,0.00,99.00,0.00,0.00,0.00,0.00,0.00,0,0,0,'182.48.110.11','支付宝支付','pcalipay','dd',2,716,937,'北京北京昌平区','ddd','13800138000','','','',NULL,NULL,'2016051821001004750204436852',1,0,'','',0,0,'',NULL,'',0,'2016-05-18 00:47:59','2016-05-18 00:48:14'),
	(35,'16051800503620246','',1,2,1,'ejavashop',3,'2016-05-18 00:50:53',1,0,NULL,NULL,99.00,0.00,99.00,0.00,99.00,0.00,0.00,0.00,0.00,0.00,0,0,0,'182.48.110.11','支付宝支付','pcalipay','dd',2,716,937,'北京北京昌平区','ddd','13800138000','','','',NULL,NULL,'2016051821001004750205392616',1,0,'','',0,0,'',NULL,'',0,'2016-05-18 00:50:36','2016-05-18 00:50:53'),
	(36,'16051800530693635','',1,2,1,'ejavashop',3,'2016-05-18 00:53:06',1,0,NULL,NULL,99.00,0.00,99.00,99.00,0.00,0.00,0.00,0.00,0.00,0.00,0,0,0,'182.48.110.11','余额支付','BALANCE','dd',2,716,937,'北京北京昌平区','ddd','13800138000','','','',NULL,NULL,'',1,0,'','',0,0,'',NULL,'',0,'2016-05-18 00:53:06','2016-05-18 00:53:06'),
	(37,'16051816571090538','',1,1,2,'wangpeng',1,NULL,0,0,NULL,NULL,5800.00,0.00,5800.00,0.00,0.00,0.00,0.00,0.00,0.00,0.00,0,0,0,'111.199.186.33','在线支付','ONLINE','王朋',2,716,937,'北京北京昌平区','青年创业大厦6层','18612670879','','','',NULL,NULL,'',1,0,'','',0,0,'',NULL,'',0,'2016-05-18 16:57:10','2016-05-18 16:57:10');

/*!40000 ALTER TABLE `orders` ENABLE KEYS */;
UNLOCK TABLES;


# Dump of table orders_product
# ------------------------------------------------------------

DROP TABLE IF EXISTS `orders_product`;

CREATE TABLE `orders_product` (
  `id` int(11) NOT NULL AUTO_INCREMENT,
  `orders_id` int(11) NOT NULL COMMENT '订单ID',
  `orders_sn` varchar(100) NOT NULL COMMENT '订单号',
  `seller_id` int(11) NOT NULL COMMENT '商家ID',
  `product_cate_id` int(11) DEFAULT NULL COMMENT '商品分类ID',
  `product_id` int(11) NOT NULL COMMENT '商品id',
  `product_goods_id` int(11) NOT NULL COMMENT '货品ID',
  `spec_info` varchar(255) DEFAULT NULL COMMENT '规格详情',
  `product_name` varchar(255) NOT NULL COMMENT '商品名称',
  `product_sku` varchar(60) NOT NULL COMMENT '抽象商品sku',
  `package_groups_id` int(11) NOT NULL DEFAULT '0' COMMENT '促销套装0、不是促销套装；大于0，促销套装ID，价格是促销套装的ID',
  `mall_groups_id` int(11) NOT NULL DEFAULT '0' COMMENT '商城套装0，不是上次套装；大于0商城套装ID',
  `gift_id` int(11) NOT NULL DEFAULT '0' COMMENT '赠品ID 0:不是赠品；大于0：是赠品，存赠品的ID',
  `is_gift` tinyint(1) NOT NULL DEFAULT '0' COMMENT '是否是赠品，0、不是；1、是；',
  `money_price` decimal(10,2) NOT NULL DEFAULT '0.00' COMMENT '商品单价',
  `number` int(11) NOT NULL COMMENT '商品数量',
  `money_amount` decimal(10,2) NOT NULL COMMENT '网单金额（减去立减优惠后的金额和）',
  `money_act_single` decimal(10,2) NOT NULL COMMENT '立减优惠金额和',
  `act_single_id` int(11) NOT NULL DEFAULT '0' COMMENT '单品立减活动ID，无设置0',
  `activity_id` int(11) NOT NULL DEFAULT '0' COMMENT '团购ID，为0正常购买',
  `act_flash_sale_id` int(11) NOT NULL DEFAULT '0' COMMENT '限时抢购ID，为0正常购买',
  `act_flash_sale_product_id` int(11) NOT NULL DEFAULT '0' COMMENT '限时抢购活动商品ID',
  `logistics_id` int(11) DEFAULT NULL COMMENT '物流',
  `logistics_name` varchar(100) DEFAULT NULL COMMENT '物流name',
  `logistics_number` varchar(100) DEFAULT NULL COMMENT '发票快递单号',
  `shipping_time` datetime DEFAULT NULL COMMENT '发货时间',
  `close_time` datetime DEFAULT NULL COMMENT '网单完成关闭或取消关闭时间',
  `system_remark` text COMMENT '系统备注，不给用户显示',
  `member_product_back_id` int(11) NOT NULL COMMENT '退货ID，默认为0',
  `member_product_exchange_id` int(11) NOT NULL COMMENT '换货ID，默认为0',
  `create_time` datetime NOT NULL,
  `update_time` datetime NOT NULL,
  PRIMARY KEY (`id`)
) ENGINE=InnoDB DEFAULT CHARSET=utf8 COMMENT='网单表';

LOCK TABLES `orders_product` WRITE;
/*!40000 ALTER TABLE `orders_product` DISABLE KEYS */;

INSERT INTO `orders_product` (`id`, `orders_id`, `orders_sn`, `seller_id`, `product_cate_id`, `product_id`, `product_goods_id`, `spec_info`, `product_name`, `product_sku`, `package_groups_id`, `mall_groups_id`, `gift_id`, `is_gift`, `money_price`, `number`, `money_amount`, `money_act_single`, `act_single_id`, `activity_id`, `act_flash_sale_id`, `act_flash_sale_product_id`, `logistics_id`, `logistics_name`, `logistics_number`, `shipping_time`, `close_time`, `system_remark`, `member_product_back_id`, `member_product_exchange_id`, `create_time`, `update_time`)
VALUES
	(1,1,'16030717543254558',1,9,2,2,'','联想（Lenovo）14英寸超便携本（6Y30 4G  摄像头 蓝牙 win10）','234536456',0,0,0,0,5800.00,1,5800.00,0.00,0,0,0,0,NULL,NULL,NULL,NULL,NULL,NULL,0,0,'2016-03-07 17:54:32','2016-03-07 17:54:32'),
	(2,2,'16030717543257707',2,25,28,62,'颜色,黑色;尺寸,XXL','2016春季大码韩版修身毛呢外套 呢子大衣立体领 翻领羊毛尼中长款秋冬装','645785',0,0,0,0,789.00,1,789.00,0.00,0,0,0,0,NULL,NULL,NULL,NULL,NULL,NULL,0,0,'2016-03-07 17:54:32','2016-03-07 17:54:32'),
	(3,3,'16030717545887428',2,25,28,62,'颜色,黑色;尺寸,XXL','2016春季大码韩版修身毛呢外套 呢子大衣立体领 翻领羊毛尼中长款秋冬装','645785',0,0,0,0,789.00,1,789.00,0.00,0,0,0,0,NULL,NULL,NULL,NULL,NULL,NULL,0,0,'2016-03-07 17:54:58','2016-03-07 17:54:58'),
	(4,4,'16030815520041639',1,9,14,14,'','联想（ThinkPad） 轻薄系列E450C(20EH0001CD)14英寸笔记本电脑','4356456',0,0,0,0,4800.00,1,4800.00,0.00,0,0,0,0,NULL,NULL,NULL,NULL,NULL,NULL,0,0,'2016-03-08 15:52:00','2016-03-08 15:52:00'),
	(5,5,'16030817241433725',1,9,15,15,'','联想（ThinkPad）E450C(20EH0000CD) 0CD 14寸笔记本电脑I3-4005U 4G 500G独显(官方标配)','4563412',0,0,0,0,5600.00,1,5600.00,0.00,0,0,0,0,NULL,NULL,NULL,NULL,NULL,NULL,0,0,'2016-03-08 17:24:14','2016-03-08 17:24:14'),
	(6,6,'16030817241433792',2,28,19,22,'颜色,红色;尺寸,L','韩国春装新品花边立领长袖单排扣松紧腰打底连衣裙送腰带','234561',0,0,0,0,162.00,1,162.00,0.00,0,0,0,0,NULL,NULL,NULL,NULL,NULL,NULL,0,0,'2016-03-08 17:24:14','2016-03-08 17:24:14'),
	(7,6,'16030817241433792',2,28,20,26,'颜色,红色;尺寸,L','毛呢连衣裙秋冬装新款修身长袖格子打底裙高领针织毛衣裙','321456',0,0,0,0,258.00,1,258.00,0.00,0,0,0,0,NULL,NULL,NULL,NULL,NULL,NULL,0,0,'2016-03-08 17:24:14','2016-03-08 17:24:14'),
	(8,7,'16031009314487676',1,9,15,15,'','联想（ThinkPad）E450C(20EH0000CD) 0CD 14寸笔记本电脑I3-4005U 4G 500G独显(官方标配)','4563412',0,0,0,0,5400.00,1,5400.00,0.00,0,0,0,0,NULL,NULL,NULL,NULL,NULL,NULL,0,0,'2016-03-10 09:31:44','2016-03-10 09:31:44'),
	(9,7,'16031009314487676',1,9,16,16,'','联想 (ThinkPad) E450（20DCA05MCD）14英寸 商务便携 笔记本电脑 金属壳更耐用（i5-4300U 4G内存 500G硬盘 2G独显 win8）','239764',0,0,0,0,5300.00,3,15900.00,0.00,0,0,0,0,NULL,NULL,NULL,NULL,NULL,NULL,0,0,'2016-03-10 09:31:44','2016-03-10 09:31:44'),
	(10,8,'16031010562868975',1,9,2,2,'','联想（Lenovo）14英寸超便携本（6Y30 4G  摄像头 蓝牙 win10）','234536456',0,0,0,0,5800.00,1,5800.00,0.00,0,0,0,0,NULL,NULL,NULL,NULL,NULL,NULL,0,0,'2016-03-10 10:56:28','2016-03-10 10:56:28'),
	(11,9,'16031210273829854',1,9,1,1,'','Apple MacBook Pro 13.3英寸笔记本电脑MF839CH/A','2344564',0,0,0,0,8700.00,1,8700.00,0.00,0,0,0,0,NULL,NULL,NULL,NULL,NULL,NULL,0,0,'2016-03-12 10:27:38','2016-03-12 10:27:38'),
	(12,10,'16031210273829838',2,25,28,62,'颜色,黑色;尺寸,XXL','2016春季大码韩版修身毛呢外套 呢子大衣立体领 翻领羊毛尼中长款秋冬装','645785',0,0,0,0,789.00,1,789.00,0.00,0,0,0,0,NULL,NULL,NULL,NULL,NULL,NULL,0,0,'2016-03-12 10:27:38','2016-03-12 10:27:38'),
	(13,11,'16031514270884360',1,9,5,5,'','联想（Lenovo）天逸100 15.6英寸笔记本电脑','47657345',0,0,0,0,3700.00,1,3700.00,0.00,0,0,0,0,NULL,NULL,NULL,NULL,NULL,NULL,0,0,'2016-03-15 14:27:08','2016-03-15 14:27:08'),
	(14,12,'16031514272834309',1,9,5,5,'','联想（Lenovo）天逸100 15.6英寸笔记本电脑','47657345',0,0,0,0,3700.00,1,3700.00,0.00,0,0,0,0,NULL,NULL,NULL,NULL,NULL,NULL,0,0,'2016-03-15 14:27:28','2016-03-15 14:27:28'),
	(15,13,'16031717333207198',1,9,2,2,'','联想（Lenovo）14英寸超便携本（6Y30 4G  摄像头 蓝牙 win10）','234536456',0,0,0,0,5800.00,1,5800.00,0.00,0,0,0,0,NULL,NULL,NULL,NULL,NULL,NULL,0,0,'2016-03-17 17:33:32','2016-03-17 17:33:32'),
	(16,14,'16032209460602248',1,9,14,14,'','联想（ThinkPad） 轻薄系列E450C(20EH0001CD)14英寸笔记本电脑','4356456',0,0,0,0,4800.00,1,4800.00,0.00,0,0,0,0,NULL,NULL,NULL,NULL,NULL,NULL,0,0,'2016-03-22 09:46:06','2016-03-22 09:46:06'),
	(17,15,'16032210003893323',1,9,16,16,'','联想 (ThinkPad) E450（20DCA05MCD）14英寸 商务便携 笔记本电脑 金属壳更耐用（i5-4300U 4G内存 500G硬盘 2G独显 win8）','239764',0,0,0,0,5400.00,1,5400.00,0.00,0,0,0,0,NULL,NULL,NULL,NULL,NULL,NULL,0,0,'2016-03-22 10:00:38','2016-03-22 10:00:38'),
	(18,16,'16033111580583196',2,25,26,52,'颜色,蓝色;尺寸,L','莉菲姿 夏装新款女装韩版时尚印花休闲运动套装女','987653',0,0,0,0,300.00,1,300.00,0.00,0,0,0,0,NULL,NULL,NULL,NULL,NULL,NULL,0,0,'2016-03-31 11:58:05','2016-03-31 11:58:05'),
	(19,17,'16041217404958239',1,9,15,15,'','联想（ThinkPad）E450C(20EH0000CD) 0CD 14寸笔记本电脑I3-4005U 4G 500G独显(官方标配)','4563412',0,0,0,0,5600.00,1,5600.00,0.00,0,0,0,0,NULL,NULL,NULL,NULL,NULL,NULL,0,0,'2016-04-12 17:40:49','2016-04-12 17:40:49'),
	(20,18,'16041811533449139',1,9,13,13,'','惠普（HP） 轻薄系列 HP15-ac190TX 15.6英寸超薄笔记本 （i5-4210U 4G 500G R5 M330 2G独显 摄像头 读卡器 无光驱 Win10 曜石黑）','4672345',0,0,0,0,3200.00,1,3200.00,0.00,0,0,0,0,NULL,NULL,NULL,NULL,NULL,NULL,0,0,'2016-04-18 11:53:34','2016-04-18 11:53:34'),
	(21,19,'16041812421874168',1,9,15,15,'','联想（ThinkPad）E450C(20EH0000CD) 0CD 14寸笔记本电脑I3-4005U 4G 500G独显(官方标配)','4563412',0,0,0,0,5600.00,1,5600.00,0.00,0,0,0,0,NULL,NULL,NULL,NULL,NULL,NULL,0,0,'2016-04-18 12:42:18','2016-04-18 12:42:18'),
	(22,20,'16041812423628890',1,9,11,11,'','联想（Lenovo）G50-70MA 15.6英寸笔记本电脑','6894532',0,0,0,0,5700.00,1,5700.00,0.00,0,0,0,0,NULL,NULL,NULL,NULL,NULL,NULL,0,0,'2016-04-18 12:42:36','2016-04-18 12:42:36'),
	(23,21,'16042515502028813',2,25,26,52,'颜色,蓝色;尺寸,L','莉菲姿 夏装新款女装韩版时尚印花休闲运动套装女','987653',0,0,0,0,300.00,1,300.00,0.00,0,0,0,0,NULL,NULL,NULL,NULL,NULL,NULL,1,0,'2016-04-25 15:50:20','2016-04-25 15:53:38'),
	(24,22,'16042610214072550',2,25,26,52,'颜色,蓝色;尺寸,L','莉菲姿 夏装新款女装韩版时尚印花休闲运动套装女','987653',0,0,0,0,300.00,1,300.00,0.00,0,0,0,0,NULL,NULL,NULL,NULL,NULL,NULL,0,0,'2016-04-26 10:21:40','2016-04-26 10:21:40'),
	(25,23,'16042610342988194',2,25,26,52,'颜色,蓝色;尺寸,L','莉菲姿 夏装新款女装韩版时尚印花休闲运动套装女','987653',0,0,0,0,300.00,1,300.00,0.00,0,0,0,0,NULL,NULL,NULL,NULL,NULL,NULL,2,0,'2016-04-26 10:34:29','2016-04-26 10:59:49'),
	(26,24,'16050316295855337',1,9,16,16,'','联想 (ThinkPad) E450（20DCA05MCD）14英寸 商务便携 笔记本电脑 金属壳更耐用（i5-4300U 4G内存 500G硬盘 2G独显 win8）','239764',0,0,0,0,5300.00,1,5300.00,0.00,0,0,0,0,NULL,NULL,NULL,NULL,NULL,NULL,0,0,'2016-05-03 16:29:58','2016-05-03 16:29:58'),
	(27,25,'16050513565553882',1,9,16,16,'','联想 (ThinkPad) E450（20DCA05MCD）14英寸 商务便携 笔记本电脑 金属壳更耐用（i5-4300U 4G内存 500G硬盘 2G独显 win8）','239764',0,0,0,0,5400.00,1,5400.00,0.00,0,0,0,0,NULL,NULL,NULL,NULL,NULL,NULL,0,0,'2016-05-05 13:56:55','2016-05-05 13:56:55'),
	(28,26,'16050513565553836',2,25,26,52,'颜色,蓝色;尺寸,L','莉菲姿 夏装新款女装韩版时尚印花休闲运动套装女','987653',0,0,0,0,300.00,1,300.00,0.00,0,0,0,0,NULL,NULL,NULL,NULL,NULL,NULL,0,0,'2016-05-05 13:56:55','2016-05-05 13:56:55'),
	(29,27,'16050517300264758',2,28,20,27,'颜色,红色;尺寸,M','毛呢连衣裙秋冬装新款修身长袖格子打底裙高领针织毛衣裙','321455',0,0,0,0,258.00,3,774.00,0.00,0,0,0,0,NULL,NULL,NULL,NULL,NULL,NULL,0,0,'2016-05-05 17:30:02','2016-05-05 17:30:02'),
	(30,28,'16050609592053825',1,9,15,15,'','联想（ThinkPad）E450C(20EH0000CD) 0CD 14寸笔记本电脑I3-4005U 4G 500G独显(官方标配)','4563412',0,0,0,0,5400.00,1,5400.00,0.00,0,0,0,0,NULL,NULL,NULL,NULL,NULL,NULL,0,0,'2016-05-06 09:59:20','2016-05-06 09:59:20'),
	(31,29,'16050610575881937',1,9,2,2,'','联想（Lenovo）14英寸超便携本（6Y30 4G  摄像头 蓝牙 win10）','234536456',0,0,0,0,5800.00,1,5800.00,0.00,0,0,0,0,NULL,NULL,NULL,NULL,NULL,NULL,0,0,'2016-05-06 10:57:58','2016-05-06 10:57:58'),
	(32,30,'16050610575881985',2,25,26,52,'颜色,蓝色;尺寸,L','莉菲姿 夏装新款女装韩版时尚印花休闲运动套装女','987653',0,0,0,0,300.00,1,300.00,0.00,0,0,0,0,NULL,NULL,NULL,NULL,NULL,NULL,0,0,'2016-05-06 10:57:58','2016-05-06 10:57:58'),
	(33,31,'16051215403324925',1,9,9,9,'','宏碁（Acer）E5-571G-54N5 15.6英寸笔记本电脑(I5-5200U/4GB)','356456',0,0,0,0,4500.00,1,4500.00,0.00,0,0,0,0,NULL,NULL,NULL,NULL,NULL,NULL,0,0,'2016-05-12 15:40:33','2016-05-12 15:40:33'),
	(34,32,'16051800463320247',2,28,23,40,'颜色,蓝色;尺寸,M','莉菲姿 2015秋季新款韩版修身显瘦长袖连衣裙格子打底裙女长裙(优雅休闲英伦)','654321',0,0,0,0,99.00,1,99.00,0.00,0,0,0,0,NULL,NULL,NULL,NULL,NULL,NULL,0,0,'2016-05-18 00:46:33','2016-05-18 00:46:33'),
	(35,33,'16051800470615530',2,28,23,40,'颜色,蓝色;尺寸,M','莉菲姿 2015秋季新款韩版修身显瘦长袖连衣裙格子打底裙女长裙(优雅休闲英伦)','654321',0,0,0,0,99.00,1,99.00,0.00,0,0,0,0,NULL,NULL,NULL,NULL,NULL,NULL,0,0,'2016-05-18 00:47:06','2016-05-18 00:47:06'),
	(36,34,'16051800475960870',2,28,23,40,'颜色,蓝色;尺寸,M','莉菲姿 2015秋季新款韩版修身显瘦长袖连衣裙格子打底裙女长裙(优雅休闲英伦)','654321',0,0,0,0,99.00,1,99.00,0.00,0,0,0,0,NULL,NULL,NULL,NULL,NULL,NULL,0,0,'2016-05-18 00:47:59','2016-05-18 00:47:59'),
	(37,35,'16051800503620246',2,28,23,40,'颜色,蓝色;尺寸,M','莉菲姿 2015秋季新款韩版修身显瘦长袖连衣裙格子打底裙女长裙(优雅休闲英伦)','654321',0,0,0,0,99.00,1,99.00,0.00,0,0,0,0,NULL,NULL,NULL,NULL,NULL,NULL,0,0,'2016-05-18 00:50:36','2016-05-18 00:50:36'),
	(38,36,'16051800530693635',2,28,23,41,'颜色,蓝色;尺寸,L','莉菲姿 2015秋季新款韩版修身显瘦长袖连衣裙格子打底裙女长裙(优雅休闲英伦)','654322',0,0,0,0,99.00,1,99.00,0.00,0,0,0,0,NULL,NULL,NULL,NULL,NULL,NULL,0,0,'2016-05-18 00:53:06','2016-05-18 00:53:06'),
	(39,37,'16051816571090538',1,9,2,2,'','联想（Lenovo）14英寸超便携本（6Y30 4G  摄像头 蓝牙 win10）','234536456',0,0,0,0,5800.00,1,5800.00,0.00,0,0,0,0,NULL,NULL,NULL,NULL,NULL,NULL,0,0,'2016-05-18 16:57:10','2016-05-18 16:57:10');

/*!40000 ALTER TABLE `orders_product` ENABLE KEYS */;
UNLOCK TABLES;


# Dump of table product
# ------------------------------------------------------------

DROP TABLE IF EXISTS `product`;

CREATE TABLE `product` (
  `id` int(11) NOT NULL AUTO_INCREMENT,
  `product_cate_id` int(11) NOT NULL COMMENT '分类ID',
  `name1` varchar(200) NOT NULL DEFAULT '' COMMENT '商品名称建议50个字符',
  `name2` varchar(200) NOT NULL DEFAULT '' COMMENT '商品促销信息（建议100个字符）',
  `keyword` varchar(200) NOT NULL COMMENT '商品关键字，用于检索商品，用逗号分隔',
  `product_brand_id` int(11) NOT NULL COMMENT '品牌ID',
  `is_self` tinyint(4) NOT NULL COMMENT '1、自营；2、商家',
  `cost_price` decimal(10,2) NOT NULL COMMENT '成本价',
  `protected_price` decimal(10,2) NOT NULL COMMENT '保护价，最低价格不能低于',
  `market_price` decimal(10,2) NOT NULL COMMENT '市场价',
  `mall_pc_price` decimal(10,2) NOT NULL COMMENT '商城价',
  `mal_mobile_price` decimal(10,2) NOT NULL COMMENT '商城价Mobile',
  `virtual_sales` int(11) NOT NULL COMMENT '虚拟销量',
  `actual_sales` int(11) NOT NULL COMMENT '实际销量',
  `product_stock` int(11) NOT NULL COMMENT '商品库存',
  `is_norm` tinyint(4) NOT NULL COMMENT '1、没有启用规格；2、启用规格',
  `norm_ids` varchar(255) NOT NULL COMMENT '规格ID集合',
  `norm_name` varchar(255) NOT NULL DEFAULT '' COMMENT '规格属性值集合 空',
  `state` tinyint(3) NOT NULL DEFAULT '0' COMMENT '1、刚创建；2、提交审核；3、审核通过；4、申请驳回；5、商品删除；6、上架；7、下架',
  `is_top` tinyint(4) NOT NULL COMMENT '1、不推荐；2、推荐',
  `up_time` datetime NOT NULL COMMENT '商品上架时间',
  `description` text NOT NULL COMMENT '商品描述信息',
  `packing` text NOT NULL COMMENT '包装清单',
  `seller_id` int(11) NOT NULL COMMENT '商家ID',
  `create_id` int(11) NOT NULL COMMENT '创建人',
  `create_time` datetime NOT NULL COMMENT '创建时间',
  `update_time` datetime NOT NULL COMMENT '更新时间',
  `seller_cate_id` int(11) NOT NULL COMMENT '商家分类ID',
  `seller_is_top` tinyint(4) NOT NULL COMMENT '商品推荐，1、不推荐；2、推荐  推荐的商品会显示到店铺的首页',
  `seller_state` tinyint(4) NOT NULL COMMENT '店铺状态：1、店铺正常；2、店铺关闭 默认1',
  `comments_number` int(11) NOT NULL DEFAULT '0' COMMENT '评价总数',
  `product_cate_state` tinyint(4) NOT NULL COMMENT '平台商品分类状态：1、分类正常；2、分类关闭 默认1',
  `is_invented_product` tinyint(4) NOT NULL COMMENT '是否是虚拟商品：1、实物商品；2、虚拟商品',
  `transport_id` int(11) DEFAULT NULL COMMENT '运费模板id',
  `master_img` varchar(200) NOT NULL DEFAULT '' COMMENT '主图',
  `product_code` varchar(50) NOT NULL DEFAULT '' COMMENT '商品编码',
  PRIMARY KEY (`id`)
) ENGINE=InnoDB DEFAULT CHARSET=utf8 COMMENT='商品表';

LOCK TABLES `product` WRITE;
/*!40000 ALTER TABLE `product` DISABLE KEYS */;

INSERT INTO `product` (`id`, `product_cate_id`, `name1`, `name2`, `keyword`, `product_brand_id`, `is_self`, `cost_price`, `protected_price`, `market_price`, `mall_pc_price`, `mal_mobile_price`, `virtual_sales`, `actual_sales`, `product_stock`, `is_norm`, `norm_ids`, `norm_name`, `state`, `is_top`, `up_time`, `description`, `packing`, `seller_id`, `create_id`, `create_time`, `update_time`, `seller_cate_id`, `seller_is_top`, `seller_state`, `comments_number`, `product_cate_state`, `is_invented_product`, `transport_id`, `master_img`, `product_code`)
VALUES
	(1,9,'Apple MacBook Pro 13.3英寸笔记本电脑MF839CH/A','Retina 显示屏/8G/128G','苹果笔记本',5,1,7000.00,7000.00,8900.00,8700.00,8600.00,50,13,489,1,'','',6,2,'2015-12-28 23:29:38','<table  border=\"0\" cellspacing=\"0\" cellpadding=\"0\" style=\"border-spacing: 0px; margin: 0px auto; color: rgb(51, 51, 51); font-family: Arial, SimSun, Tahoma, Helvetica, sans-serif; font-size: 12px; line-height: 18px; white-space: normal; widows: 1;\"><tbody><tr><td style=\"padding: 0px; border-collapse: collapse; border-spacing: 0px;\"><a href=\"http://shop.gome.com.cn/apple\" target=\"_blank\" style=\"color: rgb(64, 64, 64); outline: 0px; cursor: pointer; border-style: none;\"><img src=\"http://img5.gomein.net.cn/image/prodimg/productDesc/descImg/201512/desc1223-111/1122400452/20151223.jpg\" class=\"gomeImgLoad\" gome-src=\"http://img5.gomein.net.cn/image/prodimg/productDesc/descImg/201512/desc1223-111/1122400452/20151223.jpg\"  style=\"border: none; vertical-align: middle; display: inline-block;\"/></a></td></tr><tr><td style=\"padding: 0px; border-collapse: collapse; border-spacing: 0px;\">&nbsp;</td></tr></tbody></table><table  border=\"0\" cellspacing=\"0\" cellpadding=\"0\" style=\"border-spacing: 0px; margin: 0px auto; color: rgb(51, 51, 51); font-family: Arial, SimSun, Tahoma, Helvetica, sans-serif; font-size: 12px; line-height: 18px; white-space: normal; widows: 1;\"><tbody><tr><td style=\"padding: 0px; border-collapse: collapse; border-spacing: 0px;\"><img src=\"http://img5.gomein.net.cn/image/prodimg/productDesc/descImg/201512/desc1223-111/1122400452/00_01.jpg\" class=\"gomeImgLoad\" gome-src=\"http://img5.gomein.net.cn/image/prodimg/productDesc/descImg/201512/desc1223-111/1122400452/00_01.jpg\"  alt=\"\" style=\"border: none; vertical-align: middle; display: inline-block;\"/></td></tr><tr><td style=\"padding: 0px; border-collapse: collapse; border-spacing: 0px;\"><img src=\"http://img5.gomein.net.cn/image/prodimg/productDesc/descImg/201512/desc1223-111/1122400452/00_03.jpg\" class=\"gomeImgLoad\" gome-src=\"http://img5.gomein.net.cn/image/prodimg/productDesc/descImg/201512/desc1223-111/1122400452/00_03.jpg\"  alt=\"\" style=\"border: none; vertical-align: middle; display: inline-block;\"/></td></tr><tr><td style=\"padding: 0px; border-collapse: collapse; border-spacing: 0px;\"><img src=\"http://img5.gomein.net.cn/image/prodimg/productDesc/descImg/201512/desc1223-111/1122400452/00_04.jpg\" class=\"gomeImgLoad\" gome-src=\"http://img5.gomein.net.cn/image/prodimg/productDesc/descImg/201512/desc1223-111/1122400452/00_04.jpg\"  alt=\"\" style=\"border: none; vertical-align: middle; display: inline-block;\"/></td></tr><tr><td style=\"padding: 0px; border-collapse: collapse; border-spacing: 0px;\"><img src=\"http://img5.gomein.net.cn/image/prodimg/productDesc/descImg/201512/desc1223-111/1122400452/00_05.jpg\" class=\"gomeImgLoad\" gome-src=\"http://img5.gomein.net.cn/image/prodimg/productDesc/descImg/201512/desc1223-111/1122400452/00_05.jpg\" alt=\"\" style=\"border: none; vertical-align: middle; display: inline-block;\"/></td></tr><tr><td style=\"padding: 0px; border-collapse: collapse; border-spacing: 0px;\"><img src=\"http://img5.gomein.net.cn/image/prodimg/productDesc/descImg/201512/desc1223-111/1122400452/00_06.jpg\" class=\"gomeImgLoad\" gome-src=\"http://img5.gomein.net.cn/image/prodimg/productDesc/descImg/201512/desc1223-111/1122400452/00_06.jpg\"  alt=\"\" style=\"border: none; vertical-align: middle; display: inline-block;\"/></td></tr></tbody></table><p><br/></p>','无',1,1,'2015-12-28 23:32:42','2016-01-07 15:32:41',2,1,1,0,1,1,NULL,'/images/seller/1/d41de05f-e961-42ca-8bb2-afeed8b43346.jpg',''),
	(2,9,'联想（Lenovo）14英寸超便携本（6Y30 4G  摄像头 蓝牙 win10）','联想跨年狂欢，24日0点开启至28日24时，三重优惠重磅来袭！','联想',1,1,4000.00,4000.00,6000.00,5800.00,5700.00,30,16,89,1,'','',6,2,'2015-12-28 23:42:59','<p><img src=\"http://img5.gomein.net.cn/image/prodimg/productDesc/descImg/201512/desc1203-555/1123080978/1_01.jpg\" class=\"gomeImgLoad\" gome-src=\"http://img5.gomein.net.cn/image/prodimg/productDesc/descImg/201512/desc1203-555/1123080978/1_01.jpg\" alt=\"\" style=\"border: none; vertical-align: middle; display: inline-block;\"/><img src=\"http://img5.gomein.net.cn/image/prodimg/productDesc/descImg/201512/desc1203-555/1123080978/1_02.jpg\" class=\"gomeImgLoad\" gome-src=\"http://img5.gomein.net.cn/image/prodimg/productDesc/descImg/201512/desc1203-555/1123080978/1_02.jpg\" alt=\"\" style=\"border: none; vertical-align: middle; display: inline-block;\"/><img src=\"http://img5.gomein.net.cn/image/prodimg/productDesc/descImg/201512/desc1203-555/1123080978/1_03.jpg\" class=\"gomeImgLoad\" gome-src=\"http://img5.gomein.net.cn/image/prodimg/productDesc/descImg/201512/desc1203-555/1123080978/1_03.jpg\" alt=\"\" style=\"border: none; vertical-align: middle; display: inline-block;\"/><img src=\"http://img5.gomein.net.cn/image/prodimg/productDesc/descImg/201512/desc1203-555/1123080978/1_04.jpg\" class=\"gomeImgLoad\" gome-src=\"http://img5.gomein.net.cn/image/prodimg/productDesc/descImg/201512/desc1203-555/1123080978/1_04.jpg\" alt=\"\" style=\"border: none; vertical-align: middle; display: inline-block;\"/><img src=\"http://img6.gomein.net.cn/image/prodimg/productDesc/descImg/201512/desc1203-555/1123080978/1_05.jpg\" class=\"gomeImgLoad\" gome-src=\"http://img6.gomein.net.cn/image/prodimg/productDesc/descImg/201512/desc1203-555/1123080978/1_05.jpg\" alt=\"\" style=\"border: none; vertical-align: middle; display: inline-block;\"/><img src=\"http://img5.gomein.net.cn/image/prodimg/productDesc/descImg/201512/desc1203-555/1123080978/1_06.jpg\" class=\"gomeImgLoad\" gome-src=\"http://img5.gomein.net.cn/image/prodimg/productDesc/descImg/201512/desc1203-555/1123080978/1_06.jpg\" alt=\"\" style=\"border: none; vertical-align: middle; display: inline-block;\"/><img src=\"http://img5.gomein.net.cn/image/prodimg/productDesc/descImg/201512/desc1203-555/1123080978/1_07.jpg\" class=\"gomeImgLoad\" gome-src=\"http://img5.gomein.net.cn/image/prodimg/productDesc/descImg/201512/desc1203-555/1123080978/1_07.jpg\" alt=\"\" style=\"border: none; vertical-align: middle; display: inline-block;\"/><img src=\"http://img6.gomein.net.cn/image/prodimg/productDesc/descImg/201512/desc1203-555/1123080978/1_08.jpg\" class=\"gomeImgLoad\" gome-src=\"http://img6.gomein.net.cn/image/prodimg/productDesc/descImg/201512/desc1203-555/1123080978/1_08.jpg\" alt=\"\" style=\"border: none; vertical-align: middle; display: inline-block;\"/><img src=\"http://img6.gomein.net.cn/image/prodimg/productDesc/descImg/201512/desc1203-555/1123080978/1_09.jpg\" class=\"gomeImgLoad\" gome-src=\"http://img6.gomein.net.cn/image/prodimg/productDesc/descImg/201512/desc1203-555/1123080978/1_09.jpg\" alt=\"\" style=\"border: none; vertical-align: middle; display: inline-block;\"/><img src=\"http://img5.gomein.net.cn/image/prodimg/productDesc/descImg/201512/desc1203-555/1123080978/1_10.jpg\" class=\"gomeImgLoad\" gome-src=\"http://img5.gomein.net.cn/image/prodimg/productDesc/descImg/201512/desc1203-555/1123080978/1_10.jpg\" alt=\"\" style=\"border: none; vertical-align: middle; display: inline-block;\"/><img src=\"http://img6.gomein.net.cn/image/prodimg/productDesc/descImg/201512/desc1203-555/1123080978/1_11.jpg\" class=\"gomeImgLoad\" gome-src=\"http://img6.gomein.net.cn/image/prodimg/productDesc/descImg/201512/desc1203-555/1123080978/1_11.jpg\" alt=\"\" style=\"border: none; vertical-align: middle; display: inline-block;\"/></p>','无',1,1,'2015-12-28 23:44:59','2016-01-07 15:32:42',2,2,1,0,1,1,NULL,'/images/seller/1/8c8dc93b-da6d-41c4-bbd4-8cc721e80d34.jpg',''),
	(3,9,'华硕（ASUS）F554LI5200 15.6英寸笔记本电脑','F554LP升级版，显卡升级R5-320M；开机关机速度快，图文处理功能强，娱乐办公轻松玩转！','笔记本',3,1,3000.00,3000.00,5000.00,4800.00,4700.00,29,2,199,1,'','',6,2,'2015-12-29 00:01:32','<p><img src=\"http://img6.gomein.net.cn/image/prodimg/productDesc/descImg/201509/desc0922-96/1123040363/1_01.jpg\" class=\"gomeImgLoad\" gome-src=\"http://img6.gomein.net.cn/image/prodimg/productDesc/descImg/201509/desc0922-96/1123040363/1_01.jpg\" alt=\"\" style=\"border: none; vertical-align: middle; display: inline-block;\"/><img src=\"http://img5.gomein.net.cn/image/prodimg/productDesc/descImg/201509/desc0922-96/1123040363/1_02.jpg\" class=\"gomeImgLoad\" gome-src=\"http://img5.gomein.net.cn/image/prodimg/productDesc/descImg/201509/desc0922-96/1123040363/1_02.jpg\" alt=\"\" style=\"border: none; vertical-align: middle; display: inline-block;\"/><img src=\"http://img5.gomein.net.cn/image/prodimg/productDesc/descImg/201509/desc0922-96/1123040363/1_03.jpg\" class=\"gomeImgLoad\" gome-src=\"http://img5.gomein.net.cn/image/prodimg/productDesc/descImg/201509/desc0922-96/1123040363/1_03.jpg\" alt=\"\" style=\"border: none; vertical-align: middle; display: inline-block;\"/><img src=\"http://img6.gomein.net.cn/image/prodimg/productDesc/descImg/201509/desc0922-96/1123040363/1_04.jpg\" class=\"gomeImgLoad\" gome-src=\"http://img6.gomein.net.cn/image/prodimg/productDesc/descImg/201509/desc0922-96/1123040363/1_04.jpg\" alt=\"\" style=\"border: none; vertical-align: middle; display: inline-block;\"/><img src=\"http://img6.gomein.net.cn/image/prodimg/productDesc/descImg/201509/desc0922-96/1123040363/1_05.jpg\" class=\"gomeImgLoad\" gome-src=\"http://img6.gomein.net.cn/image/prodimg/productDesc/descImg/201509/desc0922-96/1123040363/1_05.jpg\" alt=\"\" style=\"border: none; vertical-align: middle; display: inline-block;\"/><img src=\"http://img6.gomein.net.cn/image/prodimg/productDesc/descImg/201509/desc0922-96/1123040363/1_06.jpg\" class=\"gomeImgLoad\" gome-src=\"http://img6.gomein.net.cn/image/prodimg/productDesc/descImg/201509/desc0922-96/1123040363/1_06.jpg\" alt=\"\" style=\"border: none; vertical-align: middle; display: inline-block;\"/><img src=\"http://img5.gomein.net.cn/image/prodimg/productDesc/descImg/201509/desc0922-96/1123040363/1_07.jpg\" class=\"gomeImgLoad\" gome-src=\"http://img5.gomein.net.cn/image/prodimg/productDesc/descImg/201509/desc0922-96/1123040363/1_07.jpg\" alt=\"\" style=\"border: none; vertical-align: middle; display: inline-block;\"/><img src=\"http://img5.gomein.net.cn/image/prodimg/productDesc/descImg/201509/desc0922-96/1123040363/1_08.jpg\" class=\"gomeImgLoad\" gome-src=\"http://img5.gomein.net.cn/image/prodimg/productDesc/descImg/201509/desc0922-96/1123040363/1_08.jpg\" alt=\"\" style=\"border: none; vertical-align: middle; display: inline-block;\"/><img src=\"http://img6.gomein.net.cn/image/prodimg/productDesc/descImg/201509/desc0922-96/1123040363/1_09.jpg\" class=\"gomeImgLoad\" gome-src=\"http://img6.gomein.net.cn/image/prodimg/productDesc/descImg/201509/desc0922-96/1123040363/1_09.jpg\" alt=\"\" style=\"border: none; vertical-align: middle; display: inline-block;\"/><img src=\"http://img5.gomein.net.cn/image/prodimg/productDesc/descImg/201509/desc0922-96/1123040363/1_10.jpg\" class=\"gomeImgLoad\" gome-src=\"http://img5.gomein.net.cn/image/prodimg/productDesc/descImg/201509/desc0922-96/1123040363/1_10.jpg\" alt=\"\" style=\"border: none; vertical-align: middle; display: inline-block;\"/><img src=\"http://img5.gomein.net.cn/image/prodimg/productDesc/descImg/201509/desc0922-96/1123040363/1_11.jpg\" class=\"gomeImgLoad\" gome-src=\"http://img5.gomein.net.cn/image/prodimg/productDesc/descImg/201509/desc0922-96/1123040363/1_11.jpg\" alt=\"\" style=\"border: none; vertical-align: middle; display: inline-block;\"/><img src=\"http://img6.gomein.net.cn/image/prodimg/productDesc/descImg/201509/desc0922-96/1123040363/1_12.jpg\" class=\"gomeImgLoad\" gome-src=\"http://img6.gomein.net.cn/image/prodimg/productDesc/descImg/201509/desc0922-96/1123040363/1_12.jpg\" alt=\"\" style=\"border: none; vertical-align: middle; display: inline-block;\"/><img src=\"http://img6.gomein.net.cn/image/prodimg/productDesc/descImg/201509/desc0922-96/1123040363/1_13.jpg\" class=\"gomeImgLoad\" gome-src=\"http://img6.gomein.net.cn/image/prodimg/productDesc/descImg/201509/desc0922-96/1123040363/1_13.jpg\" alt=\"\" style=\"border: none; vertical-align: middle; display: inline-block;\"/><img src=\"http://img6.gomein.net.cn/image/prodimg/productDesc/descImg/201509/desc0922-96/1123040363/1_14.jpg\" class=\"gomeImgLoad\" gome-src=\"http://img6.gomein.net.cn/image/prodimg/productDesc/descImg/201509/desc0922-96/1123040363/1_14.jpg\" alt=\"\" style=\"border: none; vertical-align: middle; display: inline-block;\"/><img src=\"http://img5.gomein.net.cn/image/prodimg/productDesc/descImg/201509/desc0922-96/1123040363/1_15.jpg\" class=\"gomeImgLoad\" gome-src=\"http://img5.gomein.net.cn/image/prodimg/productDesc/descImg/201509/desc0922-96/1123040363/1_15.jpg\" alt=\"\" style=\"border: none; vertical-align: middle; display: inline-block;\"/><img src=\"http://img5.gomein.net.cn/image/prodimg/productDesc/descImg/201509/desc0922-96/1123040363/1_16.jpg\" class=\"gomeImgLoad\" gome-src=\"http://img5.gomein.net.cn/image/prodimg/productDesc/descImg/201509/desc0922-96/1123040363/1_16.jpg\" alt=\"\" style=\"border: none; vertical-align: middle; display: inline-block;\"/><img src=\"http://img5.gomein.net.cn/image/prodimg/productDesc/descImg/201509/desc0922-96/1123040363/1_17.jpg\" class=\"gomeImgLoad\" gome-src=\"http://img5.gomein.net.cn/image/prodimg/productDesc/descImg/201509/desc0922-96/1123040363/1_17.jpg\" alt=\"\" style=\"border: none; vertical-align: middle; display: inline-block;\"/><img src=\"http://img6.gomein.net.cn/image/prodimg/productDesc/descImg/201509/desc0922-96/1123040363/1_18.jpg\" class=\"gomeImgLoad\" gome-src=\"http://img6.gomein.net.cn/image/prodimg/productDesc/descImg/201509/desc0922-96/1123040363/1_18.jpg\" alt=\"\" style=\"border: none; vertical-align: middle; display: inline-block;\"/><img src=\"http://img5.gomein.net.cn/image/prodimg/productDesc/descImg/201509/desc0922-96/1123040363/1_19.jpg\" class=\"gomeImgLoad\" gome-src=\"http://img5.gomein.net.cn/image/prodimg/productDesc/descImg/201509/desc0922-96/1123040363/1_19.jpg\" alt=\"\" style=\"border: none; vertical-align: middle; display: inline-block;\"/><img src=\"http://img6.gomein.net.cn/image/prodimg/productDesc/descImg/201509/desc0922-96/1123040363/1_20.jpg\" class=\"gomeImgLoad\" gome-src=\"http://img6.gomein.net.cn/image/prodimg/productDesc/descImg/201509/desc0922-96/1123040363/1_20.jpg\" alt=\"\" style=\"border: none; vertical-align: middle; display: inline-block;\"/><img src=\"http://img5.gomein.net.cn/image/prodimg/productDesc/descImg/201509/desc0922-96/1123040363/2.jpg\" class=\"gomeImgLoad\" gome-src=\"http://img5.gomein.net.cn/image/prodimg/productDesc/descImg/201509/desc0922-96/1123040363/2.jpg\" style=\"border: none; vertical-align: middle; display: inline-block;\"/></p>','无',1,1,'2015-12-29 00:02:44','2016-01-07 15:32:44',2,1,1,0,1,1,NULL,'/images/seller/1/12729e32-aea5-4d93-8f5b-f7acd349c390.jpg',''),
	(4,9,'惠普（HP） 轻薄系列 HP15-ac195TX 15.6英寸超薄笔记本','i5神本2999！放血而来！这一次错过！再也没有了！用给力的配置给你实惠的享受！','笔记本',7,1,3000.00,3000.00,5600.00,5400.00,5200.00,1,2,454,1,'','',6,2,'2015-12-29 00:10:04','<p><img src=\"http://img5.gomein.net.cn/image/prodimg/productDesc/descImg/201512/desc1225-233/1123100382/1_01.jpg\" class=\"gomeImgLoad\" gome-src=\"http://img5.gomein.net.cn/image/prodimg/productDesc/descImg/201512/desc1225-233/1123100382/1_01.jpg\"  alt=\"\" style=\"border: none; vertical-align: middle; display: inline-block;\"/><img src=\"http://img6.gomein.net.cn/image/prodimg/productDesc/descImg/201512/desc1225-233/1123100382/1_02.jpg\" class=\"gomeImgLoad\" gome-src=\"http://img6.gomein.net.cn/image/prodimg/productDesc/descImg/201512/desc1225-233/1123100382/1_02.jpg\" alt=\"\" style=\"border: none; vertical-align: middle; display: inline-block;\"/><img src=\"http://img5.gomein.net.cn/image/prodimg/productDesc/descImg/201512/desc1225-233/1123100382/1_03.jpg\" class=\"gomeImgLoad\" gome-src=\"http://img5.gomein.net.cn/image/prodimg/productDesc/descImg/201512/desc1225-233/1123100382/1_03.jpg\"  alt=\"\" style=\"border: none; vertical-align: middle; display: inline-block;\"/><img src=\"http://img5.gomein.net.cn/image/prodimg/productDesc/descImg/201512/desc1225-233/1123100382/1_04.jpg\" class=\"gomeImgLoad\" gome-src=\"http://img5.gomein.net.cn/image/prodimg/productDesc/descImg/201512/desc1225-233/1123100382/1_04.jpg\"  alt=\"\" style=\"border: none; vertical-align: middle; display: inline-block;\"/><img src=\"http://img6.gomein.net.cn/image/prodimg/productDesc/descImg/201512/desc1225-233/1123100382/1_05.jpg\" class=\"gomeImgLoad\" gome-src=\"http://img6.gomein.net.cn/image/prodimg/productDesc/descImg/201512/desc1225-233/1123100382/1_05.jpg\"  alt=\"\" style=\"border: none; vertical-align: middle; display: inline-block;\"/><img src=\"http://img6.gomein.net.cn/image/prodimg/productDesc/descImg/201512/desc1225-233/1123100382/1_06.jpg\" class=\"gomeImgLoad\" gome-src=\"http://img6.gomein.net.cn/image/prodimg/productDesc/descImg/201512/desc1225-233/1123100382/1_06.jpg\"  alt=\"\" style=\"border: none; vertical-align: middle; display: inline-block;\"/><img src=\"http://img5.gomein.net.cn/image/prodimg/productDesc/descImg/201512/desc1225-233/1123100382/1_07.jpg\" class=\"gomeImgLoad\" gome-src=\"http://img5.gomein.net.cn/image/prodimg/productDesc/descImg/201512/desc1225-233/1123100382/1_07.jpg\"  alt=\"\" style=\"border: none; vertical-align: middle; display: inline-block;\"/></p>','1',1,1,'2015-12-29 00:10:49','2016-01-07 15:32:45',2,1,1,0,1,1,NULL,'/images/seller/1/33a51148-a874-4130-9eca-9d3e39dcf87e.jpg',''),
	(5,9,'联想（Lenovo）天逸100 15.6英寸笔记本电脑','联想天逸闪耀登场，G50经典延续，五代I5 CPU,win10系统,搭配2G独显','笔记本',1,1,2800.00,2800.00,3800.00,3700.00,3500.00,10,2,298,1,'','',6,2,'2015-12-29 00:13:44','<p><img src=\"http://img5.gomein.net.cn/image/prodimg/productDesc/descImg/201512/desc1203-222/1123060117/1_01.jpg\" class=\"gomeImgLoad\" gome-src=\"http://img5.gomein.net.cn/image/prodimg/productDesc/descImg/201512/desc1203-222/1123060117/1_01.jpg\"  alt=\"\" style=\"border: none; vertical-align: middle; display: inline-block;\"/><img src=\"http://img5.gomein.net.cn/image/prodimg/productDesc/descImg/201512/desc1203-222/1123060117/1_02.jpg\" class=\"gomeImgLoad\" gome-src=\"http://img5.gomein.net.cn/image/prodimg/productDesc/descImg/201512/desc1203-222/1123060117/1_02.jpg\"  alt=\"\" style=\"border: none; vertical-align: middle; display: inline-block;\"/><img src=\"http://img6.gomein.net.cn/image/prodimg/productDesc/descImg/201512/desc1203-222/1123060117/1_03.jpg\" class=\"gomeImgLoad\" gome-src=\"http://img6.gomein.net.cn/image/prodimg/productDesc/descImg/201512/desc1203-222/1123060117/1_03.jpg\"  alt=\"\" style=\"border: none; vertical-align: middle; display: inline-block;\"/><img src=\"http://img5.gomein.net.cn/image/prodimg/productDesc/descImg/201512/desc1203-222/1123060117/1_04.jpg\" class=\"gomeImgLoad\" gome-src=\"http://img5.gomein.net.cn/image/prodimg/productDesc/descImg/201512/desc1203-222/1123060117/1_04.jpg\"  alt=\"\" style=\"border: none; vertical-align: middle; display: inline-block;\"/><img src=\"http://img5.gomein.net.cn/image/prodimg/productDesc/descImg/201512/desc1203-222/1123060117/1_05.jpg\" class=\"gomeImgLoad\" gome-src=\"http://img5.gomein.net.cn/image/prodimg/productDesc/descImg/201512/desc1203-222/1123060117/1_05.jpg\"  alt=\"\" style=\"border: none; vertical-align: middle; display: inline-block;\"/><img src=\"http://img6.gomein.net.cn/image/prodimg/productDesc/descImg/201512/desc1203-222/1123060117/1_06.jpg\" class=\"gomeImgLoad\" gome-src=\"http://img6.gomein.net.cn/image/prodimg/productDesc/descImg/201512/desc1203-222/1123060117/1_06.jpg\"  alt=\"\" style=\"border: none; vertical-align: middle; display: inline-block;\"/><img src=\"http://img6.gomein.net.cn/image/prodimg/productDesc/descImg/201512/desc1203-222/1123060117/1_07.jpg\" class=\"gomeImgLoad\" gome-src=\"http://img6.gomein.net.cn/image/prodimg/productDesc/descImg/201512/desc1203-222/1123060117/1_07.jpg\"  alt=\"\" style=\"border: none; vertical-align: middle; display: inline-block;\"/><img src=\"http://img5.gomein.net.cn/image/prodimg/productDesc/descImg/201512/desc1203-222/1123060117/1_08.jpg\" class=\"gomeImgLoad\" gome-src=\"http://img5.gomein.net.cn/image/prodimg/productDesc/descImg/201512/desc1203-222/1123060117/1_08.jpg\"  alt=\"\" style=\"border: none; vertical-align: middle; display: inline-block;\"/></p>','无',1,1,'2015-12-29 00:14:30','2016-01-07 15:32:48',2,1,1,0,1,1,NULL,'/images/seller/1/d32bd562-b57f-41ef-b071-afd312396f60.jpg',''),
	(6,9,'Apple MacBook Air 11.6英寸笔记本电脑(i5/4G/256G）','(i5/4G/256G）','笔记本',5,1,5000.00,56000.00,7800.00,7500.00,7400.00,30,11,493,1,'','',6,2,'2015-12-29 00:20:50','<p><img src=\"http://img6.gomein.net.cn/image/prodimg/productDesc/descImg/201512/desc1223-111/1122400455/00_03.jpg\" class=\"gomeImgLoad\" gome-src=\"http://img6.gomein.net.cn/image/prodimg/productDesc/descImg/201512/desc1223-111/1122400455/00_03.jpg\"  alt=\"\" style=\"border: none; vertical-align: middle; display: inline-block;\"/><img src=\"http://img5.gomein.net.cn/image/prodimg/productDesc/descImg/201512/desc1223-111/1122400455/00_04.jpg\" class=\"gomeImgLoad\" gome-src=\"http://img5.gomein.net.cn/image/prodimg/productDesc/descImg/201512/desc1223-111/1122400455/00_04.jpg\"  alt=\"\" style=\"border: none; vertical-align: middle; display: inline-block;\"/><img src=\"http://img6.gomein.net.cn/image/prodimg/productDesc/descImg/201512/desc1223-111/1122400455/00_05.jpg\" class=\"gomeImgLoad\" gome-src=\"http://img6.gomein.net.cn/image/prodimg/productDesc/descImg/201512/desc1223-111/1122400455/00_05.jpg\"  alt=\"\" style=\"border: none; vertical-align: middle; display: inline-block;\"/><img src=\"http://img6.gomein.net.cn/image/prodimg/productDesc/descImg/201512/desc1223-111/1122400455/00_06.jpg\" class=\"gomeImgLoad\" gome-src=\"http://img6.gomein.net.cn/image/prodimg/productDesc/descImg/201512/desc1223-111/1122400455/00_06.jpg\"  alt=\"\" style=\"border: none; vertical-align: middle; display: inline-block;\"/></p>','无',1,1,'2015-12-29 00:21:44','2016-01-07 15:33:00',2,1,1,0,1,1,NULL,'/images/seller/1/96b5db1f-178d-4066-8436-317e01b24668.jpg',''),
	(7,9,'联想 Y430p 14.0英寸游戏本【i5-4210M 4G 1T GTX850M 2G独显）','热卖推荐！Y系列标杆之作！彪悍小Y，GTX级显卡，1T大硬盘！大型网游不在话下！','笔记本',1,1,5000.00,5000.00,7000.00,6700.00,6600.00,60,0,600,1,'','',6,2,'2015-12-29 00:23:49','<p><img src=\"http://img5.gomein.net.cn/image/prodimg/productDesc/descImg/201512/desc1204-111/1122880063/1_05.jpg\" class=\"gomeImgLoad\" gome-src=\"http://img5.gomein.net.cn/image/prodimg/productDesc/descImg/201512/desc1204-111/1122880063/1_05.jpg\"  alt=\"\" style=\"border: none; vertical-align: middle; display: inline-block;\"/><img src=\"http://img5.gomein.net.cn/image/prodimg/productDesc/descImg/201512/desc1204-111/1122880063/1_06.jpg\" class=\"gomeImgLoad\" gome-src=\"http://img5.gomein.net.cn/image/prodimg/productDesc/descImg/201512/desc1204-111/1122880063/1_06.jpg\"  alt=\"\" style=\"border: none; vertical-align: middle; display: inline-block;\"/><img src=\"http://img5.gomein.net.cn/image/prodimg/productDesc/descImg/201512/desc1204-111/1122880063/1_07.jpg\" class=\"gomeImgLoad\" gome-src=\"http://img5.gomein.net.cn/image/prodimg/productDesc/descImg/201512/desc1204-111/1122880063/1_07.jpg\"  alt=\"\" style=\"border: none; vertical-align: middle; display: inline-block;\"/><img src=\"http://img5.gomein.net.cn/image/prodimg/productDesc/descImg/201512/desc1204-111/1122880063/1_08.jpg\" class=\"gomeImgLoad\" gome-src=\"http://img5.gomein.net.cn/image/prodimg/productDesc/descImg/201512/desc1204-111/1122880063/1_08.jpg\"  alt=\"\" style=\"border: none; vertical-align: middle; display: inline-block;\"/><img src=\"http://img5.gomein.net.cn/image/prodimg/productDesc/descImg/201512/desc1204-111/1122880063/1_09.jpg\" class=\"gomeImgLoad\" gome-src=\"http://img5.gomein.net.cn/image/prodimg/productDesc/descImg/201512/desc1204-111/1122880063/1_09.jpg\"  alt=\"\" style=\"border: none; vertical-align: middle; display: inline-block;\"/><img src=\"http://img6.gomein.net.cn/image/prodimg/productDesc/descImg/201512/desc1204-111/1122880063/1_10.jpg\" class=\"gomeImgLoad\" gome-src=\"http://img6.gomein.net.cn/image/prodimg/productDesc/descImg/201512/desc1204-111/1122880063/1_10.jpg\"  alt=\"\" style=\"border: none; vertical-align: middle; display: inline-block;\"/></p>','无',1,1,'2015-12-29 00:26:16','2016-01-07 15:33:01',2,1,1,0,1,1,NULL,'/images/seller/1/32591792-d2d7-411b-85c0-dcf6cc2d6ae9.jpg',''),
	(8,9,'联想（Lenovo） Y40-70AT 14英寸笔记本电脑','高端I7，高清屏，1T大硬盘，3D网游，不在话下！ ！','联想',1,1,5000.00,5600.00,7900.00,7300.00,7000.00,23,0,345,1,'','',6,2,'2015-12-29 00:29:22','<table id=\"__01\"  border=\"0\" cellpadding=\"0\" cellspacing=\"0\" style=\"border-spacing: 0px; margin: 0px auto; color: rgb(51, 51, 51); font-family: Arial, SimSun, Tahoma, Helvetica, sans-serif; font-size: 12px; line-height: 18px; white-space: normal; widows: 1;\"><tbody><tr><td style=\"padding: 0px; border-collapse: collapse; border-spacing: 0px;\"><img src=\"http://img6.gomein.net.cn/image/prodimg/productDesc/descImg/201512/desc1203-222/1122330384/1_02.jpg\" class=\"gomeImgLoad\" gome-src=\"http://img6.gomein.net.cn/image/prodimg/productDesc/descImg/201512/desc1203-222/1122330384/1_02.jpg\"  alt=\"\" style=\"border: none; vertical-align: middle; display: inline-block;\"/></td></tr><tr><td style=\"padding: 0px; border-collapse: collapse; border-spacing: 0px;\"><img src=\"http://img5.gomein.net.cn/image/prodimg/productDesc/descImg/201512/desc1203-222/1122330384/1_03.jpg\" class=\"gomeImgLoad\" gome-src=\"http://img5.gomein.net.cn/image/prodimg/productDesc/descImg/201512/desc1203-222/1122330384/1_03.jpg\"  alt=\"\" style=\"border: none; vertical-align: middle; display: inline-block;\"/></td></tr><tr><td style=\"padding: 0px; border-collapse: collapse; border-spacing: 0px;\"><img src=\"http://img5.gomein.net.cn/image/prodimg/productDesc/descImg/201512/desc1203-222/1122330384/1_04.jpg\" class=\"gomeImgLoad\" gome-src=\"http://img5.gomein.net.cn/image/prodimg/productDesc/descImg/201512/desc1203-222/1122330384/1_04.jpg\" alt=\"\" style=\"border: none; vertical-align: middle; display: inline-block;\"/></td></tr><tr><td style=\"padding: 0px; border-collapse: collapse; border-spacing: 0px;\"><img src=\"http://img5.gomein.net.cn/image/prodimg/productDesc/descImg/201512/desc1203-222/1122330384/1_05.jpg\" class=\"gomeImgLoad\" gome-src=\"http://img5.gomein.net.cn/image/prodimg/productDesc/descImg/201512/desc1203-222/1122330384/1_05.jpg\"  alt=\"\" style=\"border: none; vertical-align: middle; display: inline-block;\"/></td></tr><tr><td style=\"padding: 0px; border-collapse: collapse; border-spacing: 0px;\"><img src=\"http://img5.gomein.net.cn/image/prodimg/productDesc/descImg/201512/desc1203-222/1122330384/1_06.jpg\" class=\"gomeImgLoad\" gome-src=\"http://img5.gomein.net.cn/image/prodimg/productDesc/descImg/201512/desc1203-222/1122330384/1_06.jpg\"  alt=\"\" style=\"border: none; vertical-align: middle; display: inline-block;\"/></td></tr><tr><td style=\"padding: 0px; border-collapse: collapse; border-spacing: 0px;\"><img src=\"http://img6.gomein.net.cn/image/prodimg/productDesc/descImg/201512/desc1203-222/1122330384/1_07.jpg\" class=\"gomeImgLoad\" gome-src=\"http://img6.gomein.net.cn/image/prodimg/productDesc/descImg/201512/desc1203-222/1122330384/1_07.jpg\"  alt=\"\" style=\"border: none; vertical-align: middle; display: inline-block;\"/></td></tr><tr><td style=\"padding: 0px; border-collapse: collapse; border-spacing: 0px;\"><img src=\"http://img6.gomein.net.cn/image/prodimg/productDesc/descImg/201512/desc1203-222/1122330384/1_08.jpg\" class=\"gomeImgLoad\" gome-src=\"http://img6.gomein.net.cn/image/prodimg/productDesc/descImg/201512/desc1203-222/1122330384/1_08.jpg\"  alt=\"\" style=\"border: none; vertical-align: middle; display: inline-block;\"/></td></tr></tbody></table><table  border=\"0\" cellspacing=\"0\" cellpadding=\"0\" style=\"border-spacing: 0px; margin: 0px auto; color: rgb(51, 51, 51); font-family: Arial, SimSun, Tahoma, Helvetica, sans-serif; font-size: 12px; line-height: 18px; white-space: normal; widows: 1;\"><tbody><tr><td style=\"padding: 0px; border-collapse: collapse; border-spacing: 0px;\"><img src=\"http://img5.gomein.net.cn/image/prodimg/productDesc/descImg/201512/desc1203-222/1122330384/20150430_01.jpg\" class=\"gomeImgLoad\" gome-src=\"http://img5.gomein.net.cn/image/prodimg/productDesc/descImg/201512/desc1203-222/1122330384/20150430_01.jpg\"  style=\"border: none; vertical-align: middle; display: inline-block;\"/></td></tr><tr><td style=\"padding: 0px; border-collapse: collapse; border-spacing: 0px;\"><img src=\"http://img5.gomein.net.cn/image/prodimg/productDesc/descImg/201512/desc1203-222/1122330384/20150430_02.jpg\" class=\"gomeImgLoad\" gome-src=\"http://img5.gomein.net.cn/image/prodimg/productDesc/descImg/201512/desc1203-222/1122330384/20150430_02.jpg\"  style=\"border: none; vertical-align: middle; display: inline-block;\"/></td></tr><tr><td style=\"padding: 0px; border-collapse: collapse; border-spacing: 0px;\"><img src=\"http://img6.gomein.net.cn/image/prodimg/productDesc/descImg/201512/desc1203-222/1122330384/20150430_03.jpg\" class=\"gomeImgLoad\" gome-src=\"http://img6.gomein.net.cn/image/prodimg/productDesc/descImg/201512/desc1203-222/1122330384/20150430_03.jpg\"  style=\"border: none; vertical-align: middle; display: inline-block;\"/></td></tr><tr><td style=\"padding: 0px; border-collapse: collapse; border-spacing: 0px;\"><img src=\"http://img5.gomein.net.cn/image/prodimg/productDesc/descImg/201512/desc1203-222/1122330384/20150430_04.jpg\" class=\"gomeImgLoad\" gome-src=\"http://img5.gomein.net.cn/image/prodimg/productDesc/descImg/201512/desc1203-222/1122330384/20150430_04.jpg\"  style=\"border: none; vertical-align: middle; display: inline-block;\"/></td></tr><tr><td style=\"padding: 0px; border-collapse: collapse; border-spacing: 0px;\"><img src=\"http://img6.gomein.net.cn/image/prodimg/productDesc/descImg/201512/desc1203-222/1122330384/20150430_05.jpg\" class=\"gomeImgLoad\" gome-src=\"http://img6.gomein.net.cn/image/prodimg/productDesc/descImg/201512/desc1203-222/1122330384/20150430_05.jpg\"  style=\"border: none; vertical-align: middle; display: inline-block;\"/></td></tr><tr><td style=\"padding: 0px; border-collapse: collapse; border-spacing: 0px;\"></td></tr></tbody></table><p><br/></p>','123',1,1,'2015-12-29 00:31:01','2016-01-07 15:33:02',2,2,1,0,1,1,NULL,'/images/seller/1/9127235c-4fcd-4ad9-9f98-3b149965973c.jpg',''),
	(9,9,'宏碁（Acer）E5-571G-54N5 15.6英寸笔记本电脑(I5-5200U/4GB)','【爆款】【第五代i5处理器，1T硬盘】【强大容量 性能提升 功耗降低】','笔记本',6,1,3400.00,3400.00,5600.00,4500.00,4400.00,30,0,398,1,'','',6,1,'2015-12-29 00:33:29','<p><img src=\"http://img5.gomein.net.cn/image/prodimg/productDesc/descImg/201512/desc1204-111/1122880063/1_05.jpg\" class=\"gomeImgLoad\" gome-src=\"http://img5.gomein.net.cn/image/prodimg/productDesc/descImg/201512/desc1204-111/1122880063/1_05.jpg\"  alt=\"\" style=\"border: none; vertical-align: middle; display: inline-block;\"/><img src=\"http://img5.gomein.net.cn/image/prodimg/productDesc/descImg/201512/desc1204-111/1122880063/1_06.jpg\" class=\"gomeImgLoad\" gome-src=\"http://img5.gomein.net.cn/image/prodimg/productDesc/descImg/201512/desc1204-111/1122880063/1_06.jpg\"  alt=\"\" style=\"border: none; vertical-align: middle; display: inline-block;\"/><img src=\"http://img5.gomein.net.cn/image/prodimg/productDesc/descImg/201512/desc1204-111/1122880063/1_07.jpg\" class=\"gomeImgLoad\" gome-src=\"http://img5.gomein.net.cn/image/prodimg/productDesc/descImg/201512/desc1204-111/1122880063/1_07.jpg\"  alt=\"\" style=\"border: none; vertical-align: middle; display: inline-block;\"/><img src=\"http://img5.gomein.net.cn/image/prodimg/productDesc/descImg/201512/desc1204-111/1122880063/1_08.jpg\" class=\"gomeImgLoad\" gome-src=\"http://img5.gomein.net.cn/image/prodimg/productDesc/descImg/201512/desc1204-111/1122880063/1_08.jpg\"  alt=\"\" style=\"border: none; vertical-align: middle; display: inline-block;\"/><img src=\"http://img5.gomein.net.cn/image/prodimg/productDesc/descImg/201512/desc1204-111/1122880063/1_09.jpg\" class=\"gomeImgLoad\" gome-src=\"http://img5.gomein.net.cn/image/prodimg/productDesc/descImg/201512/desc1204-111/1122880063/1_09.jpg\"  alt=\"\" style=\"border: none; vertical-align: middle; display: inline-block;\"/><img src=\"http://img6.gomein.net.cn/image/prodimg/productDesc/descImg/201512/desc1204-111/1122880063/1_10.jpg\" class=\"gomeImgLoad\" gome-src=\"http://img6.gomein.net.cn/image/prodimg/productDesc/descImg/201512/desc1204-111/1122880063/1_10.jpg\"  alt=\"\" style=\"border: none; vertical-align: middle; display: inline-block;\"/></p>','123',1,1,'2015-12-29 00:36:10','2015-12-29 00:44:17',2,2,1,0,1,1,NULL,'/images/seller/1/e10ac89d-3e2b-4309-b61d-ad54b3db5671.jpg',''),
	(10,9,'联想（Lenovo）Y40P-80AT 14.0英寸游戏本 笔记本电脑','12月24-1月4期间买此款即送笔记本超级大礼包：联想鼠标+键盘膜+鼠标垫+耳机+联想清洗套装','笔记本',1,1,4000.00,4000.00,5600.00,5400.00,5200.00,30,3,676,1,'','',6,1,'2015-12-29 00:38:11','<p><img src=\"http://img5.gomein.net.cn/image/prodimg/productDesc/descImg/201512/desc1204-111/1122880063/1_05.jpg\" class=\"gomeImgLoad\" gome-src=\"http://img5.gomein.net.cn/image/prodimg/productDesc/descImg/201512/desc1204-111/1122880063/1_05.jpg\"  alt=\"\" style=\"border: none; vertical-align: middle; display: inline-block;\"/><img src=\"http://img5.gomein.net.cn/image/prodimg/productDesc/descImg/201512/desc1204-111/1122880063/1_06.jpg\" class=\"gomeImgLoad\" gome-src=\"http://img5.gomein.net.cn/image/prodimg/productDesc/descImg/201512/desc1204-111/1122880063/1_06.jpg\"  alt=\"\" style=\"border: none; vertical-align: middle; display: inline-block;\"/><img src=\"http://img5.gomein.net.cn/image/prodimg/productDesc/descImg/201512/desc1204-111/1122880063/1_07.jpg\" class=\"gomeImgLoad\" gome-src=\"http://img5.gomein.net.cn/image/prodimg/productDesc/descImg/201512/desc1204-111/1122880063/1_07.jpg\"  alt=\"\" style=\"border: none; vertical-align: middle; display: inline-block;\"/><img src=\"http://img5.gomein.net.cn/image/prodimg/productDesc/descImg/201512/desc1204-111/1122880063/1_08.jpg\" class=\"gomeImgLoad\" gome-src=\"http://img5.gomein.net.cn/image/prodimg/productDesc/descImg/201512/desc1204-111/1122880063/1_08.jpg\"  alt=\"\" style=\"border: none; vertical-align: middle; display: inline-block;\"/><img src=\"http://img5.gomein.net.cn/image/prodimg/productDesc/descImg/201512/desc1204-111/1122880063/1_09.jpg\" class=\"gomeImgLoad\" gome-src=\"http://img5.gomein.net.cn/image/prodimg/productDesc/descImg/201512/desc1204-111/1122880063/1_09.jpg\"  alt=\"\" style=\"border: none; vertical-align: middle; display: inline-block;\"/><img src=\"http://img6.gomein.net.cn/image/prodimg/productDesc/descImg/201512/desc1204-111/1122880063/1_10.jpg\" class=\"gomeImgLoad\" gome-src=\"http://img6.gomein.net.cn/image/prodimg/productDesc/descImg/201512/desc1204-111/1122880063/1_10.jpg\"  alt=\"\" style=\"border: none; vertical-align: middle; display: inline-block;\"/></p>','无',1,1,'2015-12-29 00:40:04','2015-12-29 00:44:17',2,2,1,0,1,1,NULL,'/images/seller/1/23dc7771-549c-4ce9-9230-9b2c04e3eba5.jpg',''),
	(11,9,'联想（Lenovo）G50-70MA 15.6英寸笔记本电脑','高质感金属C面 Nvidia 2G独显配大屏 看片儿游戏杠杠滴','笔记本',1,1,3800.00,4000.00,6000.00,5700.00,5500.00,80,1,567,1,'','',6,1,'2015-12-29 00:42:24','<p><img src=\"http://img5.gomein.net.cn/image/prodimg/productDesc/descImg/201512/desc1204-111/1122880063/1_05.jpg\" class=\"gomeImgLoad\" gome-src=\"http://img5.gomein.net.cn/image/prodimg/productDesc/descImg/201512/desc1204-111/1122880063/1_05.jpg\"  alt=\"\" style=\"border: none; vertical-align: middle; display: inline-block;\"/><img src=\"http://img5.gomein.net.cn/image/prodimg/productDesc/descImg/201512/desc1204-111/1122880063/1_06.jpg\" class=\"gomeImgLoad\" gome-src=\"http://img5.gomein.net.cn/image/prodimg/productDesc/descImg/201512/desc1204-111/1122880063/1_06.jpg\"  alt=\"\" style=\"border: none; vertical-align: middle; display: inline-block;\"/><img src=\"http://img5.gomein.net.cn/image/prodimg/productDesc/descImg/201512/desc1204-111/1122880063/1_07.jpg\" class=\"gomeImgLoad\" gome-src=\"http://img5.gomein.net.cn/image/prodimg/productDesc/descImg/201512/desc1204-111/1122880063/1_07.jpg\"  alt=\"\" style=\"border: none; vertical-align: middle; display: inline-block;\"/><img src=\"http://img5.gomein.net.cn/image/prodimg/productDesc/descImg/201512/desc1204-111/1122880063/1_08.jpg\" class=\"gomeImgLoad\" gome-src=\"http://img5.gomein.net.cn/image/prodimg/productDesc/descImg/201512/desc1204-111/1122880063/1_08.jpg\"  alt=\"\" style=\"border: none; vertical-align: middle; display: inline-block;\"/><img src=\"http://img5.gomein.net.cn/image/prodimg/productDesc/descImg/201512/desc1204-111/1122880063/1_09.jpg\" class=\"gomeImgLoad\" gome-src=\"http://img5.gomein.net.cn/image/prodimg/productDesc/descImg/201512/desc1204-111/1122880063/1_09.jpg\"  alt=\"\" style=\"border: none; vertical-align: middle; display: inline-block;\"/><img src=\"http://img6.gomein.net.cn/image/prodimg/productDesc/descImg/201512/desc1204-111/1122880063/1_10.jpg\" class=\"gomeImgLoad\" gome-src=\"http://img6.gomein.net.cn/image/prodimg/productDesc/descImg/201512/desc1204-111/1122880063/1_10.jpg\"  alt=\"\" style=\"border: none; vertical-align: middle; display: inline-block;\"/></p>','无',1,1,'2015-12-29 00:43:06','2015-12-29 00:44:17',2,1,1,0,1,1,NULL,'/images/seller/1/9006bcd4-d203-47ce-8958-a610ab02f055.jpg',''),
	(12,9,'联想（Lenovo）ideapad500S-14 笔记本电脑（i5第6代 500G+8GSSD 2G独显 win10 ）(白色)','【超薄新品】小编辑表示对实物爱不释手 Intel六代处理器 超轻薄机身还能耍游戏！高清屏看跑男爽爽哒 吐血推荐！全新正品!全国联保','联想',1,1,3800.00,4000.00,5600.00,5400.00,5200.00,20,0,897,1,'','',6,1,'2015-12-29 08:43:07','<p><img src=\"http://img5.gomein.net.cn/image/prodimg/productDesc/descImg/201512/desc1204-111/1122880063/1_05.jpg\" class=\"gomeImgLoad\" gome-src=\"http://img5.gomein.net.cn/image/prodimg/productDesc/descImg/201512/desc1204-111/1122880063/1_05.jpg\"  alt=\"\" style=\"border: none; vertical-align: middle; display: inline-block;\"/><img src=\"http://img5.gomein.net.cn/image/prodimg/productDesc/descImg/201512/desc1204-111/1122880063/1_06.jpg\" class=\"gomeImgLoad\" gome-src=\"http://img5.gomein.net.cn/image/prodimg/productDesc/descImg/201512/desc1204-111/1122880063/1_06.jpg\"  alt=\"\" style=\"border: none; vertical-align: middle; display: inline-block;\"/><img src=\"http://img5.gomein.net.cn/image/prodimg/productDesc/descImg/201512/desc1204-111/1122880063/1_07.jpg\" class=\"gomeImgLoad\" gome-src=\"http://img5.gomein.net.cn/image/prodimg/productDesc/descImg/201512/desc1204-111/1122880063/1_07.jpg\"  alt=\"\" style=\"border: none; vertical-align: middle; display: inline-block;\"/><img src=\"http://img5.gomein.net.cn/image/prodimg/productDesc/descImg/201512/desc1204-111/1122880063/1_08.jpg\" class=\"gomeImgLoad\" gome-src=\"http://img5.gomein.net.cn/image/prodimg/productDesc/descImg/201512/desc1204-111/1122880063/1_08.jpg\"  alt=\"\" style=\"border: none; vertical-align: middle; display: inline-block;\"/><img src=\"http://img5.gomein.net.cn/image/prodimg/productDesc/descImg/201512/desc1204-111/1122880063/1_09.jpg\" class=\"gomeImgLoad\" gome-src=\"http://img5.gomein.net.cn/image/prodimg/productDesc/descImg/201512/desc1204-111/1122880063/1_09.jpg\"  alt=\"\" style=\"border: none; vertical-align: middle; display: inline-block;\"/><img src=\"http://img6.gomein.net.cn/image/prodimg/productDesc/descImg/201512/desc1204-111/1122880063/1_10.jpg\" class=\"gomeImgLoad\" gome-src=\"http://img6.gomein.net.cn/image/prodimg/productDesc/descImg/201512/desc1204-111/1122880063/1_10.jpg\"  alt=\"\" style=\"border: none; vertical-align: middle; display: inline-block;\"/></p>','无',1,1,'2015-12-29 08:45:38','2015-12-29 09:09:22',2,2,1,0,1,1,NULL,'/images/seller/1/a12bfe95-560d-444c-bd53-7b8de859f799.jpg',''),
	(13,9,'惠普（HP） 轻薄系列 HP15-ac190TX 15.6英寸超薄笔记本 （i5-4210U 4G 500G R5 M330 2G独显 摄像头 读卡器 无光驱 Win10 曜石黑）','放血而来！这一次错过！再也没有了！用给力的配置给你实惠的享受！（i5 2G独显 Win10卖到这个价格，小编已经觉得自己是卖白菜的了！）','惠普笔记本',7,1,2600.00,2600.00,3300.00,3200.00,3100.00,20,0,452,1,'','',6,1,'2015-12-29 08:48:58','<p><img src=\"http://img6.gomein.net.cn/image/prodimg/productDesc/descImg/201512/desc1225-233/1123110098/1_01.jpg\" class=\"gomeImgLoad\" gome-src=\"http://img6.gomein.net.cn/image/prodimg/productDesc/descImg/201512/desc1225-233/1123110098/1_01.jpg\" alt=\"\" style=\"border: none; vertical-align: middle; display: inline-block;\"/><img src=\"http://img6.gomein.net.cn/image/prodimg/productDesc/descImg/201512/desc1225-233/1123110098/1_02.jpg\" class=\"gomeImgLoad\" gome-src=\"http://img6.gomein.net.cn/image/prodimg/productDesc/descImg/201512/desc1225-233/1123110098/1_02.jpg\"  alt=\"\" style=\"border: none; vertical-align: middle; display: inline-block;\"/><img src=\"http://img5.gomein.net.cn/image/prodimg/productDesc/descImg/201512/desc1225-233/1123110098/1_03.jpg\" class=\"gomeImgLoad\" gome-src=\"http://img5.gomein.net.cn/image/prodimg/productDesc/descImg/201512/desc1225-233/1123110098/1_03.jpg\"  alt=\"\" style=\"border: none; vertical-align: middle; display: inline-block;\"/><img src=\"http://img5.gomein.net.cn/image/prodimg/productDesc/descImg/201512/desc1225-233/1123110098/1_04.jpg\" class=\"gomeImgLoad\" gome-src=\"http://img5.gomein.net.cn/image/prodimg/productDesc/descImg/201512/desc1225-233/1123110098/1_04.jpg\"  alt=\"\" style=\"border: none; vertical-align: middle; display: inline-block;\"/><img src=\"http://img6.gomein.net.cn/image/prodimg/productDesc/descImg/201512/desc1225-233/1123110098/1_05.jpg\" class=\"gomeImgLoad\" gome-src=\"http://img6.gomein.net.cn/image/prodimg/productDesc/descImg/201512/desc1225-233/1123110098/1_05.jpg\"  alt=\"\" style=\"border: none; vertical-align: middle; display: inline-block;\"/><img src=\"http://img5.gomein.net.cn/image/prodimg/productDesc/descImg/201512/desc1225-233/1123110098/1_06.jpg\" class=\"gomeImgLoad\" gome-src=\"http://img5.gomein.net.cn/image/prodimg/productDesc/descImg/201512/desc1225-233/1123110098/1_06.jpg\"  alt=\"\" style=\"border: none; vertical-align: middle; display: inline-block;\"/><img src=\"http://img5.gomein.net.cn/image/prodimg/productDesc/descImg/201512/desc1225-233/1123110098/1_07.jpg\" class=\"gomeImgLoad\" gome-src=\"http://img5.gomein.net.cn/image/prodimg/productDesc/descImg/201512/desc1225-233/1123110098/1_07.jpg\"  alt=\"\" style=\"border: none; vertical-align: middle; display: inline-block;\"/></p>','1个',1,1,'2015-12-29 08:51:04','2015-12-29 09:09:22',2,1,1,0,1,1,NULL,'/images/seller/1/a788816e-96ad-486a-bfa1-27c0395970f5.jpg',''),
	(14,9,'联想（ThinkPad） 轻薄系列E450C(20EH0001CD)14英寸笔记本电脑','【年终盛惠 疯抢再续】【钜惠不容错过~~】【再不疯狂就老啦~~~~】【快快行动吧】【点燃冬日的激情】【14英寸主流机器】','联想',2,1,3500.00,3500.00,5000.00,4800.00,4600.00,50,0,80,1,'','',6,1,'2015-12-29 08:53:56','<p><img src=\"http://img6.gomein.net.cn/image/prodimg/productDesc/descImg/201512/desc1225-233/1123110098/1_01.jpg\" class=\"gomeImgLoad\" gome-src=\"http://img6.gomein.net.cn/image/prodimg/productDesc/descImg/201512/desc1225-233/1123110098/1_01.jpg\" alt=\"\" style=\"border: none; vertical-align: middle; display: inline-block;\"/><img src=\"http://img6.gomein.net.cn/image/prodimg/productDesc/descImg/201512/desc1225-233/1123110098/1_02.jpg\" class=\"gomeImgLoad\" gome-src=\"http://img6.gomein.net.cn/image/prodimg/productDesc/descImg/201512/desc1225-233/1123110098/1_02.jpg\"  alt=\"\" style=\"border: none; vertical-align: middle; display: inline-block;\"/><img src=\"http://img5.gomein.net.cn/image/prodimg/productDesc/descImg/201512/desc1225-233/1123110098/1_03.jpg\" class=\"gomeImgLoad\" gome-src=\"http://img5.gomein.net.cn/image/prodimg/productDesc/descImg/201512/desc1225-233/1123110098/1_03.jpg\"  alt=\"\" style=\"border: none; vertical-align: middle; display: inline-block;\"/><img src=\"http://img5.gomein.net.cn/image/prodimg/productDesc/descImg/201512/desc1225-233/1123110098/1_04.jpg\" class=\"gomeImgLoad\" gome-src=\"http://img5.gomein.net.cn/image/prodimg/productDesc/descImg/201512/desc1225-233/1123110098/1_04.jpg\"  alt=\"\" style=\"border: none; vertical-align: middle; display: inline-block;\"/><img src=\"http://img6.gomein.net.cn/image/prodimg/productDesc/descImg/201512/desc1225-233/1123110098/1_05.jpg\" class=\"gomeImgLoad\" gome-src=\"http://img6.gomein.net.cn/image/prodimg/productDesc/descImg/201512/desc1225-233/1123110098/1_05.jpg\"  alt=\"\" style=\"border: none; vertical-align: middle; display: inline-block;\"/><img src=\"http://img5.gomein.net.cn/image/prodimg/productDesc/descImg/201512/desc1225-233/1123110098/1_06.jpg\" class=\"gomeImgLoad\" gome-src=\"http://img5.gomein.net.cn/image/prodimg/productDesc/descImg/201512/desc1225-233/1123110098/1_06.jpg\"  alt=\"\" style=\"border: none; vertical-align: middle; display: inline-block;\"/><img src=\"http://img5.gomein.net.cn/image/prodimg/productDesc/descImg/201512/desc1225-233/1123110098/1_07.jpg\" class=\"gomeImgLoad\" gome-src=\"http://img5.gomein.net.cn/image/prodimg/productDesc/descImg/201512/desc1225-233/1123110098/1_07.jpg\"  alt=\"\" style=\"border: none; vertical-align: middle; display: inline-block;\"/></p>','1个',1,1,'2015-12-29 08:54:56','2015-12-29 09:09:22',2,2,1,0,1,1,NULL,'/images/seller/1/5223003d-8eeb-41cf-a1c8-f755d80614b8.jpg',''),
	(15,9,'联想（ThinkPad）E450C(20EH0000CD) 0CD 14寸笔记本电脑I3-4005U 4G 500G独显(官方标配)','新年新模具 更轻薄便携 内置电池 无光驱 节能处理器 正品行货 正规发票 全国联保 14英寸超值笔记本 超值套餐购买','笔记本',2,1,4000.00,4000.00,6000.00,5600.00,5400.00,40,5,53,1,'','',6,1,'2015-12-29 08:57:43','<p><img src=\"http://img5.gomein.net.cn/image/bbcimg/productDesc/descImg/201505/desc04/A0005202758/4653664.jpg\" class=\"gomeImgLoad\" gome-src=\"http://img5.gomein.net.cn/image/bbcimg/productDesc/descImg/201505/desc04/A0005202758/4653664.jpg\" alt=\"\" style=\"border: none; vertical-align: middle; display: inline-block; color: rgb(34, 34, 34); font-family: 宋体; font-size: 14.4444px; line-height: 21.6667px; white-space: normal; widows: 1;\"/></p>','无',1,1,'2015-12-29 08:59:28','2015-12-29 09:09:22',2,2,1,0,1,1,NULL,'/images/seller/1/5212c44f-4727-4578-a976-70ad7a7c3f36.jpg',''),
	(16,9,'联想 (ThinkPad) E450（20DCA05MCD）14英寸 商务便携 笔记本电脑 金属壳更耐用（i5-4300U 4G内存 500G硬盘 2G独显 win8）','【年终盛惠 疯抢再续】【 下单即送大礼包（16G U盘+原装鼠标+清洁套装+暖手鼠标垫）】【过年带回家 娱乐办公不愁啦~~~】【钜惠不容错过~~】【快快行动吧】','笔记本',2,1,3400.00,3400.00,5600.00,5400.00,5300.00,432,1,344,1,'','',6,2,'2015-12-29 09:02:03','<p></p><p><img src=\"http://img6.gomein.net.cn/image/prodimg/productDesc/descImg/201512/desc1225-233/1123110098/1_01.jpg\" class=\"gomeImgLoad\" gome-src=\"http://img6.gomein.net.cn/image/prodimg/productDesc/descImg/201512/desc1225-233/1123110098/1_01.jpg\" alt=\"\" style=\"border: none; vertical-align: middle; display: inline-block;\"/><img src=\"http://img6.gomein.net.cn/image/prodimg/productDesc/descImg/201512/desc1225-233/1123110098/1_02.jpg\" class=\"gomeImgLoad\" gome-src=\"http://img6.gomein.net.cn/image/prodimg/productDesc/descImg/201512/desc1225-233/1123110098/1_02.jpg\" alt=\"\" style=\"border: none; vertical-align: middle; display: inline-block;\"/><img src=\"http://img5.gomein.net.cn/image/prodimg/productDesc/descImg/201512/desc1225-233/1123110098/1_03.jpg\" class=\"gomeImgLoad\" gome-src=\"http://img5.gomein.net.cn/image/prodimg/productDesc/descImg/201512/desc1225-233/1123110098/1_03.jpg\" alt=\"\" style=\"border: none; vertical-align: middle; display: inline-block;\"/><img src=\"http://img5.gomein.net.cn/image/prodimg/productDesc/descImg/201512/desc1225-233/1123110098/1_04.jpg\" class=\"gomeImgLoad\" gome-src=\"http://img5.gomein.net.cn/image/prodimg/productDesc/descImg/201512/desc1225-233/1123110098/1_04.jpg\" alt=\"\" style=\"border: none; vertical-align: middle; display: inline-block;\"/><img src=\"http://img6.gomein.net.cn/image/prodimg/productDesc/descImg/201512/desc1225-233/1123110098/1_05.jpg\" class=\"gomeImgLoad\" gome-src=\"http://img6.gomein.net.cn/image/prodimg/productDesc/descImg/201512/desc1225-233/1123110098/1_05.jpg\" alt=\"\" style=\"border: none; vertical-align: middle; display: inline-block;\"/><img src=\"http://img5.gomein.net.cn/image/prodimg/productDesc/descImg/201512/desc1225-233/1123110098/1_06.jpg\" class=\"gomeImgLoad\" gome-src=\"http://img5.gomein.net.cn/image/prodimg/productDesc/descImg/201512/desc1225-233/1123110098/1_06.jpg\" alt=\"\" style=\"border: none; vertical-align: middle; display: inline-block;\"/><img src=\"http://img5.gomein.net.cn/image/prodimg/productDesc/descImg/201512/desc1225-233/1123110098/1_07.jpg\" class=\"gomeImgLoad\" gome-src=\"http://img5.gomein.net.cn/image/prodimg/productDesc/descImg/201512/desc1225-233/1123110098/1_07.jpg\" alt=\"\" style=\"border: none; vertical-align: middle; display: inline-block;\"/></p>','无',1,1,'2015-12-29 09:03:01','2016-03-07 15:44:55',2,2,1,0,1,1,NULL,'/images/seller/1/ba8a2844-9651-4e1f-95e9-8461b1964e62.jpg',''),
	(17,9,'联想（ThinkPad）T440P（20ANA0AJCD） 14英寸 商务便携 笔记本电脑 ','年终盛惠 疯抢再续】【 下单即送大礼包（16G U盘+原装鼠标+清洁套装+暖手鼠标垫）】【过年带回家 娱乐办公不愁啦~~~】','笔记本',2,1,5000.00,5000.00,8000.00,7800.00,7600.00,1,0,100,1,'','',3,1,'2015-12-29 09:05:39','<p></p><p><img src=\"http://img6.gomein.net.cn/image/prodimg/productDesc/descImg/201512/desc1225-233/1123110098/1_01.jpg\" class=\"gomeImgLoad\" gome-src=\"http://img6.gomein.net.cn/image/prodimg/productDesc/descImg/201512/desc1225-233/1123110098/1_01.jpg\" alt=\"\" style=\"border: none; vertical-align: middle; display: inline-block;\"/><img src=\"http://img6.gomein.net.cn/image/prodimg/productDesc/descImg/201512/desc1225-233/1123110098/1_02.jpg\" class=\"gomeImgLoad\" gome-src=\"http://img6.gomein.net.cn/image/prodimg/productDesc/descImg/201512/desc1225-233/1123110098/1_02.jpg\" alt=\"\" style=\"border: none; vertical-align: middle; display: inline-block;\"/><img src=\"http://img5.gomein.net.cn/image/prodimg/productDesc/descImg/201512/desc1225-233/1123110098/1_03.jpg\" class=\"gomeImgLoad\" gome-src=\"http://img5.gomein.net.cn/image/prodimg/productDesc/descImg/201512/desc1225-233/1123110098/1_03.jpg\" alt=\"\" style=\"border: none; vertical-align: middle; display: inline-block;\"/><img src=\"http://img5.gomein.net.cn/image/prodimg/productDesc/descImg/201512/desc1225-233/1123110098/1_04.jpg\" class=\"gomeImgLoad\" gome-src=\"http://img5.gomein.net.cn/image/prodimg/productDesc/descImg/201512/desc1225-233/1123110098/1_04.jpg\" alt=\"\" style=\"border: none; vertical-align: middle; display: inline-block;\"/><img src=\"http://img6.gomein.net.cn/image/prodimg/productDesc/descImg/201512/desc1225-233/1123110098/1_05.jpg\" class=\"gomeImgLoad\" gome-src=\"http://img6.gomein.net.cn/image/prodimg/productDesc/descImg/201512/desc1225-233/1123110098/1_05.jpg\" alt=\"\" style=\"border: none; vertical-align: middle; display: inline-block;\"/><img src=\"http://img5.gomein.net.cn/image/prodimg/productDesc/descImg/201512/desc1225-233/1123110098/1_06.jpg\" class=\"gomeImgLoad\" gome-src=\"http://img5.gomein.net.cn/image/prodimg/productDesc/descImg/201512/desc1225-233/1123110098/1_06.jpg\" alt=\"\" style=\"border: none; vertical-align: middle; display: inline-block;\"/><img src=\"http://img5.gomein.net.cn/image/prodimg/productDesc/descImg/201512/desc1225-233/1123110098/1_07.jpg\" class=\"gomeImgLoad\" gome-src=\"http://img5.gomein.net.cn/image/prodimg/productDesc/descImg/201512/desc1225-233/1123110098/1_07.jpg\" alt=\"\" style=\"border: none; vertical-align: middle; display: inline-block;\"/></p>','无',1,1,'2015-12-29 09:08:31','2016-05-14 19:47:36',2,2,1,0,1,1,NULL,'/images/seller/1/027cbfb2-259b-4143-b999-805e5294e927.jpg',''),
	(18,28,'莉菲姿 秋装修身韩版数码印花连衣裙九分袖气质公主裙短款','非常漂亮的连衣裙','连衣裙',11,2,166.00,166.00,266.00,236.00,226.00,0,0,800,2,'','',6,1,'2016-03-06 17:00:25','<p><img align=\"absmiddle\" src=\"http://img04.taobaocdn.com/imgextra/i4/2019921747/TB2sW3rbVXXXXbHXpXXXXXXXXXX_!!2019921747.jpg\" class=\"gomeImgLoad\" gome-src=\"http://img04.taobaocdn.com/imgextra/i4/2019921747/TB2sW3rbVXXXXbHXpXXXXXXXXXX_!!2019921747.jpg\" alt=\"\" style=\"border: none; vertical-align: middle; display: inline-block; color: rgb(51, 51, 51); font-family: arial, 新宋体; font-size: 12px; line-height: 18px; white-space: normal;\"/><img align=\"absmiddle\" src=\"http://img02.taobaocdn.com/imgextra/i2/2019921747/TB2a8EBbVXXXXXHXXXXXXXXXXXX_!!2019921747.jpg\" class=\"gomeImgLoad\" gome-src=\"http://img02.taobaocdn.com/imgextra/i2/2019921747/TB2a8EBbVXXXXXHXXXXXXXXXXXX_!!2019921747.jpg\" alt=\"\" style=\"border: none; vertical-align: middle; display: inline-block; color: rgb(51, 51, 51); font-family: arial, 新宋体; font-size: 12px; line-height: 18px; white-space: normal;\"/><img align=\"absmiddle\" src=\"http://img02.taobaocdn.com/imgextra/i2/2019921747/TB2ArcAbVXXXXaeXXXXXXXXXXXX_!!2019921747.jpg\" class=\"gomeImgLoad\" gome-src=\"http://img02.taobaocdn.com/imgextra/i2/2019921747/TB2ArcAbVXXXXaeXXXXXXXXXXXX_!!2019921747.jpg\" alt=\"\" style=\"border: none; vertical-align: middle; display: inline-block; color: rgb(51, 51, 51); font-family: arial, 新宋体; font-size: 12px; line-height: 18px; white-space: normal;\"/></p>','无',2,2,'2016-03-06 17:02:00','2016-04-01 18:54:17',6,2,1,0,1,1,NULL,'/images/seller/2/467dc845-c331-4e90-ae68-863115a2dd8a.jpg',''),
	(19,28,'韩国春装新品花边立领长袖单排扣松紧腰打底连衣裙送腰带','春装新品，…………并且是打底连衣裙送腰带~~~~快来购买吧！！！','韩流,韩装',11,2,102.00,102.00,182.00,162.00,152.00,0,1,799,2,'','',6,1,'2016-03-06 17:07:28','<p><img src=\"http://img02.taobaocdn.com/imgextra/i2/2019921747/TB2UrZrbVXXXXaEXXXXXXXXXXXX_!!2019921747.jpg\" class=\"gomeImgLoad\" gome-src=\"http://img02.taobaocdn.com/imgextra/i2/2019921747/TB2UrZrbVXXXXaEXXXXXXXXXXXX_!!2019921747.jpg\" align=\"absMiddle\" style=\"border: none; vertical-align: middle; display: inline-block; color: rgb(51, 51, 51); font-family: arial, 新宋体; font-size: 12px; line-height: 18px; white-space: normal;\"/></p><p><img src=\"http://img04.taobaocdn.com/imgextra/i4/2019921747/TB2mKgfbVXXXXc0XpXXXXXXXXXX_!!2019921747.jpg\" class=\"gomeImgLoad\" gome-src=\"http://img04.taobaocdn.com/imgextra/i4/2019921747/TB2mKgfbVXXXXc0XpXXXXXXXXXX_!!2019921747.jpg\" align=\"absMiddle\" style=\"border: none; vertical-align: middle; display: inline-block; color: rgb(51, 51, 51); font-family: arial, 新宋体; font-size: 12px; line-height: 18px; white-space: normal;\"/></p>','无',2,2,'2016-03-06 17:08:14','2016-04-01 18:54:17',6,1,1,0,1,1,NULL,'/images/seller/2/78346677-4e5d-49d1-b990-37d11b926c2a.jpg',''),
	(20,28,'毛呢连衣裙秋冬装新款修身长袖格子打底裙高领针织毛衣裙','撞色拼接 衬衫领 装饰纽扣 修身版型 隐形拉链','连衣裙',12,2,200.00,210.00,278.00,258.00,258.00,0,1,999,2,'','',6,1,'2016-03-06 17:17:14','<p><img src=\"http://img04.taobaocdn.com/imgextra/i4/2019921747/TB2Y2QzbVXXXXXxXXXXXXXXXXXX_!!2019921747.jpg\" class=\"gomeImgLoad\" gome-src=\"http://img04.taobaocdn.com/imgextra/i4/2019921747/TB2Y2QzbVXXXXXxXXXXXXXXXXXX_!!2019921747.jpg\" align=\"absMiddle\" style=\"border: none; vertical-align: middle; display: inline-block; color: rgb(51, 51, 51); font-family: arial, 新宋体; font-size: 12px; line-height: 18px; text-align: center; white-space: normal;\"/><img src=\"http://img04.taobaocdn.com/imgextra/i4/2019921747/TB29G3rbVXXXXX7XpXXXXXXXXXX_!!2019921747.jpg\" class=\"gomeImgLoad\" gome-src=\"http://img04.taobaocdn.com/imgextra/i4/2019921747/TB29G3rbVXXXXX7XpXXXXXXXXXX_!!2019921747.jpg\" align=\"absMiddle\" style=\"border: none; vertical-align: middle; display: inline-block; color: rgb(51, 51, 51); font-family: arial, 新宋体; font-size: 12px; line-height: 18px; text-align: center; white-space: normal;\"/><img src=\"http://img02.taobaocdn.com/imgextra/i2/2019921747/TB23XZzbVXXXXXEXXXXXXXXXXXX_!!2019921747.jpg\" class=\"gomeImgLoad\" gome-src=\"http://img02.taobaocdn.com/imgextra/i2/2019921747/TB23XZzbVXXXXXEXXXXXXXXXXXX_!!2019921747.jpg\" align=\"absMiddle\" style=\"border: none; vertical-align: middle; display: inline-block; color: rgb(51, 51, 51); font-family: arial, 新宋体; font-size: 12px; line-height: 18px; text-align: center; white-space: normal;\"/><img src=\"http://img01.taobaocdn.com/imgextra/i1/2019921747/TB2ox7zbVXXXXXgXXXXXXXXXXXX_!!2019921747.jpg\" class=\"gomeImgLoad\" gome-src=\"http://img01.taobaocdn.com/imgextra/i1/2019921747/TB2ox7zbVXXXXXgXXXXXXXXXXXX_!!2019921747.jpg\" align=\"absMiddle\" style=\"border: none; vertical-align: middle; display: inline-block; color: rgb(51, 51, 51); font-family: arial, 新宋体; font-size: 12px; line-height: 18px; text-align: center; white-space: normal;\"/></p>','无',2,2,'2016-03-06 17:17:32','2016-04-01 18:54:17',6,1,1,0,1,1,NULL,'/images/seller/2/ab4f9c59-042d-49c1-8469-f61fda343d46.jpg',''),
	(21,28,'莉菲姿 秋冬新款小香风长袖毛呢连衣裙气质渐变色连衣蓬蓬裙','针织面料 后中拉链 腰部抽褶 A字裙摆 七分袖','莉菲姿',11,2,200.00,200.00,289.00,266.00,266.00,0,0,1000,2,'','',6,1,'2016-03-06 17:48:47','<p><img src=\"http://img03.taobaocdn.com/imgextra/i3/2019921747/TB22tIibVXXXXaFXpXXXXXXXXXX_!!2019921747.jpg\" class=\"gomeImgLoad\" gome-src=\"http://img03.taobaocdn.com/imgextra/i3/2019921747/TB22tIibVXXXXaFXpXXXXXXXXXX_!!2019921747.jpg\" style=\"border: none; vertical-align: middle; display: inline-block; color: rgb(153, 153, 153); font-family: &#39;microsoft yahei&#39;; font-size: 12px; line-height: 18px; text-align: -webkit-center; white-space: normal;\"/><br style=\"color: rgb(153, 153, 153); font-family: &#39;microsoft yahei&#39;; font-size: 12px; line-height: 18px; text-align: -webkit-center; white-space: normal;\"/><br style=\"color: rgb(153, 153, 153); font-family: &#39;microsoft yahei&#39;; font-size: 12px; line-height: 18px; text-align: -webkit-center; white-space: normal;\"/><img src=\"http://img03.taobaocdn.com/imgextra/i3/2019921747/TB2WxQqbVXXXXbXXXXXXXXXXXXX_!!2019921747.jpg\" class=\"gomeImgLoad\" gome-src=\"http://img03.taobaocdn.com/imgextra/i3/2019921747/TB2WxQqbVXXXXbXXXXXXXXXXXXX_!!2019921747.jpg\" style=\"border: none; vertical-align: middle; display: inline-block; color: rgb(153, 153, 153); font-family: &#39;microsoft yahei&#39;; font-size: 12px; line-height: 18px; text-align: -webkit-center; white-space: normal;\"/><br style=\"color: rgb(153, 153, 153); font-family: &#39;microsoft yahei&#39;; font-size: 12px; line-height: 18px; text-align: -webkit-center; white-space: normal;\"/><br style=\"color: rgb(153, 153, 153); font-family: &#39;microsoft yahei&#39;; font-size: 12px; line-height: 18px; text-align: -webkit-center; white-space: normal;\"/><img src=\"http://img02.taobaocdn.com/imgextra/i2/2019921747/TB2LU.pbVXXXXbmXXXXXXXXXXXX_!!2019921747.jpg\" class=\"gomeImgLoad\" gome-src=\"http://img02.taobaocdn.com/imgextra/i2/2019921747/TB2LU.pbVXXXXbmXXXXXXXXXXXX_!!2019921747.jpg\" style=\"border: none; vertical-align: middle; display: inline-block; color: rgb(153, 153, 153); font-family: &#39;microsoft yahei&#39;; font-size: 12px; line-height: 18px; text-align: -webkit-center; white-space: normal;\"/><br style=\"color: rgb(153, 153, 153); font-family: &#39;microsoft yahei&#39;; font-size: 12px; line-height: 18px; text-align: -webkit-center; white-space: normal;\"/><br style=\"color: rgb(153, 153, 153); font-family: &#39;microsoft yahei&#39;; font-size: 12px; line-height: 18px; text-align: -webkit-center; white-space: normal;\"/><img src=\"http://img04.taobaocdn.com/imgextra/i4/2019921747/TB2fO7ibVXXXXbQXpXXXXXXXXXX_!!2019921747.jpg\" class=\"gomeImgLoad\" gome-src=\"http://img04.taobaocdn.com/imgextra/i4/2019921747/TB2fO7ibVXXXXbQXpXXXXXXXXXX_!!2019921747.jpg\" style=\"border: none; vertical-align: middle; display: inline-block; color: rgb(153, 153, 153); font-family: &#39;microsoft yahei&#39;; font-size: 12px; line-height: 18px; text-align: -webkit-center; white-space: normal;\"/><br style=\"color: rgb(153, 153, 153); font-family: &#39;microsoft yahei&#39;; font-size: 12px; line-height: 18px; text-align: -webkit-center; white-space: normal;\"/><br style=\"color: rgb(153, 153, 153); font-family: &#39;microsoft yahei&#39;; font-size: 12px; line-height: 18px; text-align: -webkit-center; white-space: normal;\"/><img src=\"http://img01.taobaocdn.com/imgextra/i1/2019921747/TB2hQ3nbVXXXXc5XXXXXXXXXXXX_!!2019921747.jpg\" class=\"gomeImgLoad\" gome-src=\"http://img01.taobaocdn.com/imgextra/i1/2019921747/TB2hQ3nbVXXXXc5XXXXXXXXXXXX_!!2019921747.jpg\" style=\"border: none; vertical-align: middle; display: inline-block; color: rgb(153, 153, 153); font-family: &#39;microsoft yahei&#39;; font-size: 12px; line-height: 18px; text-align: -webkit-center; white-space: normal;\"/></p>','无',2,2,'2016-03-06 17:48:30','2016-04-01 18:54:17',6,2,1,0,1,1,NULL,'/images/seller/2/ba50e4ec-53a9-409b-b7d4-3fe3c3e4f3bb.jpg',''),
	(22,28,'莉菲姿 秋装修身韩版数码印花连衣裙九分袖气质公主裙短款女','弹力针织面料 后中拉链 A字裙摆 裙身空气面印花 立体胸型','女装',12,2,100.00,100.00,189.00,156.00,156.00,0,0,800,2,'','',6,1,'2016-03-06 17:57:55','<p align=\"center\" style=\"margin-top: 0px; margin-bottom: 0px; color: rgb(51, 51, 51); font-family: arial, 新宋体; font-size: 12px; line-height: 18px; white-space: normal;\"><img src=\"http://img03.taobaocdn.com/imgextra/i3/2019921747/TB2NuwqbVXXXXbsXXXXXXXXXXXX_!!2019921747.jpg\" class=\"gomeImgLoad\" gome-src=\"http://img03.taobaocdn.com/imgextra/i3/2019921747/TB2NuwqbVXXXXbsXXXXXXXXXXXX_!!2019921747.jpg\" style=\"border: none; vertical-align: middle; display: inline-block;\"/><br/><br/><img src=\"http://img01.taobaocdn.com/imgextra/i1/2019921747/TB2uL7mbVXXXXXFXpXXXXXXXXXX_!!2019921747.jpg\" class=\"gomeImgLoad\" gome-src=\"http://img01.taobaocdn.com/imgextra/i1/2019921747/TB2uL7mbVXXXXXFXpXXXXXXXXXX_!!2019921747.jpg\" style=\"border: none; vertical-align: middle; display: inline-block;\"/></p><p align=\"center\" style=\"margin-top: 0px; margin-bottom: 0px; color: rgb(51, 51, 51); font-family: arial, 新宋体; font-size: 12px; line-height: 18px; white-space: normal;\">&nbsp;</p><p align=\"center\" style=\"margin-top: 0px; margin-bottom: 0px; color: rgb(51, 51, 51); font-family: arial, 新宋体; font-size: 12px; line-height: 18px; white-space: normal;\">&nbsp;</p><p align=\"center\" style=\"margin-top: 0px; margin-bottom: 0px; color: rgb(51, 51, 51); font-family: arial, 新宋体; font-size: 12px; line-height: 18px; white-space: normal;\"><br/>...................................................................................................................................................................................<br/></p><p align=\"center\" style=\"margin-top: 0px; margin-bottom: 0px; color: rgb(51, 51, 51); font-family: arial, 新宋体; font-size: 12px; line-height: 18px; white-space: normal;\">&nbsp;&nbsp;<br/><br/><img src=\"http://img03.taobaocdn.com/imgextra/i3/2019921747/TB2iBZlbVXXXXX_XpXXXXXXXXXX_!!2019921747.jpg\" class=\"gomeImgLoad\" gome-src=\"http://img03.taobaocdn.com/imgextra/i3/2019921747/TB2iBZlbVXXXXX_XpXXXXXXXXXX_!!2019921747.jpg\" style=\"border: none; vertical-align: middle; display: inline-block;\"/></p><p><br/></p>','无',2,2,'2016-03-06 18:00:26','2016-04-01 18:54:17',6,1,1,0,1,1,NULL,'/images/seller/2/9a157d17-9afa-4df6-8a4f-67e4783042d9.jpg',''),
	(23,28,'莉菲姿 2015秋季新款韩版修身显瘦长袖连衣裙格子打底裙女长裙(优雅休闲英伦)','针织面料 后中拉链 腰部抽褶 A字裙摆 七分袖','七分袖',11,2,60.00,65.00,129.00,99.00,99.00,0,5,998,2,'','',6,1,'2016-03-06 18:05:36','<p><img src=\"http://img03.taobaocdn.com/imgextra/i3/2019921747/TB2eb7xbVXXXXa1XXXXXXXXXXXX_!!2019921747.jpg\" class=\"gomeImgLoad\" gome-src=\"http://img03.taobaocdn.com/imgextra/i3/2019921747/TB2eb7xbVXXXXa1XXXXXXXXXXXX_!!2019921747.jpg\" align=\"absMiddle\" style=\"border: none; vertical-align: middle; display: inline-block; color: rgb(51, 51, 51); font-family: &#39;tahoma arial 宋体 sans-serif&#39;; font-size: 12px; line-height: 18px; text-align: center; white-space: normal;\"/><img src=\"http://img03.taobaocdn.com/imgextra/i3/2019921747/TB2MZUsbVXXXXXIXpXXXXXXXXXX_!!2019921747.jpg\" class=\"gomeImgLoad\" gome-src=\"http://img03.taobaocdn.com/imgextra/i3/2019921747/TB2MZUsbVXXXXXIXpXXXXXXXXXX_!!2019921747.jpg\" align=\"absMiddle\" style=\"border: none; vertical-align: middle; display: inline-block; color: rgb(51, 51, 51); font-family: &#39;tahoma arial 宋体 sans-serif&#39;; font-size: 12px; line-height: 18px; text-align: center; white-space: normal;\"/><img src=\"http://img04.taobaocdn.com/imgextra/i4/2019921747/TB2IP3vbVXXXXbVXXXXXXXXXXXX_!!2019921747.jpg\" class=\"gomeImgLoad\" gome-src=\"http://img04.taobaocdn.com/imgextra/i4/2019921747/TB2IP3vbVXXXXbVXXXXXXXXXXXX_!!2019921747.jpg\" align=\"absMiddle\" style=\"border: none; vertical-align: middle; display: inline-block; color: rgb(51, 51, 51); font-family: &#39;tahoma arial 宋体 sans-serif&#39;; font-size: 12px; line-height: 18px; text-align: center; white-space: normal;\"/></p>','无',2,2,'2016-03-06 18:07:12','2016-04-01 18:54:17',6,1,1,0,1,1,NULL,'/images/seller/2/679414e6-60c3-4181-8861-99297b2fc2c0.jpg',''),
	(24,28,'莉菲姿 夏装韩版新款OL气质大码女装性感V领短袖雪纺连衣裙','弹力面料 裙摆压褶 七分袖 修身版型 隐形拉链','莉菲姿',12,2,100.00,100.00,198.00,166.00,156.00,0,0,1000,2,'','',6,1,'2016-03-06 18:11:24','<p style=\"margin-top: 0px; margin-bottom: 0px; color: rgb(51, 51, 51); font-family: arial, 新宋体; font-size: 12px; line-height: 18px; white-space: normal;\"><img src=\"http://img02.taobaocdn.com/imgextra/i2/2019921747/TB2R.IabVXXXXa_XpXXXXXXXXXX_!!2019921747.jpg\" class=\"gomeImgLoad\" gome-src=\"http://img02.taobaocdn.com/imgextra/i2/2019921747/TB2R.IabVXXXXa_XpXXXXXXXXXX_!!2019921747.jpg\" align=\"absMiddle\" style=\"border: none; vertical-align: middle; display: inline-block;\"/></p><p style=\"margin-top: 0px; margin-bottom: 0px; color: rgb(51, 51, 51); font-family: arial, 新宋体; font-size: 12px; line-height: 18px; white-space: normal;\">&nbsp;</p><p style=\"margin-top: 0px; margin-bottom: 0px; color: rgb(51, 51, 51); font-family: arial, 新宋体; font-size: 12px; line-height: 18px; white-space: normal;\"><img src=\"http://img02.taobaocdn.com/imgextra/i2/2019921747/TB2_k7gbVXXXXa.XXXXXXXXXXXX_!!2019921747.jpg\" class=\"gomeImgLoad\" gome-src=\"http://img02.taobaocdn.com/imgextra/i2/2019921747/TB2_k7gbVXXXXa.XXXXXXXXXXXX_!!2019921747.jpg\" align=\"absMiddle\" style=\"border: none; vertical-align: middle; display: inline-block;\"/></p><p style=\"margin-top: 0px; margin-bottom: 0px; color: rgb(51, 51, 51); font-family: arial, 新宋体; font-size: 12px; line-height: 18px; white-space: normal;\"><img src=\"http://img01.taobaocdn.com/imgextra/i1/2019921747/TB2fGMfbVXXXXcJXXXXXXXXXXXX_!!2019921747.jpg\" class=\"gomeImgLoad\" gome-src=\"http://img01.taobaocdn.com/imgextra/i1/2019921747/TB2fGMfbVXXXXcJXXXXXXXXXXXX_!!2019921747.jpg\" align=\"absMiddle\" style=\"border: none; vertical-align: middle; display: inline-block;\"/></p><p><br/></p>','无',2,2,'2016-03-06 18:12:43','2016-04-01 18:54:17',6,2,1,0,1,1,NULL,'/images/seller/2/7aa46cee-5a13-4255-951e-57d6c8ea682b.jpg',''),
	(25,28,'莉菲姿 2015韩版春款复古小香风格子修身长袖毛呢连衣短裙 送腰带(红色格子)','印花太空棉拼接裙摆 七分袖设计 立体胸型设计 后中隐形拉链','莉菲姿',11,2,200.00,200.00,299.00,278.00,278.00,0,0,1000,2,'','',6,1,'2016-03-06 18:17:06','<p><img src=\"http://img02.taobaocdn.com/imgextra/i2/2019921747/TB22AH.bVXXXXamXpXXXXXXXXXX_!!2019921747.jpg\" class=\"gomeImgLoad\" gome-src=\"http://img02.taobaocdn.com/imgextra/i2/2019921747/TB22AH.bVXXXXamXpXXXXXXXXXX_!!2019921747.jpg\" align=\"absMiddle\" style=\"border: none; vertical-align: middle; display: inline-block; color: rgb(51, 51, 51); font-family: arial, 新宋体; font-size: 12px; line-height: 18px; white-space: normal;\"/><img src=\"http://img04.taobaocdn.com/imgextra/i4/2019921747/TB2aTggbVXXXXaiXXXXXXXXXXXX_!!2019921747.jpg\" class=\"gomeImgLoad\" gome-src=\"http://img04.taobaocdn.com/imgextra/i4/2019921747/TB2aTggbVXXXXaiXXXXXXXXXXXX_!!2019921747.jpg\" align=\"absMiddle\" style=\"border: none; vertical-align: middle; display: inline-block; color: rgb(51, 51, 51); font-family: arial, 新宋体; font-size: 12px; line-height: 18px; white-space: normal;\"/></p>','无',2,2,'2016-03-06 18:18:06','2016-04-01 18:54:17',6,1,1,0,1,1,NULL,'/images/seller/2/247a2f61-2616-47fb-8ad8-f836137a0bcf.jpg',''),
	(26,25,'莉菲姿 夏装新款女装韩版时尚印花休闲运动套装女','上班穿上美美哒！全店包邮，支持货到付款， 七天无理由退换，给您一个放心的购物环境！','莉菲姿',14,2,200.00,210.00,310.00,300.00,300.00,0,3,797,2,'','',6,1,'2016-03-06 22:29:44','<p style=\"margin-top: 0px; margin-bottom: 0px; color: rgb(51, 51, 51); font-family: arial, 新宋体; font-size: 12px; line-height: 18px; white-space: normal;\"><img src=\"http://img01.taobaocdn.com/imgextra/i1/2019921747/TB2c6oabVXXXXa_XpXXXXXXXXXX_!!2019921747.jpg\" class=\"gomeImgLoad\" gome-src=\"http://img01.taobaocdn.com/imgextra/i1/2019921747/TB2c6oabVXXXXa_XpXXXXXXXXXX_!!2019921747.jpg\" align=\"absMiddle\" style=\"border: none; vertical-align: middle; display: inline-block; line-height: 1.5;\"/></p><p style=\"margin-top: 0px; margin-bottom: 0px; color: rgb(51, 51, 51); font-family: arial, 新宋体; font-size: 12px; line-height: 18px; white-space: normal;\">&nbsp;</p><p style=\"margin-top: 0px; margin-bottom: 0px; color: rgb(51, 51, 51); font-family: arial, 新宋体; font-size: 12px; line-height: 18px; white-space: normal;\">&nbsp;</p><p style=\"margin-top: 0px; margin-bottom: 0px; color: rgb(51, 51, 51); font-family: arial, 新宋体; font-size: 12px; line-height: 18px; white-space: normal;\"><img src=\"http://img03.taobaocdn.com/imgextra/i3/2019921747/TB2rCshbVXXXXbmXXXXXXXXXXXX_!!2019921747.jpg\" class=\"gomeImgLoad\" gome-src=\"http://img03.taobaocdn.com/imgextra/i3/2019921747/TB2rCshbVXXXXbmXXXXXXXXXXXX_!!2019921747.jpg\" align=\"absMiddle\" style=\"border: none; vertical-align: middle; display: inline-block; line-height: 1.5;\"/></p><p><br/></p>','无',2,2,'2016-03-06 22:29:28','2016-04-01 18:54:17',6,1,1,0,1,1,NULL,'/images/seller/2/7bc2c176-78bc-4af3-bbb9-97ed5de7b05c.jpg',''),
	(27,28,'秋冬季新品女士西装领长毛呢外套修身通勤羊毛尼大衣长款风衣纯色','促销价包邮 值得入手的一件长款大衣','女士西装',15,2,600.00,600.00,900.00,789.00,777.00,0,0,1000,2,'','',6,1,'2016-03-06 23:36:54','<p><img src=\"http://img6.gomein.net.cn/image/bbcimg/productDesc/descImg/201409/desc04/A0004932757/2857209.jpg\" class=\"gomeImgLoad\" gome-src=\"http://img6.gomein.net.cn/image/bbcimg/productDesc/descImg/201409/desc04/A0004932757/2857209.jpg\" alt=\"\" style=\"border: none; vertical-align: middle; display: inline-block; color: rgb(51, 51, 51); font-family: arial, 新宋体; font-size: 12px; line-height: 18px; white-space: normal;\"/><img src=\"http://img6.gomein.net.cn/image/bbcimg/productDesc/descImg/201409/desc04/A0004932757/2857210.jpg\" class=\"gomeImgLoad\" gome-src=\"http://img6.gomein.net.cn/image/bbcimg/productDesc/descImg/201409/desc04/A0004932757/2857210.jpg\" alt=\"\" style=\"border: none; vertical-align: middle; display: inline-block; color: rgb(51, 51, 51); font-family: arial, 新宋体; font-size: 12px; line-height: 18px; white-space: normal;\"/><img src=\"http://img5.gomein.net.cn/image/bbcimg/productDesc/descImg/201409/desc04/A0004932757/2857211.jpg\" class=\"gomeImgLoad\" gome-src=\"http://img5.gomein.net.cn/image/bbcimg/productDesc/descImg/201409/desc04/A0004932757/2857211.jpg\" alt=\"\" style=\"border: none; vertical-align: middle; display: inline-block; color: rgb(51, 51, 51); font-family: arial, 新宋体; font-size: 12px; line-height: 18px; white-space: normal;\"/></p>','无',2,2,'2016-03-06 23:38:12','2016-04-01 18:54:17',7,1,1,0,1,1,NULL,'/images/seller/2/2c988a69-efb2-4a43-bb2b-963985cbf1b7.jpg',''),
	(28,25,'2016春季大码韩版修身毛呢外套 呢子大衣立体领 翻领羊毛尼中长款秋冬装','呢子大衣立体领 翻领羊毛尼中长款','春季大码',15,2,500.00,500.00,800.00,789.00,789.00,0,1,789,2,'','',6,2,'2016-03-06 23:44:11','<p><img src=\"http://img6.gomein.net.cn/image/bbcimg/productDesc/descImg/201312/desc04/A0004034677/1328494.jpg\" class=\"gomeImgLoad\" gome-src=\"http://img6.gomein.net.cn/image/bbcimg/productDesc/descImg/201312/desc04/A0004034677/1328494.jpg\" alt=\"\" style=\"border: none; vertical-align: middle; display: inline-block; color: rgb(51, 51, 51); font-family: arial, 新宋体; font-size: 12px; line-height: 18px; white-space: normal;\"/><img src=\"http://img5.gomein.net.cn/image/bbcimg/productDesc/descImg/201312/desc04/A0004034677/1328496.jpg\" class=\"gomeImgLoad\" gome-src=\"http://img5.gomein.net.cn/image/bbcimg/productDesc/descImg/201312/desc04/A0004034677/1328496.jpg\" alt=\"\" style=\"border: none; vertical-align: middle; display: inline-block; color: rgb(51, 51, 51); font-family: arial, 新宋体; font-size: 12px; line-height: 18px; white-space: normal;\"/><img src=\"http://img6.gomein.net.cn/image/bbcimg/productDesc/descImg/201312/desc04/A0004034677/1328497.jpg\" class=\"gomeImgLoad\" gome-src=\"http://img6.gomein.net.cn/image/bbcimg/productDesc/descImg/201312/desc04/A0004034677/1328497.jpg\" alt=\"\" style=\"border: none; vertical-align: middle; display: inline-block; color: rgb(51, 51, 51); font-family: arial, 新宋体; font-size: 12px; line-height: 18px; white-space: normal;\"/><img src=\"http://img5.gomein.net.cn/image/bbcimg/productDesc/descImg/201312/desc04/A0004034677/1328498.jpg\" class=\"gomeImgLoad\" gome-src=\"http://img5.gomein.net.cn/image/bbcimg/productDesc/descImg/201312/desc04/A0004034677/1328498.jpg\" alt=\"\" style=\"border: none; vertical-align: middle; display: inline-block; color: rgb(51, 51, 51); font-family: arial, 新宋体; font-size: 12px; line-height: 18px; white-space: normal;\"/><img src=\"http://img6.gomein.net.cn/image/bbcimg/productDesc/descImg/201312/desc04/A0004034677/1328500.jpg\" class=\"gomeImgLoad\" gome-src=\"http://img6.gomein.net.cn/image/bbcimg/productDesc/descImg/201312/desc04/A0004034677/1328500.jpg\" alt=\"\" style=\"border: none; vertical-align: middle; display: inline-block; color: rgb(51, 51, 51); font-family: arial, 新宋体; font-size: 12px; line-height: 18px; white-space: normal;\"/><img src=\"http://img6.gomein.net.cn/image/bbcimg/productDesc/descImg/201312/desc04/A0004034677/1328502.jpg\" class=\"gomeImgLoad\" gome-src=\"http://img6.gomein.net.cn/image/bbcimg/productDesc/descImg/201312/desc04/A0004034677/1328502.jpg\" alt=\"\" style=\"border: none; vertical-align: middle; display: inline-block; color: rgb(51, 51, 51); font-family: arial, 新宋体; font-size: 12px; line-height: 18px; white-space: normal;\"/></p>','无',2,2,'2016-03-06 23:44:14','2016-05-06 10:24:58',7,1,1,0,1,1,NULL,'/images/seller/2/e8c91b72-f605-4d7d-8bed-642a7e28b573.jpg',''),
	(29,9,'asd','ad','asd',1,1,1.00,3.00,7.00,6.00,5.00,5,0,5,1,'','',5,1,'2016-03-01 15:35:55','<p></p><p><img src=\"http://101.200.83.4:8080/ejsimage/images/seller/1/29421457854471991.png\" _src=\"http://101.200.83.4:8080/ejsimage/images/seller/1/29421457854471991.png\"/></p>','dsaf',1,1,'2016-03-13 15:33:55','2016-03-13 15:40:31',2,1,1,0,1,1,NULL,'/images/seller/1/7082f249-5764-4fc9-be90-f149200224c2.png',''),
	(30,9,'联想最新品','新品上架','新品 联想',1,1,5000.00,5888.00,6999.00,6888.00,6800.00,1000,0,800,1,'','',1,1,'2016-05-16 11:45:35','new<p></p>','newnew',1,1,'2016-05-16 11:45:18','2016-05-16 11:45:18',2,2,1,0,1,1,NULL,'/images/seller/1/897f6e32-d909-42e8-b191-36b55b4347d0.png','');

/*!40000 ALTER TABLE `product` ENABLE KEYS */;
UNLOCK TABLES;


# Dump of table product_ask
# ------------------------------------------------------------

DROP TABLE IF EXISTS `product_ask`;

CREATE TABLE `product_ask` (
  `id` int(11) NOT NULL AUTO_INCREMENT,
  `seller_id` int(11) NOT NULL COMMENT '商家ID',
  `product_id` int(11) NOT NULL COMMENT '商品ID',
  `user_id` int(11) NOT NULL COMMENT '咨询人ID',
  `user_name` varchar(255) NOT NULL COMMENT '咨询人账号',
  `ask_content` varchar(255) NOT NULL COMMENT '咨询内容',
  `reply_id` int(11) DEFAULT NULL COMMENT '回复人ID',
  `reply_name` varchar(50) DEFAULT NULL COMMENT '回复人账号',
  `reply_content` varchar(255) DEFAULT NULL COMMENT '回复内容',
  `create_time` datetime NOT NULL COMMENT '创建时间',
  `reply_time` datetime DEFAULT NULL COMMENT '回复时间',
  `state` tinyint(4) NOT NULL COMMENT '1、咨询；2、已经回答；3、前台显示；4、删除',
  PRIMARY KEY (`id`)
) ENGINE=InnoDB DEFAULT CHARSET=utf8 COMMENT='商品咨询管理';

LOCK TABLES `product_ask` WRITE;
/*!40000 ALTER TABLE `product_ask` DISABLE KEYS */;

INSERT INTO `product_ask` (`id`, `seller_id`, `product_id`, `user_id`, `user_name`, `ask_content`, `reply_id`, `reply_name`, `reply_content`, `create_time`, `reply_time`, `state`)
VALUES
	(1,1,1,1,'ejavashop','咨询内容咨询内容内容内容',NULL,NULL,NULL,'2016-03-22 21:14:30',NULL,1);

/*!40000 ALTER TABLE `product_ask` ENABLE KEYS */;
UNLOCK TABLES;


# Dump of table product_attr
# ------------------------------------------------------------

DROP TABLE IF EXISTS `product_attr`;

CREATE TABLE `product_attr` (
  `id` int(11) NOT NULL AUTO_INCREMENT,
  `product_id` int(11) NOT NULL COMMENT '商品ID',
  `product_type_attr_id` int(11) NOT NULL COMMENT '属性ID，可以根据属性ID来进行检索',
  `name` varchar(50) NOT NULL COMMENT '属性名称',
  `value` varchar(200) NOT NULL COMMENT '属性值',
  `state` tinyint(4) NOT NULL COMMENT '1、检索属性；2、自定义属性；3、商品自定义属性（product_tyep_attr_id=0）',
  PRIMARY KEY (`id`)
) ENGINE=InnoDB DEFAULT CHARSET=utf8 COMMENT='商品对应属性表(保存商品时插入)';

LOCK TABLES `product_attr` WRITE;
/*!40000 ALTER TABLE `product_attr` DISABLE KEYS */;

INSERT INTO `product_attr` (`id`, `product_id`, `product_type_attr_id`, `name`, `value`, `state`)
VALUES
	(1,1,78,'价格','7999-10000',1),
	(2,1,79,'适用人群','商务办公',1),
	(3,1,80,'尺寸','13.3英寸',1),
	(4,1,81,'CPU','Intel i5',1),
	(5,1,82,'操作系统','MACDOS/Linux',1),
	(6,1,83,'显卡','集成显卡',1),
	(7,1,84,'内存','8G',1),
	(8,1,85,'硬盘','含128G SSD',1),
	(9,1,86,'分辨率','全高清屏（1920×1080）',1),
	(10,1,87,'特性','第6代酷睿',1),
	(11,1,88,'大家说','配置不错',1),
	(12,1,89,'USB2.0','0个',3),
	(13,1,90,'USB3.0','三个',3),
	(14,1,91,'网络摄像头','1个高清摄像头',3),
	(15,1,92,'电池','待机8小时',3),
	(16,1,93,'净重','1KG',3),
	(17,1,94,'电源适配器','1个',3),
	(18,2,78,'价格','4400-5699',1),
	(19,2,79,'适用人群','游戏达人',1),
	(20,2,80,'尺寸','14.0英寸',1),
	(21,2,81,'CPU','Intel i5',1),
	(22,2,82,'操作系统','Windows 8',1),
	(23,2,83,'显卡','游戏显卡',1),
	(24,2,84,'内存','4G',1),
	(25,2,85,'硬盘','500G',1),
	(26,2,86,'分辨率','普通屏（1366×768）',1),
	(27,2,87,'特性','第6代酷睿',1),
	(28,2,88,'大家说','散热很好',1),
	(29,2,89,'USB2.0','2个',3),
	(30,2,90,'USB3.0','2个',3),
	(31,2,91,'网络摄像头','没有',3),
	(32,2,92,'电池','六节电池',3),
	(33,2,93,'净重','2KG',3),
	(34,2,94,'电源适配器','1个',3),
	(35,3,78,'价格','3400-4399',1),
	(36,3,79,'适用人群','游戏达人',1),
	(37,3,80,'尺寸','15.6英寸',1),
	(38,3,81,'CPU','Intel i5',1),
	(39,3,82,'操作系统','Windows 8',1),
	(40,3,83,'显卡','高性能独显',1),
	(41,3,84,'内存','4G',1),
	(42,3,85,'硬盘','500G',1),
	(43,3,86,'分辨率','普通屏（1366×768）',1),
	(44,3,87,'特性','第6代酷睿',1),
	(45,3,88,'大家说','配置不错',1),
	(46,3,89,'USB2.0','4个',3),
	(47,3,90,'USB3.0','0个',3),
	(48,3,91,'网络摄像头','无',3),
	(49,3,92,'电池','6节',3),
	(50,3,93,'净重','3KG',3),
	(51,3,94,'电源适配器','1',3),
	(52,4,78,'价格','4400-5699',1),
	(53,4,79,'适用人群','游戏达人',1),
	(54,4,80,'尺寸','15.6英寸',1),
	(55,4,81,'CPU','Intel i5',1),
	(56,4,82,'操作系统','Windows 10',1),
	(57,4,83,'显卡','入门级独显',1),
	(58,4,84,'内存','4G',1),
	(59,4,85,'硬盘','500G',1),
	(60,4,86,'分辨率','全高清屏（1920×1080）',1),
	(61,4,87,'特性','二合一笔记本',1),
	(62,4,88,'大家说','配置不错',1),
	(63,4,89,'USB2.0','无',3),
	(64,4,90,'USB3.0','3个',3),
	(65,4,91,'网络摄像头','1个',3),
	(66,4,92,'电池','6节',3),
	(67,4,93,'净重','3KG',3),
	(68,4,94,'电源适配器','1个',3),
	(69,5,78,'价格','3400-4399',1),
	(70,5,79,'适用人群','校园学生',1),
	(71,5,80,'尺寸','14.0英寸',1),
	(72,5,81,'CPU','Intel i5',1),
	(73,5,82,'操作系统','Windows 8',1),
	(74,5,83,'显卡','游戏显卡',1),
	(75,5,84,'内存','2G',1),
	(76,5,85,'硬盘','500G',1),
	(77,5,86,'分辨率','全高清屏（1920×1080）',1),
	(78,5,87,'特性','二合一笔记本',1),
	(79,5,88,'大家说','配置不错',1),
	(80,5,89,'USB2.0','3个',3),
	(81,5,90,'USB3.0','无',3),
	(82,5,91,'网络摄像头','1',3),
	(83,5,92,'电池','1',3),
	(84,5,93,'净重','1KG',3),
	(85,5,94,'电源适配器','1',3),
	(86,6,78,'价格','5700-7999',1),
	(87,6,79,'适用人群','商务办公',1),
	(88,6,80,'尺寸','13.3英寸',1),
	(89,6,81,'CPU','Intel i5',1),
	(90,6,82,'操作系统','MACDOS/Linux',1),
	(91,6,83,'显卡','集成显卡',1),
	(92,6,84,'内存','4G',1),
	(93,6,85,'硬盘','含128G SSD',1),
	(94,6,86,'分辨率','全高清屏（1920×1080）',1),
	(95,6,87,'特性','二合一笔记本',1),
	(96,6,88,'大家说','配置不错',1),
	(97,6,89,'USB2.0','无',3),
	(98,6,90,'USB3.0','2个',3),
	(99,6,91,'网络摄像头','无',3),
	(100,6,92,'电池','待机8小时',3),
	(101,6,93,'净重','0.9KG',3),
	(102,6,94,'电源适配器','1个',3),
	(103,7,78,'价格','5700-7999',1),
	(104,7,79,'适用人群','游戏达人',1),
	(105,7,80,'尺寸','14.0英寸',1),
	(106,7,81,'CPU','Intel i7',1),
	(107,7,82,'操作系统','Windows 8',1),
	(108,7,83,'显卡','游戏显卡',1),
	(109,7,84,'内存','8G',1),
	(110,7,85,'硬盘','含256G SSD',1),
	(111,7,86,'分辨率','全高清屏（1920×1080）',1),
	(112,7,87,'特性','第6代酷睿',1),
	(113,7,88,'大家说','散热很好',1),
	(114,7,89,'USB2.0','1个',3),
	(115,7,90,'USB3.0','2个',3),
	(116,7,91,'网络摄像头','1个',3),
	(117,7,92,'电池','6节',3),
	(118,7,93,'净重','2KG',3),
	(119,7,94,'电源适配器','1个',3),
	(120,8,78,'价格','5700-7999',1),
	(121,8,79,'适用人群','游戏达人',1),
	(122,8,80,'尺寸','14.0英寸',1),
	(123,8,81,'CPU','Intel i7',1),
	(124,8,82,'操作系统','Windows 10',1),
	(125,8,83,'显卡','游戏显卡',1),
	(126,8,84,'内存','8G',1),
	(127,8,85,'硬盘','含512G SSD',1),
	(128,8,86,'分辨率','全高清屏（1920×1080）',1),
	(129,8,87,'特性','第6代酷睿',1),
	(130,8,88,'大家说','配置不错',1),
	(131,8,89,'USB2.0','0个',3),
	(132,8,90,'USB3.0','4个',3),
	(133,8,91,'网络摄像头','1个',3),
	(134,8,92,'电池','1个',3),
	(135,8,93,'净重','2KG',3),
	(136,8,94,'电源适配器','1',3),
	(137,9,78,'价格','3400-4399',1),
	(138,9,79,'适用人群','校园学生',1),
	(139,9,80,'尺寸','14.0英寸',1),
	(140,9,81,'CPU','Intel i5',1),
	(141,9,82,'操作系统','Windows 8',1),
	(142,9,83,'显卡','游戏显卡',1),
	(143,9,84,'内存','4G',1),
	(144,9,85,'硬盘','500G',1),
	(145,9,86,'分辨率','普通屏（1366×768）',1),
	(146,9,87,'特性','第6代酷睿',1),
	(147,9,88,'大家说','性价比高',1),
	(148,9,89,'USB2.0','0个',3),
	(149,9,90,'USB3.0','2个',3),
	(150,9,91,'网络摄像头','1个',3),
	(151,9,92,'电池','无',3),
	(152,9,93,'净重','2KG',3),
	(153,9,94,'电源适配器','1',3),
	(154,10,78,'价格','4400-5699',1),
	(155,10,79,'适用人群','游戏达人',1),
	(156,10,80,'尺寸','14.0英寸',1),
	(157,10,81,'CPU','Intel i5',1),
	(158,10,82,'操作系统','Windows 8',1),
	(159,10,83,'显卡','游戏显卡',1),
	(160,10,84,'内存','8G',1),
	(161,10,85,'硬盘','500G',1),
	(162,10,86,'分辨率','超高清屏（2K/3k/4K)',1),
	(163,10,87,'特性','第6代酷睿',1),
	(164,10,88,'大家说','配置不错',1),
	(165,10,89,'USB2.0','0个',3),
	(166,10,90,'USB3.0','3个',3),
	(167,10,91,'网络摄像头','1个',3),
	(168,10,92,'电池','无',3),
	(169,10,93,'净重','1KG',3),
	(170,10,94,'电源适配器','无',3),
	(171,11,78,'价格','4400-5699',1),
	(172,11,79,'适用人群','游戏达人',1),
	(173,11,80,'尺寸','14.0英寸',1),
	(174,11,81,'CPU','Intel i7',1),
	(175,11,82,'操作系统','Windows 8',1),
	(176,11,83,'显卡','高性能独显',1),
	(177,11,84,'内存','8G',1),
	(178,11,85,'硬盘','含512G SSD',1),
	(179,11,86,'分辨率','普通屏（1366×768）',1),
	(180,11,87,'特性','第6代酷睿',1),
	(181,11,88,'大家说','配置不错',1),
	(182,11,89,'USB2.0','0个',3),
	(183,11,90,'USB3.0','4个',3),
	(184,11,91,'网络摄像头','1个',3),
	(185,11,92,'电池','1个',3),
	(186,11,93,'净重','1KG',3),
	(187,11,94,'电源适配器','1个',3),
	(188,12,78,'价格','4400-5699',1),
	(189,12,79,'适用人群','校园学生',1),
	(190,12,80,'尺寸','14.0英寸',1),
	(191,12,81,'CPU','Intel i5',1),
	(192,12,82,'操作系统','Windows 8',1),
	(193,12,83,'显卡','游戏显卡',1),
	(194,12,84,'内存','8G',1),
	(195,12,85,'硬盘','500G',1),
	(196,12,86,'分辨率','全高清屏（1920×1080）',1),
	(197,12,87,'特性','第6代酷睿',1),
	(198,12,88,'大家说','配置不错',1),
	(199,12,89,'USB2.0','1个',3),
	(200,12,90,'USB3.0','3个',3),
	(201,12,91,'网络摄像头','1个',3),
	(202,12,92,'电池','6节',3),
	(203,12,93,'净重','2KG',3),
	(204,12,94,'电源适配器','一个',3),
	(205,13,78,'价格','2300-3399',1),
	(206,13,79,'适用人群','校园学生',1),
	(207,13,80,'尺寸','15.6英寸',1),
	(208,13,81,'CPU','Intel i5',1),
	(209,13,82,'操作系统','Windows 10',1),
	(210,13,83,'显卡','入门级独显',1),
	(211,13,84,'内存','4G',1),
	(212,13,85,'硬盘','500G',1),
	(213,13,86,'分辨率','普通屏（1366×768）',1),
	(214,13,87,'特性','二合一笔记本',1),
	(215,13,88,'大家说','配置不错',1),
	(216,13,89,'USB2.0','3个',3),
	(217,13,90,'USB3.0','0个',3),
	(218,13,91,'网络摄像头','1个',3),
	(219,13,92,'电池','4节',3),
	(220,13,93,'净重','2KG',3),
	(221,13,94,'电源适配器','1个',3),
	(222,14,78,'价格','3400-4399',1),
	(223,14,79,'适用人群','校园学生',1),
	(224,14,80,'尺寸','14.0英寸',1),
	(225,14,81,'CPU','Intel i5',1),
	(226,14,82,'操作系统','Windows 8',1),
	(227,14,83,'显卡','游戏显卡',1),
	(228,14,84,'内存','4G',1),
	(229,14,85,'硬盘','500G',1),
	(230,14,86,'分辨率','普通屏（1366×768）',1),
	(231,14,87,'特性','第6代酷睿',1),
	(232,14,88,'大家说','散热很好',1),
	(233,14,89,'USB2.0','3个',3),
	(234,14,90,'USB3.0','没有',3),
	(235,14,91,'网络摄像头','1个',3),
	(236,14,92,'电池','1个',3),
	(237,14,93,'净重','2KG',3),
	(238,14,94,'电源适配器','1个',3),
	(239,15,78,'价格','4400-5699',1),
	(240,15,79,'适用人群','校园学生',1),
	(241,15,80,'尺寸','14.0英寸',1),
	(242,15,81,'CPU','Intel i5',1),
	(243,15,82,'操作系统','Windows 8',1),
	(244,15,83,'显卡','高性能独显',1),
	(245,15,84,'内存','8G',1),
	(246,15,85,'硬盘','500G',1),
	(247,15,86,'分辨率','高分屏（1600×900）',1),
	(248,15,87,'特性','第6代酷睿',1),
	(249,15,88,'大家说','配置不错',1),
	(250,15,89,'USB2.0','0个',3),
	(251,15,90,'USB3.0','3个',3),
	(252,15,91,'网络摄像头','1个',3),
	(253,15,92,'电池','4节',3),
	(254,15,93,'净重','2KG',3),
	(255,15,94,'电源适配器','1个',3),
	(290,18,21,'价格','200-299',1),
	(291,18,22,'厚度','适中',1),
	(292,18,23,'版型','修身型',1),
	(293,18,24,'材质','涤纶',1),
	(294,18,25,'上市时间','2016春季',1),
	(295,18,26,'领型',' 翻领',1),
	(296,18,27,'衣长','中长款',1),
	(297,18,28,'适用类型','青年',1),
	(298,18,29,'里料分类','棉',3),
	(299,18,30,'适用年龄','20-30',3),
	(300,18,31,'商场同款','是',3),
	(301,19,21,'价格','100-199',1),
	(302,19,22,'厚度','偏薄',1),
	(303,19,23,'版型','修身型',1),
	(304,19,24,'材质','锦纶',1),
	(305,19,25,'上市时间','2015冬季',1),
	(306,19,26,'领型','立领',1),
	(307,19,27,'衣长','中长款',1),
	(308,19,28,'适用类型','情侣',1),
	(309,19,29,'里料分类','蚕丝',3),
	(310,19,30,'适用年龄','20-30',3),
	(311,19,31,'商场同款','是',3),
	(312,20,21,'价格','200-299',1),
	(313,20,22,'厚度','偏薄',1),
	(314,20,23,'版型','修身型',1),
	(315,20,24,'材质','棉',1),
	(316,20,25,'上市时间','2016春季',1),
	(317,20,26,'领型','西装领',1),
	(318,20,27,'衣长','短款',1),
	(319,20,28,'适用类型','青年',1),
	(320,20,29,'里料分类','棉丝',3),
	(321,20,30,'适用年龄','20-30',3),
	(322,20,31,'商场同款','是',3),
	(323,21,21,'价格','200-299',1),
	(324,21,22,'厚度','适中',1),
	(325,21,23,'版型','收腰型',1),
	(326,21,24,'材质','涤纶',1),
	(327,21,25,'上市时间','2016春季',1),
	(328,21,26,'领型','荷叶领',1),
	(329,21,27,'衣长','短款',1),
	(330,21,28,'适用类型','学生',1),
	(331,21,29,'里料分类','丝丝',3),
	(332,21,30,'适用年龄','10-25',3),
	(333,21,31,'商场同款','是',3),
	(334,22,21,'价格','100-199',1),
	(335,22,22,'厚度','偏薄',1),
	(336,22,23,'版型','修身型',1),
	(337,22,24,'材质','棉',1),
	(338,22,25,'上市时间','2015冬季',1),
	(339,22,26,'领型',' 翻领',1),
	(340,22,27,'衣长','中长款',1),
	(341,22,28,'适用类型','情侣',1),
	(342,22,29,'里料分类','丝丝',3),
	(343,22,30,'适用年龄','20-30',3),
	(344,22,31,'商场同款','是',3),
	(345,23,21,'价格','0-99',1),
	(346,23,22,'厚度','适中',1),
	(347,23,23,'版型','宽松型',1),
	(348,23,24,'材质','蚕丝',1),
	(349,23,25,'上市时间','2016春季',1),
	(350,23,26,'领型','娃娃领',1),
	(351,23,27,'衣长','中长款',1),
	(352,23,28,'适用类型','情侣',1),
	(353,23,29,'里料分类','蚕丝',3),
	(354,23,30,'适用年龄','20-30',3),
	(355,23,31,'商场同款','是',3),
	(356,24,21,'价格','100-199',1),
	(357,24,22,'厚度','适中',1),
	(358,24,23,'版型','宽松型',1),
	(359,24,24,'材质','棉',1),
	(360,24,25,'上市时间','2016春季',1),
	(361,24,26,'领型',' 翻领',1),
	(362,24,27,'衣长','中长款',1),
	(363,24,28,'适用类型','约会',1),
	(364,24,29,'里料分类','丝丝',3),
	(365,24,30,'适用年龄','20-30',3),
	(366,24,31,'商场同款','否',3),
	(367,25,21,'价格','200-299',1),
	(368,25,22,'厚度','偏薄',1),
	(369,25,23,'版型','修身型',1),
	(370,25,24,'材质','涤纶',1),
	(371,25,25,'上市时间','2015冬季',1),
	(372,25,26,'领型',' 翻领',1),
	(373,25,27,'衣长','长款',1),
	(374,25,28,'适用类型','青年',1),
	(375,25,29,'里料分类','丝丝',3),
	(376,25,30,'适用年龄','20-40',3),
	(377,25,31,'商场同款','是',3),
	(378,26,49,'价格','300－399',1),
	(379,26,50,'厚度','适中',1),
	(380,26,51,'版型','宽松型',1),
	(381,26,52,'材质','棉',1),
	(382,26,53,'上市时间','2016春季',1),
	(383,26,54,'领型','POLO领',1),
	(384,26,55,'衣长','中长款',1),
	(385,26,56,'适用类型','青年',1),
	(386,26,57,'里料分类','棉',3),
	(387,26,58,'适用年龄','20-30',3),
	(388,26,59,'商场同款','无',3),
	(389,27,21,'价格','500－699',1),
	(390,27,22,'厚度','适中',1),
	(391,27,23,'版型','宽松型',1),
	(392,27,24,'材质','涤纶',1),
	(393,27,25,'上市时间','2015冬季',1),
	(394,27,26,'领型','西装领',1),
	(395,27,27,'衣长','长款',1),
	(396,27,28,'适用类型','青年',1),
	(397,27,29,'里料分类','棉布',3),
	(398,27,30,'适用年龄','20-30',3),
	(399,27,31,'商场同款','是',3),
	(400,28,49,'价格','500－699',1),
	(401,28,50,'厚度','加厚',1),
	(402,28,51,'版型','宽松型',1),
	(403,28,52,'材质','涤纶',1),
	(404,28,53,'上市时间','2016春季',1),
	(405,28,54,'领型',' 翻领',1),
	(406,28,55,'衣长','中长款',1),
	(407,28,56,'适用类型','旅游',1),
	(408,28,57,'里料分类','高档面纱',3),
	(409,28,58,'适用年龄','30-49',3),
	(410,28,59,'商场同款','是',3),
	(411,16,78,'价格','4400-5699',1),
	(412,16,79,'适用人群','游戏达人',1),
	(413,16,80,'尺寸','14.0英寸',1),
	(414,16,81,'CPU','Intel i5',1),
	(415,16,82,'操作系统','Windows 8',1),
	(416,16,83,'显卡','高性能独显',1),
	(417,16,84,'内存','8G',1),
	(418,16,85,'硬盘','500G',1),
	(419,16,86,'分辨率','全高清屏（1920×1080）',1),
	(420,16,87,'特性','二合一笔记本',1),
	(421,16,88,'大家说','散热很好',1),
	(422,16,89,'USB2.0','0个',3),
	(423,16,90,'USB3.0','3个',3),
	(424,16,91,'网络摄像头','1个',3),
	(425,16,92,'电池','6节',3),
	(426,16,93,'净重','2KG',3),
	(427,16,94,'电源适配器','1个',3),
	(445,29,78,'价格','',1),
	(446,29,79,'适用人群','',1),
	(447,29,80,'尺寸','',1),
	(448,29,81,'CPU','',1),
	(449,29,82,'操作系统','',1),
	(450,29,83,'显卡','',1),
	(451,29,84,'内存','',1),
	(452,29,85,'硬盘','',1),
	(453,29,86,'分辨率','',1),
	(454,29,87,'特性','',1),
	(455,29,88,'大家说','',1),
	(456,29,89,'USB2.0','',3),
	(457,29,90,'USB3.0','',3),
	(458,29,91,'网络摄像头','',3),
	(459,29,92,'电池','',3),
	(460,29,93,'净重','',3),
	(461,29,94,'电源适配器','',3),
	(462,17,78,'价格','5700-7999',1),
	(463,17,79,'适用人群','商务办公',1),
	(464,17,80,'尺寸','14.0英寸',1),
	(465,17,81,'CPU','Intel i7',1),
	(466,17,82,'操作系统','Windows 8',1),
	(467,17,83,'显卡','集成显卡',1),
	(468,17,84,'内存','8G',1),
	(469,17,85,'硬盘','500G',1),
	(470,17,86,'分辨率','全高清屏（1920×1080）',1),
	(471,17,87,'特性','第6代酷睿',1),
	(472,17,88,'大家说','配置不错',1),
	(473,17,89,'USB2.0','0个',3),
	(474,17,90,'USB3.0','3个',3),
	(475,17,91,'网络摄像头','1个',3),
	(476,17,92,'电池','1个',3),
	(477,17,93,'净重','2KG',3),
	(478,17,94,'电源适配器','1个',3),
	(479,30,78,'价格','',1),
	(480,30,79,'适用人群','',1),
	(481,30,80,'尺寸','',1),
	(482,30,81,'CPU','',1),
	(483,30,82,'操作系统','',1),
	(484,30,83,'显卡','',1),
	(485,30,84,'内存','',1),
	(486,30,85,'硬盘','',1),
	(487,30,86,'分辨率','',1),
	(488,30,87,'特性','',1),
	(489,30,88,'大家说','',1),
	(490,30,89,'USB2.0','',3),
	(491,30,90,'USB3.0','',3),
	(492,30,91,'网络摄像头','',3),
	(493,30,92,'电池','',3),
	(494,30,93,'净重','',3),
	(495,30,94,'电源适配器','',3);

/*!40000 ALTER TABLE `product_attr` ENABLE KEYS */;
UNLOCK TABLES;


# Dump of table product_brand
# ------------------------------------------------------------

DROP TABLE IF EXISTS `product_brand`;

CREATE TABLE `product_brand` (
  `id` int(11) NOT NULL AUTO_INCREMENT,
  `name` varchar(50) NOT NULL COMMENT '品牌名称',
  `name_first` varchar(1) NOT NULL COMMENT '品牌首字母',
  `image` varchar(200) NOT NULL DEFAULT '' COMMENT '品牌图片',
  `look_method` tinyint(4) NOT NULL COMMENT '展示方式1、图片；2、文字',
  `top` tinyint(4) NOT NULL COMMENT '推荐1、推荐；2、不推荐',
  `sort` int(4) NOT NULL COMMENT '排序',
  `create_id` int(11) NOT NULL COMMENT '创建人',
  `create_time` datetime NOT NULL COMMENT '创建时间',
  `update_id` int(11) NOT NULL COMMENT '更新人',
  `update_time` datetime NOT NULL COMMENT '更新时间',
  `state` tinyint(4) NOT NULL COMMENT '状态 0、默认；1、提交审核；2、显示中；3、审核失败；4、删除',
  PRIMARY KEY (`id`)
) ENGINE=InnoDB DEFAULT CHARSET=utf8 COMMENT='商品品牌';

LOCK TABLES `product_brand` WRITE;
/*!40000 ALTER TABLE `product_brand` DISABLE KEYS */;

INSERT INTO `product_brand` (`id`, `name`, `name_first`, `image`, `look_method`, `top`, `sort`, `create_id`, `create_time`, `update_id`, `update_time`, `state`)
VALUES
	(1,'联想','L','/images/brand/f473c5f3-c4ae-4f3e-b802-51d85221dd45.jpg',1,1,1,1,'2015-11-26 20:53:41',1,'2015-11-26 20:53:41',2),
	(2,'ThinkPad','T','/images/brand/04eb08b2-e361-4d82-b5f2-ffaa0b1a458a.jpg',1,1,1,1,'2015-11-26 20:54:36',1,'2015-11-26 20:54:36',2),
	(3,'华硕','H','/images/brand/027c31ea-e359-439a-8733-0b6daf725c70.jpg',1,1,1,1,'2015-11-26 21:17:16',1,'2015-11-26 21:17:16',2),
	(4,'戴尔','D','/images/brand/63612c53-c7fb-4c93-94a4-218a8f047f99.jpg',1,1,1,1,'2015-11-26 21:17:35',1,'2015-11-26 21:17:35',2),
	(5,'Apple','A','/images/brand/e32308e3-e148-4aeb-a4d8-9d922f88d6b7.jpg',1,1,1,1,'2015-11-26 21:18:08',1,'2015-11-26 21:18:08',2),
	(6,'宏碁','H','/images/brand/46a0e0a3-a864-4398-8c83-89a36a900c80.jpg',1,1,1,1,'2015-11-26 21:18:27',1,'2015-11-26 21:18:27',2),
	(7,'惠普','H','/images/brand/1ab5ed4d-705c-4988-b949-ce8252a1a8c0.jpg',1,1,1,1,'2015-11-26 21:18:48',1,'2015-11-26 21:18:48',2),
	(8,'神州','S','/images/brand/0d480e08-3e7f-4419-98bd-7a48d8d529dc.jpg',1,1,1,1,'2015-11-26 21:19:15',1,'2015-11-26 21:19:15',2),
	(9,'三星','S','/images/brand/0f5b9324-5624-442e-82c8-55c344512dbf.jpg',1,1,1,1,'2015-11-26 21:20:08',1,'2015-11-26 21:20:08',2),
	(10,'雷神','L','/images/brand/553d017b-278d-424c-a0ec-f72be5b785ce.jpg',1,1,1,1,'2015-11-26 21:22:21',1,'2015-11-26 21:22:21',2),
	(11,'雅旦﹒戈乐','Y','/images/brand/7dc0bf7d-21b9-4ebe-b678-6b0b70d422fe.jpg',1,1,1,1,'2015-12-03 20:59:54',1,'2015-12-03 20:59:54',2),
	(12,'秋水伊人','Q','/images/brand/e74abdd4-e66c-4586-baab-47bbda1308dd.jpg',1,1,1,1,'2015-12-03 21:00:25',1,'2015-12-03 21:00:25',2),
	(13,'美特斯·邦威','M','/images/brand/5ec4ffeb-7314-4348-93a3-005a670d8595.jpg',1,1,1,1,'2015-12-03 21:01:23',1,'2015-12-03 21:01:23',2),
	(14,'茵曼','L','/images/brand/3b46f04e-005d-4979-aefc-1efe5f5ce0d8.jpg',1,1,1,1,'2015-12-03 21:01:56',1,'2015-12-03 21:01:56',2),
	(15,'妖精的口袋','Y','/images/brand/bcb5f620-50d0-4135-bd26-4efa644500b1.jpg',1,1,1,1,'2015-12-03 21:02:26',1,'2015-12-03 21:02:26',2),
	(16,'初语','C','/images/brand/06f935be-8a94-42d4-a87e-4a6292b25ff5.jpg',1,1,1,1,'2015-12-03 21:02:49',1,'2015-12-03 21:02:49',2),
	(17,'唐狮','T','/images/brand/a854f291-6a4e-4f3b-8d09-2091de0504c1.jpg',1,1,1,1,'2015-12-03 21:03:15',1,'2015-12-03 21:03:15',2),
	(18,'拉谷谷','L','/images/brand/3c778305-d0b3-4918-8d8a-af042688d717.jpg',1,1,1,1,'2015-12-03 21:03:41',1,'2015-12-03 21:03:41',2),
	(19,'未来人类','W','/images/brand/578d1462-4800-40b7-8129-a039c2b58ab9.jpg',1,1,1,1,'2015-12-12 13:39:44',1,'2015-12-12 13:39:44',2),
	(27,'红蜻蜓','H','/images\\brand\\f2a2da44-9297-4559-b5d9-ac17cdc6a722.png',2,1,1,1,'2015-12-27 17:22:59',1,'2015-12-27 17:22:59',2),
	(28,'意尔康','Y','/images\\brand\\27054018-fef8-4700-8725-bfb4243ccdbe.jpg',2,1,1,1,'2015-12-27 17:24:30',1,'2015-12-27 17:24:30',2),
	(29,'骆驼','L','/images\\brand\\c2b8f55d-2699-4221-bc6e-995e2561d2bb.jpg',2,1,1,1,'2015-12-27 17:25:36',1,'2015-12-27 17:25:36',2),
	(30,'热风','R','/images\\brand\\390b9d4f-e7d4-4fb8-a505-2153768c5a47.jpg',2,1,1,1,'2015-12-27 17:26:31',1,'2015-12-27 17:26:31',2),
	(31,'百丽','B','/images\\brand\\db663cb9-d57a-4171-8018-5257253fb796.jpg',2,1,1,1,'2015-12-27 17:27:20',1,'2015-12-27 17:27:20',2),
	(32,'奥康','O','/images\\brand\\d948d644-da3a-4e78-ba3d-1027a369dabd.jpg',2,1,1,1,'2015-12-27 17:27:58',1,'2015-12-27 17:27:58',2),
	(33,'卓诗尼','Z','/images\\brand\\48d82574-91d9-4f74-8680-f4dc5cc6fe7e.jpg',2,1,1,1,'2015-12-27 17:28:50',1,'2015-12-27 17:28:50',2),
	(34,'西遇','X','/images\\brand\\497d32a2-1ce2-4d2f-9d7e-05aa18e224e5.jpg',2,1,1,1,'2015-12-27 17:30:41',1,'2015-12-27 17:30:41',2),
	(35,'天谱乐食','T','/images\\brand\\e40463a4-f2d6-4a36-86f6-38ba07897134.jpg',2,1,1,1,'2015-12-27 18:07:30',1,'2015-12-27 18:07:30',2),
	(36,'亚飞康品','Y','/images\\brand\\e6f025e5-5cec-4ee4-b2b6-69d35c35a820.jpg',2,1,1,1,'2015-12-27 18:07:59',1,'2015-12-27 18:07:59',2),
	(37,'牛大厨','N','/images\\brand\\c11d497e-e806-4232-ac45-1194cdebdab6.jpg',2,1,1,1,'2015-12-27 18:08:24',1,'2015-12-27 18:08:24',2),
	(38,'顶诺','D','/images\\brand\\c34f452f-7701-4f65-a1ea-1500d81043bf.jpg',2,1,1,1,'2015-12-27 18:08:47',1,'2015-12-27 18:08:47',2),
	(39,'大希地','D','/images\\brand\\ff301f47-1884-46c9-9a8b-d253c9a24ffc.jpg',2,1,1,1,'2015-12-27 18:09:09',1,'2015-12-27 18:09:09',2),
	(40,'潮香村','C','/images\\brand\\269e18a8-dedc-42b2-bba5-eca65523f1ab.jpg',2,1,1,1,'2015-12-27 18:09:39',1,'2015-12-27 18:09:39',2),
	(41,'金龙鱼','J','/images\\brand\\04fd9606-3e0b-457a-89ee-02eb6345f1ad.jpg',2,1,1,1,'2015-12-27 19:43:49',1,'2015-12-27 19:43:49',2),
	(42,'福临门','F','/images\\brand\\743995b3-3522-44ff-8a8f-dc10a9207672.jpg',2,1,1,1,'2015-12-27 19:44:08',1,'2015-12-27 19:44:08',2),
	(43,'testPP','T','/images\\brand\\18be62fb-1a56-4de9-a439-dad1dea1dc23.jpg',2,1,12,1,'2016-04-10 11:23:40',1,'2016-04-10 11:24:12',2),
	(44,'EVISU2','E','',2,1,13,1,'2016-04-14 09:42:04',1,'2016-05-11 17:10:46',2);

/*!40000 ALTER TABLE `product_brand` ENABLE KEYS */;
UNLOCK TABLES;


# Dump of table product_cate
# ------------------------------------------------------------

DROP TABLE IF EXISTS `product_cate`;

CREATE TABLE `product_cate` (
  `id` int(11) NOT NULL AUTO_INCREMENT,
  `product_type_id` int(11) NOT NULL COMMENT '类型ID',
  `pid` int(11) NOT NULL COMMENT '父类ID',
  `name` varchar(20) NOT NULL COMMENT '分类名称',
  `path` varchar(200) NOT NULL DEFAULT '' COMMENT '上级分类路径',
  `scaling` float NOT NULL COMMENT '分佣比例(商家给平台的分佣比例，填写1到100的数字)',
  `create_id` int(11) NOT NULL COMMENT '创建人',
  `update_id` int(11) NOT NULL COMMENT '更新人',
  `create_time` datetime NOT NULL COMMENT '创建时间',
  `update_time` datetime NOT NULL COMMENT '更新时间',
  `sort` int(11) NOT NULL COMMENT '排序',
  `status` tinyint(4) NOT NULL COMMENT '0、默认；1、提交审核；2、审核通过；3、审核失败；4、停用',
  PRIMARY KEY (`id`)
) ENGINE=InnoDB DEFAULT CHARSET=utf8 COMMENT='商品分类';

LOCK TABLES `product_cate` WRITE;
/*!40000 ALTER TABLE `product_cate` DISABLE KEYS */;

INSERT INTO `product_cate` (`id`, `product_type_id`, `pid`, `name`, `path`, `scaling`, `create_id`, `update_id`, `create_time`, `update_time`, `sort`, `status`)
VALUES
	(1,11,0,'电脑、办公','/',0.2,1,1,'2015-11-30 10:20:22','2016-04-23 14:24:50',1,1),
	(2,0,1,'电脑整机','/1',0.2,1,1,'2015-11-30 10:21:03','2015-11-30 10:21:03',1,1),
	(3,0,1,'电脑配件','/1',0.2,1,1,'2015-11-30 10:21:32','2015-11-30 10:21:32',1,1),
	(4,0,1,'外围产品','/1',0.2,1,1,'2015-11-30 10:21:59','2015-11-30 10:21:59',1,1),
	(5,0,1,'游戏设备','/1',0,1,1,'2015-11-30 10:22:25','2015-11-30 10:22:25',1,1),
	(6,0,1,'网络产品','/1',0,1,1,'2015-11-30 10:22:44','2015-11-30 10:22:44',1,1),
	(7,0,1,'办公设备','/1',0,1,1,'2015-11-30 10:23:22','2015-11-30 10:23:22',1,1),
	(8,0,1,'文具耗材','/1',0,1,1,'2015-11-30 10:23:49','2015-11-30 10:23:49',1,1),
	(9,1,2,'笔记本','/1/2',0.2,1,1,'2015-11-30 10:24:27','2015-11-30 10:24:27',1,1),
	(10,1,2,'超极本','/1/2',0.2,1,1,'2015-11-30 10:24:56','2015-11-30 10:24:56',1,1),
	(11,1,2,'游戏本','/1/2',1,1,1,'2015-11-30 10:25:36','2015-11-30 10:25:36',1,1),
	(12,1,2,'平板电脑','/1/2',1,1,1,'2015-11-30 10:25:55','2015-11-30 10:25:55',1,1),
	(13,1,2,'台式机','/1/2',1,1,1,'2015-11-30 10:26:24','2015-11-30 10:26:24',1,1),
	(15,1,2,'一体机','/1/2',1,1,1,'2015-11-30 10:28:15','2015-11-30 10:28:15',1,1),
	(16,1,2,'服务器','/1/2',1,1,1,'2015-11-30 10:28:39','2015-11-30 10:28:39',1,1),
	(17,1,2,'工作站','/1/2',1,1,1,'2015-11-30 10:29:04','2015-11-30 10:29:04',1,3),
	(18,1,2,'笔记本配件','/1/2',1,1,1,'2015-11-30 10:29:42','2015-11-30 10:29:42',1,1),
	(19,0,0,'男装、女装、内衣鞋靴','/',1,1,1,'2015-12-03 23:49:06','2015-12-03 23:50:23',1,1),
	(20,0,19,'女装','/19',1,1,1,'2015-12-03 23:51:03','2015-12-03 23:51:03',1,1),
	(21,0,19,'男装','/19',1,1,1,'2015-12-03 23:51:44','2015-12-03 23:51:44',1,1),
	(22,0,19,'内衣','/19',1,1,1,'2015-12-03 23:52:21','2015-12-03 23:52:21',1,1),
	(23,0,19,'时尚女鞋','/19',1,1,1,'2015-12-03 23:52:42','2015-12-27 17:48:05',1,1),
	(24,0,19,'流行男鞋','/19',1,1,1,'2015-12-03 23:52:53','2015-12-27 17:55:04',1,1),
	(25,4,20,'风衣','/19/20',1,1,2,'2015-12-03 23:54:19','2015-12-10 21:32:16',1,1),
	(26,4,20,'毛呢大衣','/19/20',1,1,2,'2015-12-03 23:55:17','2015-12-10 21:33:52',1,1),
	(27,4,20,'羽绒服棉','/19/20',1,1,2,'2015-12-03 23:55:43','2015-12-10 21:34:23',1,1),
	(28,3,20,'连衣裙','/19/20',1,1,1,'2015-12-03 23:56:10','2015-12-03 23:56:10',1,1),
	(29,3,20,'毛衣','/19/20',1,1,1,'2015-12-03 23:56:33','2015-12-03 23:56:33',1,1),
	(30,3,20,'卫衣','/19/20',1,1,1,'2015-12-03 23:57:00','2015-12-03 23:57:00',1,1),
	(31,3,20,'休闲裤','/19/20',1,1,1,'2015-12-03 23:57:27','2015-12-03 23:57:27',1,1),
	(32,3,20,'牛仔裤','/19/20',1,1,1,'2015-12-03 23:57:54','2015-12-03 23:57:54',1,1),
	(33,3,0,'半身裙','/',1,1,1,'2015-12-03 23:58:12','2015-12-03 23:58:12',1,3),
	(34,3,20,'半身裙','/19/20',1,1,1,'2015-12-03 23:58:28','2015-12-03 23:58:28',1,1),
	(35,3,20,'小西装','/19/20',1,1,1,'2015-12-03 23:58:49','2015-12-03 23:58:49',1,1),
	(36,3,20,'羊绒衫','/19/20',1,1,1,'2015-12-04 00:00:04','2015-12-04 00:00:04',1,1),
	(37,3,20,'婚纱','/19/20',1,1,1,'2015-12-04 00:00:31','2015-12-04 00:00:31',1,1),
	(38,3,20,'礼服','/19/20',1,1,1,'2015-12-04 00:00:52','2015-12-04 00:00:52',1,1),
	(39,3,20,'旗袍','/19/20',1,1,1,'2015-12-04 00:01:12','2015-12-04 00:01:12',1,1),
	(40,3,20,'T恤衬衫','/19/20',1,1,1,'2015-12-04 00:01:40','2015-12-04 00:01:40',1,1),
	(41,3,20,'中老年女装','/19/20',1,1,1,'2015-12-04 00:02:24','2015-12-04 00:02:24',1,1),
	(42,4,21,'衬衫','/19/21',0.9,1,2,'2015-12-05 10:26:30','2015-12-10 21:35:28',1,1),
	(43,4,21,'羽绒服','/19/21',0.1,2,2,'2015-12-10 21:35:07','2015-12-10 21:35:07',1,1),
	(45,4,21,'中山装','/19/21',1,1,1,'2015-12-27 15:47:51','2015-12-27 15:49:00',1,1),
	(46,4,21,'羊绒衫','/19/21',1,1,1,'2015-12-27 15:48:56','2015-12-27 15:48:56',1,1),
	(47,4,21,'运动裤','/19/21',1,1,1,'2015-12-27 15:50:19','2015-12-27 15:50:19',1,1),
	(48,4,21,'真皮皮衣','/19/21',1,1,1,'2015-12-27 15:51:00','2015-12-27 15:51:00',1,1),
	(49,4,21,'牛仔裤','/19/21',0,1,1,'2015-12-27 15:51:22','2016-04-14 09:53:21',1,1),
	(50,4,21,'休闲裤','/19/21',1,1,1,'2015-12-27 15:52:12','2015-12-27 15:52:12',1,1),
	(51,4,21,'毛呢大衣','/19/21',1,1,1,'2015-12-27 15:52:34','2015-12-27 15:52:34',1,1),
	(52,4,21,'西裤卫裤','/19/21',1,1,1,'2015-12-27 15:52:55','2015-12-27 15:52:55',1,1),
	(53,4,21,'加绒裤','/19/21',1,1,1,'2015-12-27 15:53:21','2015-12-27 15:53:21',1,1),
	(54,4,21,'西服','/19/21',1,1,1,'2015-12-27 15:53:46','2015-12-27 15:53:46',1,1),
	(55,4,21,'风衣','/19/21',1,1,1,'2015-12-27 15:54:24','2015-12-27 15:54:24',1,1),
	(56,4,21,'仿皮皮衣','/19/21',1,1,1,'2015-12-27 15:54:45','2015-12-27 15:54:45',1,1),
	(57,4,21,'POLO衫短裤','/19/21',1,1,1,'2015-12-27 15:55:18','2015-12-27 15:55:18',1,1),
	(58,4,21,'针织衫','/19/21',1,1,1,'2015-12-27 15:57:00','2015-12-27 15:57:00',1,1),
	(59,4,21,'中老年男装','/19/21',1,1,1,'2015-12-27 15:57:18','2015-12-27 15:57:18',1,1),
	(60,4,21,'大码男装','/19/21',1,1,1,'2015-12-27 15:57:38','2015-12-27 15:57:38',1,1),
	(61,0,19,'配饰','/19',1,1,1,'2015-12-27 16:13:37','2015-12-27 16:13:37',1,1),
	(62,0,19,'珠宝首饰','/19',1,1,1,'2015-12-27 16:13:57','2015-12-27 16:13:57',1,1),
	(63,4,22,'保暖内衣','/19/22',0.1,1,1,'2015-12-27 16:29:27','2015-12-27 16:29:27',1,1),
	(64,4,22,'保暖内衣','/19/22',0.1,1,1,'2015-12-27 16:29:27','2015-12-27 16:29:27',1,1),
	(65,4,22,'秋衣秋裤','/19/22',0.1,1,1,'2015-12-27 16:29:27','2015-12-27 16:29:27',1,1),
	(66,4,22,'睡衣','/19/22',0.1,1,1,'2015-12-27 16:29:27','2015-12-27 16:29:27',1,1),
	(67,4,22,'家居服','/19/22',0.1,1,1,'2015-12-27 16:29:27','2015-12-27 16:29:27',1,1),
	(68,4,22,'打底裤','/19/22',0.1,1,1,'2015-12-27 16:29:27','2015-12-27 16:29:27',1,1),
	(69,4,22,'休闲棉袜','/19/22',0.1,1,1,'2015-12-27 16:29:27','2015-12-27 16:29:27',1,1),
	(70,4,22,'商务男袜','/19/22',0.1,1,1,'2015-12-27 16:29:27','2015-12-27 16:29:27',1,1),
	(71,4,22,'情侣睡衣','/19/22',0.1,1,1,'2015-12-27 16:29:27','2015-12-27 16:29:27',1,1),
	(72,4,22,'文胸套装','/19/22',0.1,1,1,'2015-12-27 16:29:27','2015-12-27 16:29:27',1,1),
	(73,4,22,'大码内衣','/19/22',0.1,1,1,'2015-12-27 16:29:27','2015-12-27 16:29:27',1,1),
	(74,4,22,'文胸男式','/19/22',0.1,1,1,'2015-12-27 16:29:27','2015-12-27 16:29:27',1,1),
	(75,4,22,'内裤女式','/19/22',0.1,1,1,'2015-12-27 16:29:27','2015-12-27 16:29:27',1,1),
	(76,4,22,'内裤','/19/22',0.1,1,1,'2015-12-27 16:29:27','2015-12-27 16:29:27',1,1),
	(77,4,22,'连裤袜','/19/22',0.1,1,1,'2015-12-27 16:29:27','2015-12-27 16:29:27',1,1),
	(78,4,22,'丝袜','/19/22',0.1,1,1,'2015-12-27 16:29:27','2015-12-27 16:29:27',1,1),
	(79,4,22,'打底衫','/19/22',0.1,1,1,'2015-12-27 16:29:27','2015-12-27 16:29:27',1,1),
	(80,4,22,'少女文胸','/19/22',0.1,1,1,'2015-12-27 16:29:27','2015-12-27 16:29:27',1,1),
	(81,4,22,'抹胸吊带','/19/22',0.1,1,1,'2015-12-27 16:29:27','2015-12-27 16:29:27',1,1),
	(82,4,22,'内衣配件','/19/22',0.1,1,1,'2015-12-27 16:29:27','2015-12-27 16:29:27',1,1),
	(83,4,22,'泳衣塑身','/19/22',0.1,1,1,'2015-12-27 16:29:27','2015-12-27 16:29:27',1,1),
	(84,4,22,'美腿袜','/19/22',0.1,1,1,'2015-12-27 16:29:27','2015-12-27 16:29:27',1,1),
	(85,4,22,'情趣内衣','/19/22',0.1,1,1,'2015-12-27 16:29:27','2015-12-27 16:29:27',1,1),
	(86,8,23,'女靴','/19/23',0.05,1,1,'2015-12-27 17:48:11','2015-12-27 17:48:11',1,1),
	(87,8,23,'雪地靴','/19/23',0.05,1,1,'2015-12-27 16:29:27','2015-12-27 16:29:27',1,1),
	(88,8,23,'单鞋','/19/23',0.05,1,1,'2015-12-27 16:29:27','2015-12-27 16:29:27',1,1),
	(89,8,23,'高跟鞋','/19/23',0.05,1,1,'2015-12-27 16:29:27','2015-12-27 16:29:27',1,1),
	(90,8,23,'帆布鞋','/19/23',0.05,1,1,'2015-12-27 16:29:27','2015-12-27 16:29:27',1,1),
	(91,8,23,'妈妈鞋','/19/23',0.05,1,1,'2015-12-27 16:29:27','2015-12-27 16:29:27',1,1),
	(92,8,23,'防水台','/19/23',0.05,1,1,'2015-12-27 16:29:27','2015-12-27 16:29:27',1,1),
	(93,8,23,'松糕鞋','/19/23',0.05,1,1,'2015-12-27 16:29:27','2015-12-27 16:29:27',1,1),
	(94,8,23,'布鞋','/19/23',0.05,1,1,'2015-12-27 16:29:27','2015-12-27 16:29:27',1,1),
	(95,8,23,'绣花鞋','/19/23',0.05,1,1,'2015-12-27 16:29:27','2015-12-27 16:29:27',1,1),
	(96,8,23,'凉鞋','/19/23',0.05,1,1,'2015-12-27 16:29:27','2015-12-27 16:29:27',1,1),
	(97,8,23,'拖鞋','/19/23',0.05,1,1,'2015-12-27 16:29:27','2015-12-27 16:29:27',1,1),
	(98,8,23,'人字拖','/19/23',0.05,1,1,'2015-12-27 16:29:27','2015-12-27 16:29:27',1,1),
	(99,8,23,'马丁靴','/19/23',0.05,1,1,'2015-12-27 16:29:27','2015-12-27 16:29:27',1,1),
	(100,8,23,'休闲鞋','/19/23',0.05,1,1,'2015-12-27 16:29:27','2015-12-27 16:29:27',1,1),
	(101,8,23,'踝靴','/19/23',0.05,1,1,'2015-12-27 16:29:27','2015-12-27 16:29:27',1,1),
	(102,8,23,'内增高','/19/23',0.05,1,1,'2015-12-27 16:29:27','2015-12-27 16:29:27',1,1),
	(103,8,23,'坡跟鞋','/19/23',0.05,1,1,'2015-12-27 16:29:27','2015-12-27 16:29:27',1,1),
	(104,8,23,'鱼嘴鞋','/19/23',0.05,1,1,'2015-12-27 16:29:27','2015-12-27 16:29:27',1,1),
	(105,8,23,'雨鞋','/19/23',0.05,1,1,'2015-12-27 16:29:27','2015-12-27 16:29:27',1,1),
	(106,8,24,'休闲鞋','/19/24',0.06,1,1,'2015-12-27 17:54:49','2015-12-27 17:54:49',1,1),
	(107,8,24,'商务','/19/24',0.05,1,1,'2015-12-27 16:29:27','2015-12-27 16:29:27',1,1),
	(108,8,24,'休闲鞋','/19/24',0.05,1,1,'2015-12-27 16:29:27','2015-12-27 16:29:27',1,1),
	(109,8,24,'正装鞋','/19/24',0.05,1,1,'2015-12-27 16:29:27','2015-12-27 16:29:27',1,1),
	(110,8,24,'帆布鞋','/19/24',0.05,1,1,'2015-12-27 16:29:27','2015-12-27 16:29:27',1,1),
	(111,8,24,'工装鞋','/19/24',0.05,1,1,'2015-12-27 16:29:27','2015-12-27 16:29:27',1,1),
	(112,8,24,'增高鞋','/19/24',0.05,1,1,'2015-12-27 16:29:27','2015-12-27 16:29:27',1,1),
	(113,8,24,'拖鞋','/19/24',0.05,1,1,'2015-12-27 16:29:27','2015-12-27 16:29:27',1,1),
	(114,8,24,'人字拖','/19/24',0.05,1,1,'2015-12-27 16:29:27','2015-12-27 16:29:27',1,1),
	(115,8,24,'凉鞋/沙滩鞋','/19/24',0.05,1,1,'2015-12-27 16:29:27','2015-12-27 16:29:27',1,1),
	(116,8,24,'定制鞋','/19/24',0.05,1,1,'2015-12-27 16:29:27','2015-12-27 16:29:27',1,1),
	(117,8,24,'男靴','/19/24',0.05,1,1,'2015-12-27 16:29:27','2015-12-27 16:29:27',1,1),
	(118,8,24,'传统布鞋','/19/24',0.05,1,1,'2015-12-27 16:29:27','2015-12-27 16:29:27',1,1),
	(119,0,0,'熟食蛋奶、水果蔬菜','/',1,1,1,'2015-12-27 18:03:30','2015-12-27 18:03:30',2,1),
	(120,0,119,'精品肉类','/119',1,1,1,'2015-12-27 18:16:04','2015-12-27 18:16:04',1,1),
	(121,0,119,'进口水果','/119',0.05,1,1,'2015-12-27 16:29:27','2015-12-27 16:29:27',1,1),
	(122,0,119,'国产水果','/119',0.05,1,1,'2015-12-27 16:29:27','2015-12-27 16:29:27',1,1),
	(123,0,119,'水果礼盒','/119',0.05,1,1,'2015-12-27 16:29:27','2015-12-27 16:29:27',1,1),
	(124,0,119,'肉类熟食','/119',0.05,1,1,'2015-12-27 16:29:27','2015-12-27 16:29:27',1,1),
	(125,0,119,'蛋品','/119',0.05,1,1,'2015-12-27 16:29:27','2015-12-27 16:29:27',1,1),
	(126,0,119,'蔬菜','/119',0.05,1,1,'2015-12-27 16:29:27','2015-12-27 16:29:27',1,1),
	(127,0,119,'冷藏奶品','/119',0.05,1,1,'2015-12-27 16:29:27','2015-12-27 16:29:27',1,1),
	(128,9,120,'牛肉','/119/120',0.05,1,1,'2015-12-27 18:24:26','2015-12-27 18:24:26',1,1),
	(129,9,120,'羊肉','/119/120',0.05,1,1,'2015-12-27 16:29:27','2015-12-27 16:29:27',1,1),
	(130,9,120,'猪肉','/119/120',0.05,1,1,'2015-12-27 16:29:27','2015-12-27 16:29:27',1,1),
	(131,9,120,'禽类','/119/120',0.05,1,1,'2015-12-27 16:29:27','2015-12-27 16:29:27',1,1),
	(132,9,120,'腌腊肉品','/119/120',0.05,1,1,'2015-12-27 16:29:27','2015-12-27 16:29:27',1,1),
	(133,9,120,'肉类礼盒','/119/120',0.05,1,1,'2015-12-27 16:29:27','2015-12-27 16:29:27',1,1),
	(134,9,120,'澳洲牛肉','/119/120',0.05,1,1,'2015-12-27 16:29:27','2015-12-27 16:29:27',1,1),
	(135,9,120,'牛排','/119/120',0.05,1,1,'2015-12-27 16:29:27','2015-12-27 16:29:27',1,1),
	(136,9,121,'苹果','/119/121',0.02,1,1,'2015-12-27 19:03:39','2015-12-27 19:03:39',1,1),
	(137,9,121,'火龙果','/119/121',0.02,1,1,'2015-12-27 16:29:27','2015-12-27 16:29:27',1,1),
	(138,9,121,'柑橘','/119/121',0.02,1,1,'2015-12-27 16:29:27','2015-12-27 16:29:27',1,1),
	(139,9,121,'梨','/119/121',0.02,1,1,'2015-12-27 16:29:27','2015-12-27 16:29:27',1,1),
	(140,9,121,'香蕉','/119/121',0.02,1,1,'2015-12-27 16:29:27','2015-12-27 16:29:27',1,1),
	(141,9,121,'山竹','/119/121',0.02,1,1,'2015-12-27 16:29:27','2015-12-27 16:29:27',1,1),
	(142,9,121,'冷冻榴莲','/119/121',0.02,1,1,'2015-12-27 16:29:27','2015-12-27 16:29:27',1,1),
	(143,9,121,'其他','/119/121',0.02,1,1,'2015-12-27 16:29:27','2015-12-27 16:29:27',1,1),
	(144,9,122,'苹果','/119/122',1,1,1,'2015-12-27 19:08:26','2015-12-27 19:08:26',1,1),
	(145,9,122,'火龙果','/119/122',0.02,1,1,'2015-12-27 16:29:27','2015-12-27 16:29:27',1,1),
	(146,9,122,'柑橘','/119/122',0.02,1,1,'2015-12-27 16:29:27','2015-12-27 16:29:27',1,1),
	(147,9,122,'梨','/119/122',0.02,1,1,'2015-12-27 16:29:27','2015-12-27 16:29:27',1,1),
	(148,9,122,'香蕉','/119/122',0.02,1,1,'2015-12-27 16:29:27','2015-12-27 16:29:27',1,1),
	(149,9,122,'山竹','/119/122',0.02,1,1,'2015-12-27 16:29:27','2015-12-27 16:29:27',1,1),
	(150,9,122,'冷冻榴莲','/119/122',0.02,1,1,'2015-12-27 16:29:27','2015-12-27 16:29:27',1,1),
	(151,9,122,'其他','/119/122',0.02,1,1,'2015-12-27 16:29:27','2015-12-27 16:29:27',1,1),
	(152,9,123,'普通礼盒','/119/123',0.02,1,1,'2015-12-27 19:13:06','2015-12-27 19:13:06',1,1),
	(153,9,123,'节庆礼盒','/119/123',0.02,1,1,'2015-12-27 19:13:24','2015-12-27 19:13:24',1,1),
	(154,9,124,'香肠','/119/124',0.02,1,1,'2015-12-27 19:14:30','2015-12-27 19:14:30',1,1),
	(155,9,124,'火腿','/119/124',0.02,1,1,'2015-12-27 19:14:50','2015-12-27 19:14:50',1,1),
	(156,9,124,'培根','/119/124',0.02,1,1,'2015-12-27 19:15:10','2015-12-27 19:15:10',1,1),
	(157,9,124,'其他肉食','/119/124',0.02,1,1,'2015-12-27 19:15:27','2015-12-27 19:15:27',1,1),
	(158,9,125,'鸡蛋','/119/125',0.02,1,1,'2015-12-27 19:16:01','2015-12-27 19:16:01',1,1),
	(159,9,125,'鸭蛋','/119/125',0.02,1,1,'2015-12-27 19:16:19','2015-12-27 19:16:19',1,1),
	(160,9,125,'鹅蛋','/119/125',0.02,1,1,'2015-12-27 19:16:35','2015-12-27 19:16:35',1,1),
	(161,9,125,'其他蛋制品','/119/125',0.02,1,1,'2015-12-27 19:16:55','2015-12-27 19:16:55',1,1),
	(162,9,126,'白菜','/119/126',0.02,1,1,'2015-12-27 19:17:15','2015-12-27 19:17:15',1,1),
	(163,9,126,'芹菜','/119/126',0.02,1,1,'2015-12-27 16:29:27','2015-12-27 16:29:27',1,1),
	(164,9,126,'西红柿','/119/126',0.02,1,1,'2015-12-27 16:29:27','2015-12-27 16:29:27',1,1),
	(165,9,126,'土豆','/119/126',0.02,1,1,'2015-12-27 16:29:27','2015-12-27 16:29:27',1,1),
	(166,9,126,'莲藕','/119/126',0.02,1,1,'2015-12-27 16:29:27','2015-12-27 16:29:27',1,1),
	(167,9,126,'大蒜/姜','/119/126',0.02,1,1,'2015-12-27 16:29:27','2015-12-27 16:29:27',1,1),
	(168,9,126,'香葱','/119/126',0.02,1,1,'2015-12-27 16:29:27','2015-12-27 16:29:27',1,1),
	(169,9,126,'青椒','/119/126',0.02,1,1,'2015-12-27 16:29:27','2015-12-27 16:29:27',1,1),
	(170,9,126,'其他','/119/126',0.02,1,1,'2015-12-27 16:29:27','2015-12-27 16:29:27',1,1),
	(171,9,127,'纯牛奶','/119/127',0.02,1,1,'2015-12-27 19:23:41','2015-12-27 19:23:41',1,1),
	(172,9,127,'酸奶','/119/127',0.02,1,1,'2015-12-27 19:23:56','2015-12-27 19:23:56',1,1),
	(173,9,127,'其他','/119/127',0.02,1,1,'2015-12-27 19:24:11','2015-12-27 19:24:11',1,1),
	(174,0,0,'粮油副食、南北干货','/',1,1,1,'2015-12-27 19:25:36','2015-12-27 19:25:36',1,1),
	(175,0,174,'食用油','/174',1,1,1,'2015-12-27 19:37:10','2015-12-27 19:37:10',1,1),
	(176,0,174,'米面杂粮','/174',0.02,1,1,'2015-12-27 16:29:27','2015-12-27 16:29:27',1,1),
	(177,0,174,'厨房调料','/174',0.02,1,1,'2015-12-27 16:29:27','2015-12-27 16:29:27',1,1),
	(178,0,174,'方便速食','/174',0.02,1,1,'2015-12-27 16:29:27','2015-12-27 16:29:27',1,1),
	(179,0,174,'菌菇','/174',0.02,1,1,'2015-12-27 16:29:27','2015-12-27 16:29:27',1,1),
	(180,0,174,'海产干货','/174',0.02,1,1,'2015-12-27 16:29:27','2015-12-27 16:29:27',1,1),
	(181,0,174,'礼盒','/174',0.02,1,1,'2015-12-27 16:29:27','2015-12-27 16:29:27',1,1),
	(182,0,174,'其他','/174',0.02,1,1,'2015-12-27 16:29:27','2015-12-27 16:29:27',1,1),
	(183,10,175,'花生油','/174/175',0.02,1,1,'2015-12-27 19:49:19','2015-12-27 19:49:19',1,1),
	(184,10,175,'大豆油','/174/175',0.02,1,1,'2015-12-27 16:29:27','2015-12-27 16:29:27',1,1),
	(185,10,175,'调和油','/174/175',0.02,1,1,'2015-12-27 16:29:27','2015-12-27 16:29:27',1,1),
	(186,10,175,'玉米油','/174/175',0.02,1,1,'2015-12-27 16:29:27','2015-12-27 16:29:27',1,1),
	(187,10,175,'橄榄油','/174/175',0.02,1,1,'2015-12-27 16:29:27','2015-12-27 16:29:27',1,1),
	(188,10,175,'进口橄榄油','/174/175',0.02,1,1,'2015-12-27 16:29:27','2015-12-27 16:29:27',1,1),
	(189,10,175,'葵花油','/174/175',0.02,1,1,'2015-12-27 16:29:27','2015-12-27 16:29:27',1,1),
	(190,10,175,'其他','/174/175',0.02,1,1,'2015-12-27 16:29:27','2015-12-27 16:29:27',1,1),
	(191,10,176,'面粉','/174/176',0.02,1,1,'2015-12-27 19:53:25','2015-12-27 19:53:25',1,1),
	(192,10,176,'大米','/174/176',0.02,1,1,'2015-12-27 16:29:27','2015-12-27 16:29:27',1,1),
	(193,10,176,'小米','/174/176',0.02,1,1,'2015-12-27 16:29:27','2015-12-27 16:29:27',1,1),
	(194,10,176,'玉米粉','/174/176',0.02,1,1,'2015-12-27 16:29:27','2015-12-27 16:29:27',1,1),
	(195,10,176,'杂粮','/174/176',0.02,1,1,'2015-12-27 16:29:27','2015-12-27 16:29:27',1,1),
	(196,10,176,'挂面','/174/176',0.02,1,1,'2015-12-27 16:29:27','2015-12-27 16:29:27',1,1),
	(197,10,176,'礼盒','/174/176',0.02,1,1,'2015-12-27 16:29:27','2015-12-27 16:29:27',1,1),
	(198,10,176,'其他','/174/176',0.02,1,1,'2015-12-27 16:29:27','2015-12-27 16:29:27',1,1),
	(199,10,177,'酱油','/174/177',0.02,1,1,'2015-12-27 16:29:27','2015-12-27 16:29:27',1,1),
	(200,10,177,'醋','/174/177',0.02,1,1,'2015-12-27 16:29:27','2015-12-27 16:29:27',1,1),
	(201,10,177,'调味油','/174/177',0.02,1,1,'2015-12-27 16:29:27','2015-12-27 16:29:27',1,1),
	(202,10,177,'汁调味料','/174/177',0.02,1,1,'2015-12-27 16:29:27','2015-12-27 16:29:27',1,1),
	(203,10,177,'酱底料','/174/177',0.02,1,1,'2015-12-27 16:29:27','2015-12-27 16:29:27',1,1),
	(204,10,177,'汤料','/174/177',0.02,1,1,'2015-12-27 16:29:27','2015-12-27 16:29:27',1,1),
	(205,10,177,'果酱','/174/177',0.02,1,1,'2015-12-27 16:29:27','2015-12-27 16:29:27',1,1),
	(206,10,177,'涂抹酱','/174/177',0.02,1,1,'2015-12-27 16:29:27','2015-12-27 16:29:27',1,1),
	(207,10,177,'酱菜','/174/177',0.02,1,1,'2015-12-27 16:29:27','2015-12-27 16:29:27',1,1),
	(208,10,178,'方便面','/174/178',0.02,1,1,'2015-12-27 16:29:27','2015-12-27 16:29:27',1,1),
	(209,10,178,'速冻水饺','/174/178',0.02,1,1,'2015-12-27 16:29:27','2015-12-27 16:29:27',1,1),
	(210,10,178,'其他','/174/178',0.02,1,1,'2015-12-27 16:29:27','2015-12-27 16:29:27',1,1),
	(211,10,179,'香菇','/174/179',0.02,1,1,'2015-12-27 16:29:27','2015-12-27 16:29:27',1,1),
	(212,10,179,'木耳','/174/179',0.02,1,1,'2015-12-27 16:29:27','2015-12-27 16:29:27',1,1),
	(213,10,179,'鸡腿菇','/174/179',0.02,1,1,'2015-12-27 16:29:27','2015-12-27 16:29:27',1,1),
	(214,10,179,'银耳','/174/179',0.02,1,1,'2015-12-27 16:29:27','2015-12-27 16:29:27',1,1),
	(215,10,179,'其他','/174/179',0.02,1,1,'2015-12-27 16:29:27','2015-12-27 16:29:27',1,1),
	(216,10,180,'海带','/174/180',0.02,1,1,'2015-12-27 16:29:27','2015-12-27 16:29:27',1,1),
	(217,10,180,'紫菜','/174/180',0.02,1,1,'2015-12-27 16:29:27','2015-12-27 16:29:27',1,1),
	(218,10,180,'咸鱼','/174/180',0.02,1,1,'2015-12-27 16:29:27','2015-12-27 16:29:27',1,1),
	(219,10,180,'冻鱼','/174/180',0.02,1,1,'2015-12-27 16:29:27','2015-12-27 16:29:27',1,1),
	(220,10,180,'其他','/174/180',0.02,1,1,'2015-12-27 16:29:27','2015-12-27 16:29:27',1,1),
	(221,10,181,'普通礼盒','/174/181',0.02,1,1,'2015-12-27 16:29:27','2015-12-27 16:29:27',1,1),
	(222,10,181,'节庆礼盒','/174/181',0.02,1,1,'2015-12-27 16:29:27','2015-12-27 16:29:27',1,1),
	(223,10,181,'其他','/174/181',0.02,1,1,'2015-12-27 16:29:27','2015-12-27 16:29:27',1,1),
	(224,4,0,'运动户外','/',1,1,1,'2015-12-27 20:05:27','2016-05-11 17:23:16',1,1),
	(225,0,0,'汽车、汽车用品','/',1,1,1,'2015-12-27 20:05:47','2015-12-27 20:05:47',1,1),
	(226,0,0,'母婴、玩具乐器','/',1,1,1,'2015-12-27 20:06:09','2015-12-27 20:06:09',1,1),
	(227,0,0,'个护化妆、清洁用品','/',1,1,1,'2015-12-27 20:06:41','2015-12-27 20:06:41',1,1),
	(228,0,0,'家居、家具、家装、厨具','/',1,1,1,'2015-12-27 20:08:28','2015-12-27 20:08:28',1,1),
	(229,0,0,'箱包、钟表、奢侈品','/',1,1,1,'2015-12-27 20:09:00','2015-12-27 20:09:00',1,1),
	(230,0,0,'手机、数码','/',1,1,1,'2015-12-27 20:09:43','2015-12-27 20:09:43',1,1),
	(231,0,0,'图书、音像、电子书','/',1,1,1,'2015-12-27 20:09:58','2015-12-27 20:09:58',1,1),
	(232,0,0,'营养保健','/',1,1,1,'2015-12-27 20:10:58','2015-12-27 20:10:58',1,1),
	(233,0,0,'家纺、布艺、鲜花','/',1,1,1,'2015-12-27 20:11:46','2015-12-27 20:13:07',1,1),
	(234,0,224,'运动鞋包','/224',1,1,1,'2015-12-28 17:57:30','2015-12-28 17:57:30',1,1),
	(235,0,224,'运动服饰','/224',0.02,1,1,'2015-12-27 16:29:27','2015-12-27 16:29:27',1,1),
	(236,0,224,'健身训练','/224',0.02,1,1,'2015-12-27 16:29:27','2015-12-27 16:29:27',1,1),
	(237,0,224,'骑行运动','/224',0.02,1,1,'2015-12-27 16:29:27','2015-12-27 16:29:27',1,1),
	(238,0,224,'户外鞋服','/224',0.02,1,1,'2015-12-27 16:29:27','2015-12-27 16:29:27',1,1),
	(239,0,224,'户外装备','/224',0.02,1,1,'2015-12-27 16:29:27','2015-12-27 16:29:27',1,1),
	(240,0,224,'垂钓用品','/224',0.02,1,1,'2015-12-27 16:29:27','2015-12-27 16:29:27',1,1),
	(241,0,224,'游泳用品','/224',0.02,1,1,'2015-12-27 16:29:27','2015-12-27 16:29:27',1,1),
	(242,0,225,'汽车车型','/225',1,1,1,'2015-12-28 20:48:59','2015-12-28 20:48:59',1,1),
	(243,0,225,'汽车价格','/225',0.02,1,1,'2015-12-27 16:29:27','2015-12-27 16:29:27',1,1),
	(244,0,225,'汽车品牌','/225',0.02,1,1,'2015-12-27 16:29:27','2015-12-27 16:29:27',1,1),
	(245,0,225,'维修保养','/225',0.02,1,1,'2015-12-27 16:29:27','2015-12-27 16:29:27',1,1),
	(246,0,225,'车载电器','/225',0.02,1,1,'2015-12-27 16:29:27','2015-12-27 16:29:27',1,1),
	(247,0,225,'美容清洗','/225',0.02,1,1,'2015-12-27 16:29:27','2015-12-27 16:29:27',1,1),
	(248,0,225,'汽车装饰','/225',0.02,1,1,'2015-12-27 16:29:27','2015-12-27 16:29:27',1,1),
	(249,0,225,'安全自驾','/225',0.02,1,1,'2015-12-27 16:29:27','2015-12-27 16:29:27',1,1),
	(250,0,225,'线下服务','/225',0.02,1,1,'2015-12-27 16:29:27','2015-12-27 16:29:27',1,1),
	(251,0,226,'奶粉','/226',1,1,1,'2015-12-28 20:53:45','2015-12-28 20:53:45',1,1),
	(252,0,226,'营养辅食','/226',0.02,1,1,'2015-12-27 16:29:27','2015-12-27 16:29:27',1,1),
	(253,0,226,'尿裤湿巾','/226',0.02,1,1,'2015-12-27 16:29:27','2015-12-27 16:29:27',1,1),
	(254,0,226,'洗护用品','/226',0.02,1,1,'2015-12-27 16:29:27','2015-12-27 16:29:27',1,1),
	(255,0,226,'喂养用品','/226',0.02,1,1,'2015-12-27 16:29:27','2015-12-27 16:29:27',1,1),
	(256,0,226,'童车童床','/226',0.02,1,1,'2015-12-27 16:29:27','2015-12-27 16:29:27',1,1),
	(257,0,226,'安全座椅','/226',0.02,1,1,'2015-12-27 16:29:27','2015-12-27 16:29:27',1,1),
	(258,0,226,'寝居服饰','/226',0.02,1,1,'2015-12-27 16:29:27','2015-12-27 16:29:27',1,1),
	(259,0,226,'妈妈专区','/226',0.02,1,1,'2015-12-27 16:29:27','2015-12-27 16:29:27',1,1),
	(260,0,226,'童装童鞋','/226',0.02,1,1,'2015-12-27 16:29:27','2015-12-27 16:29:27',1,1),
	(261,0,226,'玩具乐器','/226',0.02,1,1,'2015-12-27 16:29:27','2015-12-27 16:29:27',1,1),
	(262,0,227,'面部护肤','/227',0.02,1,1,'2015-12-27 16:29:27','2015-12-27 16:29:27',1,1),
	(263,0,227,'洗发护发','/227',0.02,1,1,'2015-12-27 16:29:27','2015-12-27 16:29:27',1,1),
	(264,0,227,'身体护肤','/227',0.02,1,1,'2015-12-27 16:29:27','2015-12-27 16:29:27',1,1),
	(265,0,227,'口腔护理','/227',0.02,1,1,'2015-12-27 16:29:27','2015-12-27 16:29:27',1,1),
	(266,0,227,'女性护理','/227',0.02,1,1,'2015-12-27 16:29:27','2015-12-27 16:29:27',1,1),
	(267,0,227,'香水彩妆','/227',0.02,1,1,'2015-12-27 16:29:27','2015-12-27 16:29:27',1,1),
	(268,0,227,'清洁用品','/227',0.02,1,1,'2015-12-27 16:29:27','2015-12-27 16:29:27',1,1),
	(269,11,3,'CPU','/1/3',0.02,1,1,'2015-12-28 21:33:12','2015-12-28 21:45:09',1,1),
	(270,11,3,'主板','/1/3',0.02,1,1,'2015-12-27 16:29:27','2015-12-27 16:29:27',1,1),
	(271,11,3,'显卡','/1/3',0.02,1,1,'2015-12-27 16:29:27','2015-12-27 16:29:27',1,1),
	(272,11,3,'硬盘','/1/3',0.02,1,1,'2015-12-27 16:29:27','2015-12-27 16:29:27',1,1),
	(273,11,3,'SSD固态硬盘','/1/3',0.02,1,1,'2015-12-27 16:29:27','2015-12-27 16:29:27',1,1),
	(274,11,3,'内存','/1/3',0.02,1,1,'2015-12-27 16:29:27','2015-12-27 16:29:27',1,1),
	(275,11,3,'机箱','/1/3',0.02,1,1,'2015-12-27 16:29:27','2015-12-27 16:29:27',1,1),
	(276,11,3,'电源','/1/3',0.02,1,1,'2015-12-27 16:29:27','2015-12-27 16:29:27',1,1),
	(277,11,3,'显示器','/1/3',0.02,1,1,'2015-12-27 16:29:27','2015-12-27 16:29:27',1,1),
	(278,11,3,'刻录机','/1/3',0.02,1,1,'2015-12-27 16:29:27','2015-12-27 16:29:27',1,1),
	(279,11,3,'光驱','/1/3',0.02,1,1,'2015-12-27 16:29:27','2015-12-27 16:29:27',1,1),
	(280,11,3,'声卡','/1/3',0.02,1,1,'2015-12-27 16:29:27','2015-12-27 16:29:27',1,1),
	(281,11,3,'扩展卡','/1/3',0.02,1,1,'2015-12-27 16:29:27','2015-12-27 16:29:27',1,1),
	(282,11,3,'散热器','/1/3',0.02,1,1,'2015-12-27 16:29:27','2015-12-27 16:29:27',1,1),
	(283,11,3,'装机配件','/1/3',0.02,1,1,'2015-12-27 16:29:27','2015-12-27 16:29:27',1,1),
	(284,11,3,'组装电脑','/1/3',0.02,1,1,'2015-12-27 16:29:27','2015-12-27 16:29:27',1,1),
	(285,11,4,'鼠标','/1/4',0.02,1,1,'2015-12-28 21:50:20','2015-12-28 21:50:20',1,1),
	(299,11,4,'键盘','/1/4',0.02,1,1,'2015-12-27 16:29:27','2015-12-27 16:29:27',1,1),
	(300,11,4,'网络仪表仪器','/1/4',0.02,1,1,'2015-12-27 16:29:27','2015-12-27 16:29:27',1,1),
	(301,11,4,'U盘','/1/4',0.02,1,1,'2015-12-27 16:29:27','2015-12-27 16:29:27',1,1),
	(302,11,4,'移动硬盘','/1/4',0.02,1,1,'2015-12-27 16:29:27','2015-12-27 16:29:27',1,1),
	(303,11,4,'鼠标垫','/1/4',0.02,1,1,'2015-12-27 16:29:27','2015-12-27 16:29:27',1,1),
	(304,11,4,'摄像头','/1/4',0.02,1,1,'2015-12-27 16:29:27','2015-12-27 16:29:27',1,1),
	(305,11,4,'线缆','/1/4',0.02,1,1,'2015-12-27 16:29:27','2015-12-27 16:29:27',1,1),
	(306,11,4,'电玩','/1/4',0.02,1,1,'2015-12-27 16:29:27','2015-12-27 16:29:27',1,1),
	(307,11,4,'手写板','/1/4',0.02,1,1,'2015-12-27 16:29:27','2015-12-27 16:29:27',1,1),
	(308,11,4,'外置盒','/1/4',0.02,1,1,'2015-12-27 16:29:27','2015-12-27 16:29:27',1,1),
	(309,11,4,'电脑工具','/1/4',0.02,1,1,'2015-12-27 16:29:27','2015-12-27 16:29:27',1,1),
	(310,11,4,'电脑清洁','/1/4',0.02,1,1,'2015-12-27 16:29:27','2015-12-27 16:29:27',1,1),
	(311,11,4,'UPS插座','/1/4',0.02,1,1,'2015-12-27 16:29:27','2015-12-27 16:29:27',1,1),
	(312,11,5,'游戏机','/1/5',0.02,1,1,'2015-12-27 16:29:27','2015-12-27 16:29:27',1,1),
	(313,11,5,'游戏耳机','/1/5',0.02,1,1,'2015-12-27 16:29:27','2015-12-27 16:29:27',1,1),
	(314,11,5,'手柄/方向盘','/1/5',0.02,1,1,'2015-12-27 16:29:27','2015-12-27 16:29:27',1,1),
	(315,11,5,'游戏软件','/1/5',0.02,1,1,'2015-12-27 16:29:27','2015-12-27 16:29:27',1,1),
	(316,11,5,'游戏周边','/1/5',0.02,1,1,'2015-12-27 16:29:27','2015-12-27 16:29:27',1,1),
	(317,11,6,'路由器','/1/6',0.02,1,1,'2015-12-27 16:29:27','2015-12-27 16:29:27',1,1),
	(318,11,6,'网卡','/1/6',0.02,1,1,'2015-12-27 16:29:27','2015-12-27 16:29:27',1,1),
	(319,11,6,'交换机','/1/6',0.02,1,1,'2015-12-27 16:29:27','2015-12-27 16:29:27',1,1),
	(320,11,6,'网络存储','/1/6',0.02,1,1,'2015-12-27 16:29:27','2015-12-27 16:29:27',1,1),
	(321,11,6,'4G/3G上网','/1/6',0.02,1,1,'2015-12-27 16:29:27','2015-12-27 16:29:27',1,1),
	(322,11,6,'网络盒子','/1/6',0.02,1,1,'2015-12-27 16:29:27','2015-12-27 16:29:27',1,1),
	(323,11,6,'网络配件','/1/6',0.02,1,1,'2015-12-27 16:29:27','2015-12-27 16:29:27',1,1),
	(324,11,7,'投影机','/1/7',0.02,1,1,'2015-12-27 16:29:27','2015-12-27 16:29:27',1,1),
	(325,11,7,'投影配件','/1/7',0.02,1,1,'2015-12-27 16:29:27','2015-12-27 16:29:27',1,1),
	(326,11,7,'多功能一体机','/1/7',0.02,1,1,'2015-12-27 16:29:27','2015-12-27 16:29:27',1,1),
	(327,11,7,'打印机','/1/7',0.02,1,1,'2015-12-27 16:29:27','2015-12-27 16:29:27',1,1),
	(328,11,7,'传真设备','/1/7',0.02,1,1,'2015-12-27 16:29:27','2015-12-27 16:29:27',1,1),
	(329,11,7,'验钞/点钞机','/1/7',0.02,1,1,'2015-12-27 16:29:27','2015-12-27 16:29:27',1,1),
	(330,11,7,'扫描设备','/1/7',0.02,1,1,'2015-12-27 16:29:27','2015-12-27 16:29:27',1,1),
	(331,11,7,'复合机','/1/7',0.02,1,1,'2015-12-27 16:29:27','2015-12-27 16:29:27',1,1),
	(332,11,7,'碎纸机','/1/7',0.02,1,1,'2015-12-27 16:29:27','2015-12-27 16:29:27',1,1),
	(333,11,7,'考勤机','/1/7',0.02,1,1,'2015-12-27 16:29:27','2015-12-27 16:29:27',1,1),
	(334,11,7,'收款/POS机','/1/7',0.02,1,1,'2015-12-27 16:29:27','2015-12-27 16:29:27',1,1),
	(335,11,7,'会议音频视频','/1/7',0.02,1,1,'2015-12-27 16:29:27','2015-12-27 16:29:27',1,1),
	(336,11,7,'保险柜','/1/7',0.02,1,1,'2015-12-27 16:29:27','2015-12-27 16:29:27',1,1),
	(337,11,7,'装订/封装机','/1/7',0.02,1,1,'2015-12-27 16:29:27','2015-12-27 16:29:27',1,1),
	(338,11,7,'安防监控','/1/7',0.02,1,1,'2015-12-27 16:29:27','2015-12-27 16:29:27',1,1),
	(339,11,7,'办公家具','/1/7',0.02,1,1,'2015-12-27 16:29:27','2015-12-27 16:29:27',1,1),
	(340,11,7,'白板','/1/7',0.02,1,1,'2015-12-27 16:29:27','2015-12-27 16:29:27',1,1),
	(341,11,8,'硒鼓/墨粉','/1/8',0.02,1,1,'2015-12-27 16:29:27','2015-12-27 16:29:27',1,1),
	(342,11,8,'墨盒','/1/8',0.02,1,1,'2015-12-27 16:29:27','2015-12-27 16:29:27',1,1),
	(343,11,8,'色带','/1/8',0.02,1,1,'2015-12-27 16:29:27','2015-12-27 16:29:27',1,1),
	(344,11,8,'纸类','/1/8',0.02,1,1,'2015-12-27 16:29:27','2015-12-27 16:29:27',1,1),
	(345,11,8,'办公文具','/1/8',0.02,1,1,'2015-12-27 16:29:27','2015-12-27 16:29:27',1,1),
	(346,11,8,'学生文具','/1/8',0.02,1,1,'2015-12-27 16:29:27','2015-12-27 16:29:27',1,1),
	(347,11,8,'文件管理','/1/8',0.02,1,1,'2015-12-27 16:29:27','2015-12-27 16:29:27',1,1),
	(348,11,8,'本册/便签','/1/8',0.02,1,1,'2015-12-27 16:29:27','2015-12-27 16:29:27',1,1),
	(349,11,8,'计算器','/1/8',0.02,1,1,'2015-12-27 16:29:27','2015-12-27 16:29:27',1,1),
	(350,11,8,'笔类','/1/8',0.02,1,1,'2015-12-27 16:29:27','2015-12-27 16:29:27',1,1),
	(351,11,8,'画具','/1/8',0.02,1,1,'2015-12-27 16:29:27','2015-12-27 16:29:27',1,1),
	(352,11,8,'画材','/1/8',0.02,1,1,'2015-12-27 16:29:27','2015-12-27 16:29:27',1,1),
	(353,11,8,'财会用品','/1/8',0.02,1,1,'2015-12-27 16:29:27','2015-12-27 16:29:27',1,1),
	(354,11,8,'刻录碟片','/1/8',0.02,1,1,'2015-12-27 16:29:27','2015-12-27 16:29:27',1,1),
	(355,11,8,'附件','/1/8',0.02,1,1,'2015-12-27 16:29:27','2015-12-27 16:29:27',1,1),
	(356,3,61,'配饰','/19/61',0.06,1,1,'2015-12-28 22:11:22','2015-12-28 22:11:22',1,1),
	(357,3,62,'珠宝','/19/62',0.07,1,1,'2015-12-28 22:13:00','2015-12-28 22:13:00',1,1),
	(359,4,62,'首饰','/19/62',0.08,1,1,'2015-12-28 22:13:50','2015-12-28 22:13:50',1,1),
	(360,10,182,'桂圆','/174/182',0.01,1,1,'2015-12-28 22:14:32','2015-12-28 22:14:32',1,1),
	(361,10,182,'其他','/174/182',0.02,1,1,'2015-12-28 22:14:54','2015-12-28 22:14:54',1,1);

/*!40000 ALTER TABLE `product_cate` ENABLE KEYS */;
UNLOCK TABLES;


# Dump of table product_comments
# ------------------------------------------------------------

DROP TABLE IF EXISTS `product_comments`;

CREATE TABLE `product_comments` (
  `id` int(11) NOT NULL AUTO_INCREMENT,
  `user_id` int(11) NOT NULL COMMENT '评价人ID',
  `user_name` varchar(50) NOT NULL COMMENT '评价人账号',
  `grade` tinyint(4) NOT NULL COMMENT '评分(1到5)',
  `content` varchar(255) NOT NULL COMMENT '评价内容',
  `seller_attitude` varchar(255) DEFAULT NULL COMMENT '评价商家服务',
  `create_time` datetime NOT NULL COMMENT '评价时间',
  `product_id` int(11) NOT NULL COMMENT '评价商品',
  `product_goods_id` int(11) NOT NULL COMMENT '货品ID',
  `seller_id` int(11) NOT NULL COMMENT '所属商家',
  `order_sn` varchar(50) NOT NULL COMMENT '订单编号',
  `reply_id` int(11) DEFAULT NULL COMMENT '回复人ID',
  `reply_name` varchar(255) DEFAULT NULL COMMENT '回复人名称',
  `reply_content` varchar(255) DEFAULT NULL COMMENT '回复内容',
  `state` tinyint(4) DEFAULT NULL COMMENT '1、评价；2、审核通过，前台显示；3、删除',
  `admin_id` int(11) DEFAULT NULL COMMENT '审核上架人',
  `description` tinyint(4) NOT NULL COMMENT '描述相符(1到5星)',
  `service_attitude` tinyint(4) NOT NULL COMMENT '服务态度(1到5星)',
  `product_speed` tinyint(4) NOT NULL COMMENT '发货速度(1到5星)',
  `logistics_speed` tinyint(4) DEFAULT NULL COMMENT '物流态度（1到5星）',
  `express_attitude` tinyint(4) DEFAULT NULL COMMENT '快递员态度(1到5星)',
  PRIMARY KEY (`id`)
) ENGINE=InnoDB DEFAULT CHARSET=utf8 COMMENT='商品评论管理';



# Dump of table product_goods
# ------------------------------------------------------------

DROP TABLE IF EXISTS `product_goods`;

CREATE TABLE `product_goods` (
  `id` int(11) NOT NULL AUTO_INCREMENT,
  `product_id` int(11) NOT NULL COMMENT '商品ID',
  `norm_attr_id` varchar(255) NOT NULL COMMENT '规格属性值ID，用逗号分隔',
  `norm_name` varchar(255) NOT NULL COMMENT '规格值，用逗号分隔',
  `mall_pc_price` decimal(10,2) NOT NULL COMMENT 'PC价格',
  `mall_mobile_price` decimal(10,2) NOT NULL COMMENT 'Mobile价格',
  `product_stock` int(11) NOT NULL COMMENT '库存',
  `product_stock_warning` int(11) NOT NULL COMMENT '库存预警值',
  `actual_sales` int(11) NOT NULL COMMENT '所有规格销量相加等于商品总销量',
  `sku` varchar(50) NOT NULL,
  `images` varchar(255) DEFAULT NULL COMMENT '规格图片（规格图片，用逗号隔开，和规格值对应，如果没有图片，那为空）',
  PRIMARY KEY (`id`)
) ENGINE=InnoDB DEFAULT CHARSET=utf8 COMMENT='货品表';

LOCK TABLES `product_goods` WRITE;
/*!40000 ALTER TABLE `product_goods` DISABLE KEYS */;

INSERT INTO `product_goods` (`id`, `product_id`, `norm_attr_id`, `norm_name`, `mall_pc_price`, `mall_mobile_price`, `product_stock`, `product_stock_warning`, `actual_sales`, `sku`, `images`)
VALUES
	(1,1,'','',8700.00,8600.00,489,5,13,'2344564',''),
	(2,2,'','',5800.00,5700.00,89,5,16,'234536456',''),
	(3,3,'','',4800.00,4700.00,199,5,2,'45363456',''),
	(4,4,'','',5400.00,5200.00,454,5,2,'456756',''),
	(5,5,'','',3700.00,3500.00,298,5,2,'47657345',''),
	(6,6,'','',7500.00,7400.00,493,5,11,'5678587',''),
	(7,7,'','',6700.00,6600.00,600,5,0,'588678568',''),
	(8,8,'','',7300.00,7000.00,345,5,0,'54674576',''),
	(9,9,'','',4500.00,4400.00,398,5,0,'356456',''),
	(10,10,'','',5400.00,5200.00,676,5,3,'76843345',''),
	(11,11,'','',5700.00,5500.00,567,5,1,'6894532',''),
	(12,12,'','',5400.00,5200.00,897,5,0,'7854354',''),
	(13,13,'','',3200.00,3100.00,452,5,0,'4672345',''),
	(14,14,'','',4800.00,4600.00,80,5,0,'4356456',''),
	(15,15,'','',5600.00,5400.00,53,5,5,'4563412',''),
	(16,16,'','',5400.00,5300.00,344,5,1,'239764',''),
	(17,17,'','',7800.00,7600.00,100,5,0,'8765343',''),
	(18,18,'42,37','颜色,红色;尺寸,M',236.00,226.00,200,999,0,'123456',''),
	(19,18,'42,38','颜色,红色;尺寸,L',236.00,226.00,200,999,0,'123455',''),
	(20,18,'43,37','颜色,蓝色;尺寸,M',236.00,226.00,200,999,0,'123442',''),
	(21,18,'43,38','颜色,蓝色;尺寸,L',246.00,236.00,200,999,0,'123453',''),
	(22,19,'42,38','颜色,红色;尺寸,L',162.00,152.00,199,999,1,'234561',''),
	(23,19,'42,37','颜色,红色;尺寸,M',162.00,152.00,200,999,0,'234562',''),
	(24,19,'44,38','颜色,黑色;尺寸,L',162.00,152.00,200,999,0,'234563',''),
	(25,19,'44,37','颜色,黑色;尺寸,M',162.00,152.00,200,999,0,'234564',''),
	(26,20,'42,38','颜色,红色;尺寸,L',258.00,258.00,199,999,1,'321456',''),
	(27,20,'42,37','颜色,红色;尺寸,M',258.00,258.00,200,999,0,'321455',''),
	(28,20,'44,38','颜色,黑色;尺寸,L',258.00,258.00,200,999,0,'321454',''),
	(29,20,'44,37','颜色,黑色;尺寸,M',258.00,258.00,200,999,0,'321453',''),
	(30,21,'44,37','颜色,黑色;尺寸,M',266.00,266.00,200,999,0,'456789',''),
	(31,21,'44,38','颜色,黑色;尺寸,L',266.00,266.00,200,999,0,'456788',''),
	(32,21,'43,37','颜色,蓝色;尺寸,M',266.00,266.00,200,999,0,'456787',''),
	(33,21,'43,38','颜色,蓝色;尺寸,L',266.00,266.00,300,999,0,'456786',''),
	(34,22,'44,37','颜色,黑色;尺寸,M',156.00,156.00,200,999,0,'543211',''),
	(35,22,'44,38','颜色,黑色;尺寸,L',156.00,156.00,200,999,0,'543212',''),
	(36,22,'44,39','颜色,黑色;尺寸,XL',156.00,156.00,200,999,0,'543213',''),
	(37,22,'46,37','颜色,白色;尺寸,M',156.00,156.00,200,999,0,'543214',''),
	(38,22,'46,38','颜色,白色;尺寸,L',156.00,156.00,200,999,0,'543215',''),
	(39,22,'46,39','颜色,白色;尺寸,XL',156.00,156.00,200,999,0,'543216',''),
	(40,23,'43,37','颜色,蓝色;尺寸,M',99.00,99.00,198,999,4,'654321',''),
	(41,23,'43,38','颜色,蓝色;尺寸,L',99.00,99.00,200,999,1,'654322',''),
	(42,23,'44,37','颜色,黑色;尺寸,M',99.00,99.00,200,999,0,'654323',''),
	(43,23,'44,38','颜色,黑色;尺寸,L',99.00,99.00,200,999,0,'654324',''),
	(44,24,'43,38','颜色,蓝色;尺寸,L',166.00,156.00,200,999,0,'765432',''),
	(45,24,'43,39','颜色,蓝色;尺寸,XL',166.00,156.00,300,999,0,'765431',''),
	(46,24,'45,38','颜色,紫色;尺寸,L',166.00,156.00,200,999,0,'765433',''),
	(47,24,'45,39','颜色,紫色;尺寸,XL',166.00,156.00,200,999,0,'765435',''),
	(48,25,'37','尺寸,M',278.00,278.00,200,999,0,'86543',''),
	(49,25,'38','尺寸,L',278.00,278.00,200,999,0,'86542',''),
	(50,25,'39','尺寸,XL',278.00,278.00,300,999,0,'86541',''),
	(51,26,'43,37','颜色,蓝色;尺寸,M',300.00,300.00,200,999,0,'987654',''),
	(52,26,'43,38','颜色,蓝色;尺寸,L',300.00,300.00,297,999,3,'987653',''),
	(53,26,'44,37','颜色,黑色;尺寸,M',300.00,300.00,100,999,0,'987652',''),
	(54,26,'44,38','颜色,黑色;尺寸,L',300.00,300.00,200,999,0,'987651',''),
	(55,27,'45,37','颜色,紫色;尺寸,M',789.00,777.00,200,999,0,'134567',''),
	(56,27,'45,38','颜色,紫色;尺寸,L',789.00,777.00,200,999,0,'134568',''),
	(57,27,'43,37','颜色,蓝色;尺寸,M',789.00,777.00,200,999,0,'134563',''),
	(58,27,'43,38','颜色,蓝色;尺寸,L',789.00,777.00,200,999,0,'134561',''),
	(59,28,'42,39','颜色,红色;尺寸,XL',789.00,789.00,200,999,0,'645789',''),
	(60,28,'42,40','颜色,红色;尺寸,XXL',789.00,789.00,210,999,0,'645781',''),
	(61,28,'44,39','颜色,黑色;尺寸,XL',789.00,789.00,220,999,0,'645782',''),
	(62,28,'44,40','颜色,黑色;尺寸,XXL',789.00,789.00,230,999,1,'645785',''),
	(63,29,'','',6.00,5.00,5,5,0,'asdf',''),
	(64,30,'','',6888.00,6800.00,800,5,0,'20160516001','');

/*!40000 ALTER TABLE `product_goods` ENABLE KEYS */;
UNLOCK TABLES;


# Dump of table product_norm
# ------------------------------------------------------------

DROP TABLE IF EXISTS `product_norm`;

CREATE TABLE `product_norm` (
  `id` int(11) NOT NULL AUTO_INCREMENT,
  `name` varchar(50) NOT NULL COMMENT '规格名称',
  `sort` int(11) NOT NULL COMMENT '排序',
  `type` tinyint(4) NOT NULL COMMENT '规格类型1、文字；2、图片',
  `create_id` int(11) NOT NULL COMMENT '创建人',
  `create_time` datetime NOT NULL COMMENT '创建时间',
  `update_id` int(11) NOT NULL COMMENT '更新人',
  `update_time` datetime NOT NULL COMMENT '更新时间',
  `state` tinyint(4) NOT NULL COMMENT '状态 0：删除 1:正常',
  PRIMARY KEY (`id`)
) ENGINE=InnoDB DEFAULT CHARSET=utf8 COMMENT='商品规格表';

LOCK TABLES `product_norm` WRITE;
/*!40000 ALTER TABLE `product_norm` DISABLE KEYS */;

INSERT INTO `product_norm` (`id`, `name`, `sort`, `type`, `create_id`, `create_time`, `update_id`, `update_time`, `state`)
VALUES
	(1,'颜色',1,1,1,'2015-11-30 10:12:41',1,'2015-12-15 14:57:23',1),
	(2,'容量',1,1,1,'2015-12-03 11:04:33',2,'2015-12-22 12:41:06',1),
	(3,'尺寸',1,1,1,'2015-12-03 20:47:56',2,'2015-12-22 12:42:23',1),
	(4,'内存',1,1,1,'2015-12-04 00:25:06',1,'2015-12-15 18:52:19',1),
	(10,'鞋尺码',1,1,1,'2015-12-27 17:19:49',1,'2015-12-27 17:19:49',1),
	(11,'鞋颜色',1,1,1,'2015-12-27 17:32:21',1,'2015-12-27 17:32:21',1);

/*!40000 ALTER TABLE `product_norm` ENABLE KEYS */;
UNLOCK TABLES;


# Dump of table product_norm_attr
# ------------------------------------------------------------

DROP TABLE IF EXISTS `product_norm_attr`;

CREATE TABLE `product_norm_attr` (
  `id` int(11) NOT NULL AUTO_INCREMENT,
  `name` varchar(50) NOT NULL COMMENT '属性名称',
  `product_norm_id` int(11) NOT NULL COMMENT '规格ID',
  `sort` int(11) NOT NULL COMMENT '排序',
  `create_id` int(11) NOT NULL COMMENT '创建人',
  `create_time` datetime NOT NULL COMMENT '创建时间',
  `image` varchar(200) NOT NULL COMMENT '默认图片',
  PRIMARY KEY (`id`)
) ENGINE=InnoDB DEFAULT CHARSET=utf8 COMMENT='规格属性表';

LOCK TABLES `product_norm_attr` WRITE;
/*!40000 ALTER TABLE `product_norm_attr` DISABLE KEYS */;

INSERT INTO `product_norm_attr` (`id`, `name`, `product_norm_id`, `sort`, `create_id`, `create_time`, `image`)
VALUES
	(7,'1L',2,1,1,'2015-12-03 11:04:33',''),
	(8,'2L',2,1,1,'2015-12-03 11:04:33',''),
	(9,'5L',2,1,1,'2015-12-03 11:04:33',''),
	(32,'2G',4,1,1,'2015-12-15 14:49:51',''),
	(33,'4G',4,1,1,'2015-12-15 14:49:51',''),
	(34,'8G',4,1,1,'2015-12-15 14:49:51',''),
	(35,'16G',4,1,1,'2015-12-15 14:49:51',''),
	(36,'S',3,1,1,'2015-12-15 14:50:02',''),
	(37,'M',3,1,1,'2015-12-15 14:50:02',''),
	(38,'L',3,1,1,'2015-12-15 14:50:02',''),
	(39,'XL',3,1,1,'2015-12-15 14:50:02',''),
	(40,'XXL',3,1,1,'2015-12-15 14:50:02',''),
	(41,'XXXL',3,1,1,'2015-12-15 14:50:02',''),
	(42,'红色',1,1,1,'2015-12-15 14:57:23',''),
	(43,'蓝色',1,1,1,'2015-12-15 14:57:23',''),
	(44,'黑色',1,1,1,'2015-12-15 14:57:23',''),
	(45,'紫色',1,1,1,'2015-12-15 14:57:23',''),
	(46,'白色',1,1,1,'2015-12-15 14:57:23',''),
	(47,'深红色',1,1,1,'2015-12-15 14:57:23',''),
	(54,'32G',4,1,1,'2015-12-15 18:52:20',''),
	(55,'XXXXL',3,1,2,'2015-12-22 12:42:24',''),
	(56,'XXXXXL',3,1,2,'2015-12-22 12:42:24',''),
	(59,'34',10,1,1,'2015-12-27 17:19:49',''),
	(60,'35',10,1,1,'2015-12-27 17:19:49',''),
	(61,'36',10,1,1,'2015-12-27 17:19:49',''),
	(62,'37',10,1,1,'2015-12-27 17:19:49',''),
	(63,'38',10,1,1,'2015-12-27 17:19:49',''),
	(64,'39',10,1,1,'2015-12-27 17:19:49',''),
	(65,'40',10,1,1,'2015-12-27 17:19:49',''),
	(66,'41',10,1,1,'2015-12-27 17:19:49',''),
	(67,'42',10,1,1,'2015-12-27 17:19:49',''),
	(68,'43',10,1,1,'2015-12-27 17:19:49',''),
	(69,'44',10,1,1,'2015-12-27 17:19:49',''),
	(70,'黑色',11,1,1,'2015-12-27 17:32:22',''),
	(71,'红色',11,1,1,'2015-12-27 17:32:22',''),
	(72,'酒红',11,1,1,'2015-12-27 17:32:22',''),
	(73,'棕色',11,1,1,'2015-12-27 17:32:22',''),
	(74,'蓝色',11,1,1,'2015-12-27 17:32:22',''),
	(75,'卡其',11,1,1,'2015-12-27 17:32:22','');

/*!40000 ALTER TABLE `product_norm_attr` ENABLE KEYS */;
UNLOCK TABLES;


# Dump of table product_norm_attr_opt
# ------------------------------------------------------------

DROP TABLE IF EXISTS `product_norm_attr_opt`;

CREATE TABLE `product_norm_attr_opt` (
  `id` int(11) NOT NULL AUTO_INCREMENT,
  `product_norm_id` int(11) NOT NULL COMMENT '规格ID',
  `product_id` int(11) NOT NULL COMMENT '商品ID',
  `seller_id` int(11) NOT NULL COMMENT '商家ID',
  `type_attr` tinyint(4) NOT NULL COMMENT '1、商城属性 2、自定义属性',
  `type` tinyint(4) NOT NULL COMMENT '1、文字；2、图片',
  `name` varchar(50) NOT NULL COMMENT '属性名称',
  `image` varchar(200) DEFAULT NULL COMMENT '图片',
  `create_id` int(11) NOT NULL COMMENT '创建人',
  `create_time` datetime NOT NULL COMMENT '创建时间',
  `attr_id` int(11) NOT NULL COMMENT '属性id',
  PRIMARY KEY (`id`)
) ENGINE=InnoDB DEFAULT CHARSET=utf8 COMMENT='商品选定的规格属性(保存商品插入，暂时不用)';



# Dump of table product_picture
# ------------------------------------------------------------

DROP TABLE IF EXISTS `product_picture`;

CREATE TABLE `product_picture` (
  `id` int(11) NOT NULL AUTO_INCREMENT,
  `product_id` int(11) NOT NULL COMMENT '商品ID',
  `image_path` varchar(255) NOT NULL COMMENT '图片路径',
  `sort` int(11) NOT NULL COMMENT '排序',
  `create_id` int(11) NOT NULL COMMENT '上传人',
  `create_time` datetime NOT NULL COMMENT '上传时间',
  `seller_id` int(11) NOT NULL COMMENT '商家ID',
  `state` tinyint(4) NOT NULL COMMENT '1、启用；2、不启用',
  `product_lead` tinyint(4) NOT NULL COMMENT '商品主图1、主图；2、非主图，主图只能有一张',
  PRIMARY KEY (`id`)
) ENGINE=InnoDB DEFAULT CHARSET=utf8 COMMENT='商品对应图片表';

LOCK TABLES `product_picture` WRITE;
/*!40000 ALTER TABLE `product_picture` DISABLE KEYS */;

INSERT INTO `product_picture` (`id`, `product_id`, `image_path`, `sort`, `create_id`, `create_time`, `seller_id`, `state`, `product_lead`)
VALUES
	(1,1,'/images/seller/1/d41de05f-e961-42ca-8bb2-afeed8b43346.jpg',0,1,'2015-12-28 23:32:42',1,1,1),
	(2,1,'/images/seller/1/093b3438-ea33-4bba-b2de-2d6fab24f948.jpg',1,1,'2015-12-28 23:32:42',1,1,2),
	(3,2,'/images/seller/1/8c8dc93b-da6d-41c4-bbd4-8cc721e80d34.jpg',0,1,'2015-12-28 23:44:59',1,1,1),
	(4,2,'/images/seller/1/2ff6e6c8-4e41-4657-ac89-c252d70a862a.jpg',1,1,'2015-12-28 23:44:59',1,1,2),
	(5,2,'/images/seller/1/3e6988ce-0fe0-4ae3-b6d9-95376b8aa5fc.jpg',2,1,'2015-12-28 23:44:59',1,1,2),
	(6,3,'/images/seller/1/12729e32-aea5-4d93-8f5b-f7acd349c390.jpg',0,1,'2015-12-29 00:02:44',1,1,1),
	(7,3,'/images/seller/1/c44c4431-769c-4f55-a859-87a3719622a3.jpg',1,1,'2015-12-29 00:02:44',1,1,2),
	(8,4,'/images/seller/1/33a51148-a874-4130-9eca-9d3e39dcf87e.jpg',0,1,'2015-12-29 00:10:49',1,1,1),
	(9,4,'/images/seller/1/fc794ab5-a294-4d64-bfcf-4381423fd632.jpg',1,1,'2015-12-29 00:10:49',1,1,2),
	(10,5,'/images/seller/1/d32bd562-b57f-41ef-b071-afd312396f60.jpg',0,1,'2015-12-29 00:14:30',1,1,1),
	(11,5,'/images/seller/1/3e53851d-3e25-4e93-ba41-9808eb512411.jpg',1,1,'2015-12-29 00:14:30',1,1,2),
	(12,6,'/images/seller/1/96b5db1f-178d-4066-8436-317e01b24668.jpg',0,1,'2015-12-29 00:21:44',1,1,1),
	(13,7,'/images/seller/1/32591792-d2d7-411b-85c0-dcf6cc2d6ae9.jpg',0,1,'2015-12-29 00:26:16',1,1,1),
	(14,7,'/images/seller/1/fe1de31f-6758-4b8f-b3eb-a523a7c355fc.jpg',1,1,'2015-12-29 00:26:16',1,1,2),
	(15,8,'/images/seller/1/9127235c-4fcd-4ad9-9f98-3b149965973c.jpg',0,1,'2015-12-29 00:31:01',1,1,1),
	(16,8,'/images/seller/1/4d302dbd-8d56-4f1d-b31c-9b8fa53c2a8e.jpg',1,1,'2015-12-29 00:31:01',1,1,2),
	(17,9,'/images/seller/1/e10ac89d-3e2b-4309-b61d-ad54b3db5671.jpg',0,1,'2015-12-29 00:36:10',1,1,1),
	(18,9,'/images/seller/1/03ffde22-6416-4a45-b8f5-e782f7120007.jpg',1,1,'2015-12-29 00:36:10',1,1,2),
	(19,9,'/images/seller/1/58e0972b-ca9d-4046-89b9-32036857b8b0.jpg',2,1,'2015-12-29 00:36:10',1,1,2),
	(20,10,'/images/seller/1/23dc7771-549c-4ce9-9230-9b2c04e3eba5.jpg',0,1,'2015-12-29 00:40:04',1,1,1),
	(21,10,'/images/seller/1/f8d4cee8-f8f4-48be-8501-7ca6fa70dee8.jpg',1,1,'2015-12-29 00:40:04',1,1,2),
	(22,10,'/images/seller/1/ee7c75e2-258d-4ed2-abeb-b10e85ca0cf9.jpg',2,1,'2015-12-29 00:40:04',1,1,2),
	(23,11,'/images/seller/1/9006bcd4-d203-47ce-8958-a610ab02f055.jpg',0,1,'2015-12-29 00:43:06',1,1,1),
	(24,11,'/images/seller/1/042000b4-e843-4b63-b10f-864050d8a35a.jpg',1,1,'2015-12-29 00:43:06',1,1,2),
	(25,11,'/images/seller/1/df64dc51-1e05-40da-90f3-78fc4347c928.jpg',2,1,'2015-12-29 00:43:06',1,1,2),
	(26,12,'/images/seller/1/a12bfe95-560d-444c-bd53-7b8de859f799.jpg',0,1,'2015-12-29 08:45:38',1,1,1),
	(27,12,'/images/seller/1/5215c1bf-16f5-4ad9-8f44-9e6d45b07b3e.jpg',1,1,'2015-12-29 08:45:38',1,1,2),
	(28,12,'/images/seller/1/2b7392af-e716-4107-a055-764d12b00a1d.jpg',2,1,'2015-12-29 08:45:38',1,1,2),
	(29,13,'/images/seller/1/a788816e-96ad-486a-bfa1-27c0395970f5.jpg',0,1,'2015-12-29 08:51:04',1,1,1),
	(30,13,'/images/seller/1/507874a1-ec10-49cf-a71a-b6cae7d34b16.jpg',1,1,'2015-12-29 08:51:04',1,1,2),
	(31,14,'/images/seller/1/5223003d-8eeb-41cf-a1c8-f755d80614b8.jpg',0,1,'2015-12-29 08:54:56',1,1,1),
	(32,14,'/images/seller/1/baf24642-1656-4999-80b1-d63fc48e8d48.jpg',1,1,'2015-12-29 08:54:56',1,1,2),
	(33,14,'/images/seller/1/5c830697-200b-492a-890e-b15289f08403.jpg',2,1,'2015-12-29 08:54:56',1,1,2),
	(34,15,'/images/seller/1/5212c44f-4727-4578-a976-70ad7a7c3f36.jpg',0,1,'2015-12-29 08:59:28',1,1,1),
	(35,15,'/images/seller/1/979446ff-f2b9-4f61-ac1b-2a146e08ad80.jpg',1,1,'2015-12-29 08:59:28',1,1,2),
	(36,15,'/images/seller/1/dcf4aaa4-0807-48cf-9464-0356d7f29f30.jpg',2,1,'2015-12-29 08:59:28',1,1,2),
	(37,15,'/images/seller/1/27d643d3-f614-45a4-bdc9-e4dffdd30f04.jpg',3,1,'2015-12-29 08:59:28',1,1,2),
	(44,18,'/images/seller/2/467dc845-c331-4e90-ae68-863115a2dd8a.jpg',0,2,'2016-03-06 17:02:00',2,1,1),
	(45,18,'/images/seller/2/94b7b697-1bbb-40bf-84a8-6a8a7a2c6e76.jpg',1,2,'2016-03-06 17:02:00',2,1,2),
	(46,18,'/images/seller/2/4a9a0a58-83e0-4f60-899b-ac71af2e53b0.jpg',2,2,'2016-03-06 17:02:00',2,1,2),
	(47,19,'/images/seller/2/78346677-4e5d-49d1-b990-37d11b926c2a.jpg',0,2,'2016-03-06 17:08:14',2,1,1),
	(48,20,'/images/seller/2/ab4f9c59-042d-49c1-8469-f61fda343d46.jpg',0,2,'2016-03-06 17:17:32',2,1,1),
	(49,20,'/images/seller/2/bdfce0a5-a204-4f46-a63f-ad6fcec33e6f.jpg',1,2,'2016-03-06 17:17:32',2,1,2),
	(50,20,'/images/seller/2/b0e516d0-bad3-4793-8c44-396d5234a868.jpg',2,2,'2016-03-06 17:17:32',2,1,2),
	(51,20,'/images/seller/2/21610899-d81b-4b62-86e5-4e9b095e5f14.jpg',3,2,'2016-03-06 17:17:32',2,1,2),
	(52,21,'/images/seller/2/ba50e4ec-53a9-409b-b7d4-3fe3c3e4f3bb.jpg',0,2,'2016-03-06 17:48:30',2,1,1),
	(53,21,'/images/seller/2/b43eb0ad-9e0e-4fe8-97e7-342f004fb860.jpg',1,2,'2016-03-06 17:48:30',2,1,2),
	(54,21,'/images/seller/2/28aef4a4-d3f4-412e-abfa-b664e2bc9362.jpg',2,2,'2016-03-06 17:48:30',2,1,2),
	(55,21,'/images/seller/2/a1023577-4571-452c-bfda-24157e94df96.jpg',3,2,'2016-03-06 17:48:30',2,1,2),
	(56,22,'/images/seller/2/9a157d17-9afa-4df6-8a4f-67e4783042d9.jpg',0,2,'2016-03-06 18:00:26',2,1,1),
	(57,22,'/images/seller/2/81a492fe-b2d9-4ceb-8413-85e3a5ac0f5a.jpg',1,2,'2016-03-06 18:00:26',2,1,2),
	(58,22,'/images/seller/2/4fb57201-6889-43c3-a2f2-9345fd2fc8a8.jpg',2,2,'2016-03-06 18:00:26',2,1,2),
	(59,22,'/images/seller/2/88dd55ac-7368-4ca1-9021-58b3bdadccbf.jpg',3,2,'2016-03-06 18:00:26',2,1,2),
	(60,22,'/images/seller/2/7d0d9c3f-d50e-4eba-b2aa-61468186be61.jpg',4,2,'2016-03-06 18:00:26',2,1,2),
	(61,23,'/images/seller/2/679414e6-60c3-4181-8861-99297b2fc2c0.jpg',0,2,'2016-03-06 18:07:12',2,1,1),
	(62,23,'/images/seller/2/dca86dff-1bce-4928-b895-ab9f0cfe4f3d.jpg',1,2,'2016-03-06 18:07:12',2,1,2),
	(63,23,'/images/seller/2/998713e7-e013-4075-9099-b1268010ca36.jpg',2,2,'2016-03-06 18:07:12',2,1,2),
	(64,23,'/images/seller/2/21563364-8689-4558-a21e-85e6dcec5e1f.jpg',3,2,'2016-03-06 18:07:12',2,1,2),
	(65,23,'/images/seller/2/41c76908-619a-4162-ada9-6f760d8726a1.jpg',4,2,'2016-03-06 18:07:12',2,1,2),
	(66,24,'/images/seller/2/7aa46cee-5a13-4255-951e-57d6c8ea682b.jpg',0,2,'2016-03-06 18:12:43',2,1,1),
	(67,24,'/images/seller/2/f4285200-a3cb-40f8-bca2-04ae8dd72586.jpg',1,2,'2016-03-06 18:12:43',2,1,2),
	(68,24,'/images/seller/2/931063e4-598e-4ce1-8781-3b0780a48d1c.jpg',2,2,'2016-03-06 18:12:43',2,1,2),
	(69,24,'/images/seller/2/ccd7a402-ad8e-454a-ac00-883f074f475a.jpg',3,2,'2016-03-06 18:12:43',2,1,2),
	(70,25,'/images/seller/2/247a2f61-2616-47fb-8ad8-f836137a0bcf.jpg',0,2,'2016-03-06 18:18:06',2,1,1),
	(71,25,'/images/seller/2/2dec2ef6-19eb-4270-8529-1247a3c3f9a7.jpg',1,2,'2016-03-06 18:18:06',2,1,2),
	(72,25,'/images/seller/2/9f3bcc2a-9a95-44de-bb9e-71cf7ef88ccf.jpg',2,2,'2016-03-06 18:18:06',2,1,2),
	(73,26,'/images/seller/2/7bc2c176-78bc-4af3-bbb9-97ed5de7b05c.jpg',0,2,'2016-03-06 22:29:28',2,1,1),
	(74,26,'/images/seller/2/e2589df7-7be9-4b40-b88b-eeb2faefb120.jpg',1,2,'2016-03-06 22:29:28',2,1,2),
	(75,26,'/images/seller/2/d937b11b-1f34-4518-91d2-5b0710d53195.jpg',2,2,'2016-03-06 22:29:28',2,1,2),
	(76,26,'/images/seller/2/a8bbeb25-ca95-4765-be44-24b62718f811.jpg',3,2,'2016-03-06 22:29:28',2,1,2),
	(77,26,'/images/seller/2/1d25e22f-b27e-456e-9e08-bdb10163a6f0.jpg',4,2,'2016-03-06 22:29:28',2,1,2),
	(78,27,'/images/seller/2/2c988a69-efb2-4a43-bb2b-963985cbf1b7.jpg',0,2,'2016-03-06 23:38:12',2,1,1),
	(79,27,'/images/seller/2/05de54c7-ca97-46e5-a1f5-3d3f86b1d13d.jpg',1,2,'2016-03-06 23:38:12',2,1,2),
	(80,28,'/images/seller/2/e8c91b72-f605-4d7d-8bed-642a7e28b573.jpg',0,2,'2016-03-06 23:44:14',2,1,1),
	(81,28,'/images/seller/2/133726c4-21a6-4879-940f-ced23edc14d9.jpg',1,2,'2016-03-06 23:44:14',2,1,2),
	(82,28,'/images/seller/2/6d2ececb-0b2a-4189-9f42-87473cd2596a.jpg',2,2,'2016-03-06 23:44:14',2,1,2),
	(83,16,'/images/seller/1/ba8a2844-9651-4e1f-95e9-8461b1964e62.jpg',0,1,'2016-03-07 15:26:09',1,1,1),
	(84,16,'/images/seller/1/a89a0a29-445b-4c3d-99ca-ea24e7cdea9e.jpg',1,1,'2016-03-07 15:26:09',1,1,2),
	(85,16,'/images/seller/1/8770d809-6ff3-4781-aca2-16bd89092396.jpg',2,1,'2016-03-07 15:26:09',1,1,2),
	(87,29,'/images/seller/1/7082f249-5764-4fc9-be90-f149200224c2.png',0,1,'2016-03-13 15:40:10',1,1,1),
	(88,17,'/images/seller/1/027cbfb2-259b-4143-b999-805e5294e927.jpg',0,1,'2016-04-26 11:43:52',1,1,1),
	(89,17,'/images/seller/1/c3427978-1776-4043-b7cd-278c948b66dd.jpg',1,1,'2016-04-26 11:43:52',1,1,2),
	(90,17,'/images/seller/1/c8261870-4872-4cfa-bb92-016e00fdfe02.jpg',2,1,'2016-04-26 11:43:52',1,1,2),
	(91,30,'/images/seller/1/897f6e32-d909-42e8-b191-36b55b4347d0.png',0,1,'2016-05-16 11:45:18',1,1,1);

/*!40000 ALTER TABLE `product_picture` ENABLE KEYS */;
UNLOCK TABLES;


# Dump of table product_type
# ------------------------------------------------------------

DROP TABLE IF EXISTS `product_type`;

CREATE TABLE `product_type` (
  `id` int(11) NOT NULL AUTO_INCREMENT,
  `name` varchar(50) NOT NULL COMMENT '名称',
  `sort` int(11) NOT NULL COMMENT '排序',
  `product_norm_ids` varchar(255) NOT NULL COMMENT '关联规格ID集合',
  `product_brand_ids` text NOT NULL COMMENT '关联品牌ID集合',
  `create_id` int(11) NOT NULL COMMENT '创建人',
  `create_time` datetime NOT NULL COMMENT '创建时间',
  PRIMARY KEY (`id`)
) ENGINE=InnoDB DEFAULT CHARSET=utf8 COMMENT='商品类型表';

LOCK TABLES `product_type` WRITE;
/*!40000 ALTER TABLE `product_type` DISABLE KEYS */;

INSERT INTO `product_type` (`id`, `name`, `sort`, `product_norm_ids`, `product_brand_ids`, `create_id`, `create_time`)
VALUES
	(1,'电脑',1,'1,4','10,9,8,7,6,5,4,3,2,1',1,'2015-11-30 10:19:26'),
	(3,'风衣',1,'1,3','18,17,16,15,14,13,12,11',1,'2015-12-03 23:48:15'),
	(4,'服装',2,'10,11','1,2,3,4,5,6,7,8,9,10,11,12,13,14,15,16,17,18,19,27,28,29,30,31,32,33,34,35,36,37,38,39,40,41,42,43,44',2,'2015-12-10 21:28:21'),
	(8,'鞋子',1,'10,11','27,28,29,30,31,32,33,34',1,'2015-12-27 17:41:48'),
	(9,'农产品肉类',1,'','35,36,37,38,39,40',1,'2015-12-27 18:14:35'),
	(10,'粮油干货',1,'','35,36,37,38,39,40,41,42',1,'2015-12-27 19:48:20'),
	(11,'笔记本配件',1,'','1,2,3,4,5,6,7,8,9,10',1,'2015-12-28 21:41:29');

/*!40000 ALTER TABLE `product_type` ENABLE KEYS */;
UNLOCK TABLES;


# Dump of table product_type_attr
# ------------------------------------------------------------

DROP TABLE IF EXISTS `product_type_attr`;

CREATE TABLE `product_type_attr` (
  `id` int(11) NOT NULL AUTO_INCREMENT,
  `name` varchar(255) NOT NULL COMMENT '属性名称',
  `value` text NOT NULL COMMENT '属性值，用逗号隔开',
  `product_type_id` int(11) NOT NULL COMMENT '属性分类id',
  `type` tinyint(4) NOT NULL COMMENT '1、检索属性；2、自定义属性',
  `create_id` int(11) NOT NULL COMMENT '创建人ID',
  `create_time` datetime NOT NULL COMMENT '创建时间',
  `sort` int(11) NOT NULL DEFAULT '0' COMMENT '排序0到255，越大越靠前展示',
  PRIMARY KEY (`id`)
) ENGINE=InnoDB DEFAULT CHARSET=utf8 COMMENT='商品类型属性表';

LOCK TABLES `product_type_attr` WRITE;
/*!40000 ALTER TABLE `product_type_attr` DISABLE KEYS */;

INSERT INTO `product_type_attr` (`id`, `name`, `value`, `product_type_id`, `type`, `create_id`, `create_time`, `sort`)
VALUES
	(21,'价格','0-99,100-199,200-299,300－399,400－499,500－699,700－999,1000以上',3,1,1,'2015-12-03 23:48:15',0),
	(22,'厚度','适中,偏薄,偏厚,加厚,厚,其它,常规',3,1,1,'2015-12-03 23:48:15',0),
	(23,'版型','修身型,宽松型,收腰型,直筒型,高腰型,蝙蝠型,裙摆型,其它',3,1,1,'2015-12-03 23:48:15',0),
	(24,'材质','棉,涤纶,麻,锦纶,醋纤,蚕丝,羊毛,莱卡,腈纶/化纤,氯纶,粘胶,其它天然纤维',3,1,1,'2015-12-03 23:48:15',0),
	(25,'上市时间','2016春季,2015冬季,2015秋季,2015夏季,2015春季,2014冬季,2014秋季,2014夏季,2014春季',3,1,1,'2015-12-03 23:48:15',0),
	(26,'领型',' 翻领,西装领,POLO领,圆领,立领,V领,半开领,荷叶领,娃娃领,方领,围巾领',3,1,1,'2015-12-03 23:48:15',0),
	(27,'衣长','中长款,短款,长款,常规款,超短款,其它',3,1,1,'2015-12-03 23:48:15',0),
	(28,'适用类型','情侣,青年,亲子,职场,胖mm,孕妇,学生,旅游,约会',3,1,1,'2015-12-03 23:48:15',0),
	(29,'里料分类','',3,2,1,'2015-12-03 23:48:15',0),
	(30,'适用年龄','',3,2,1,'2015-12-03 23:48:15',0),
	(31,'商场同款','',3,2,1,'2015-12-03 23:48:15',0),
	(78,'价格','0-2299,2300-3399,3400-4399,4400-5699,5700-7999,7999-10000,10000以上',1,1,1,'2015-12-15 01:33:21',0),
	(79,'适用人群','游戏达人,校园学生,时尚轻薄,商务办公,家庭影音,其它',1,1,1,'2015-12-15 01:33:21',0),
	(80,'尺寸','13.3英寸,14.0英寸,15.6英寸,17.3英寸,12.5英寸,11.6英寸,10.1英寸及以下,其它',1,1,1,'2015-12-15 01:33:21',0),
	(81,'CPU','Intel i7,Intel i5,Intel i3,Intel 其它,AMD FXAMD A10,AMD A8,AMD A6,AMD其它',1,1,1,'2015-12-15 01:33:21',0),
	(82,'操作系统','Windows 10,Windows 8,Windows 7,MACDOS/Linux,其他',1,1,1,'2015-12-15 01:33:21',0),
	(83,'显卡','游戏显卡,高性能独显,入门级独显,集成显卡,其它',1,1,1,'2015-12-15 01:33:21',0),
	(84,'内存','8G,4G,2G,16G,其它',1,1,1,'2015-12-15 01:33:21',0),
	(85,'硬盘','1T,500G,混合硬盘含64G SSD,含128G SSD,含256G SSD,含512G SSD,其它',1,1,1,'2015-12-15 01:33:21',0),
	(86,'分辨率','全高清屏（1920×1080）,普通屏（1366×768）,高分屏（1600×900）,超高清屏（2K/3k/4K),其它',1,1,1,'2015-12-15 01:33:21',0),
	(87,'特性','第6代酷睿,二合一笔记本,3D实感摄像头,触控屏,防蓝光屏,窄边框,其它',1,1,1,'2015-12-15 01:33:21',0),
	(88,'大家说','配置不错,散热很好,外观不错,屏幕大,看电影不错,性价比高,开机速度,硬件不错,运行流畅',1,1,1,'2015-12-15 01:33:21',0),
	(89,'USB2.0','',1,2,1,'2015-12-15 01:33:21',0),
	(90,'USB3.0','',1,2,1,'2015-12-15 01:33:21',0),
	(91,'网络摄像头','',1,2,1,'2015-12-15 01:33:21',0),
	(92,'电池','',1,2,1,'2015-12-15 01:33:21',0),
	(93,'净重','',1,2,1,'2015-12-15 01:33:21',0),
	(94,'电源适配器','',1,2,1,'2015-12-15 01:33:21',0),
	(110,'价格','1-99元,100-199元,200-299元,300-399元,400-499元,500-599元,600-699元,700元以上',8,1,1,'2015-12-27 17:41:48',0),
	(111,'类型','踝靴,低筒靴,中筒靴,高筒靴,过膝靴,毛靴,雪地靴,其他',8,1,1,'2015-12-27 17:41:48',0),
	(112,'鞋跟形状','内增高,平跟,坡跟,方跟,细跟,粗跟,酒杯跟,镂空跟,马蹄跟,异形跟,锥形跟',8,1,1,'2015-12-27 17:41:48',0),
	(113,'靴子款式','雪地靴,流苏靴,马丁靴,骑士靴,棉靴/毛靴,时装靴',8,1,1,'2015-12-27 17:41:48',0),
	(114,'帮面材质','PU,头层牛皮,毛线,牛仔布,牛二层皮,网布,裘皮,西施绒,超纤,猪皮,羊皮',8,1,1,'2015-12-27 17:41:48',0),
	(115,'制作工艺','缝制,鞋胶,粘鞋,硫化鞋,注压鞋',8,1,1,'2015-12-27 17:41:48',0),
	(116,'鞋底材质','橡胶底,塑胶底,牛筋底,千层底,泡沫底,木底,复合底,真皮底,棉布底',8,1,1,'2015-12-27 17:41:48',0),
	(117,'流行元素','镂空,丝带,花朵,亮片,蝴蝶结,水钻,铆钉,流苏,链子',8,1,1,'2015-12-27 17:41:48',0),
	(118,'适用对象','',8,2,1,'2015-12-27 17:41:48',0),
	(119,'内里材质','',8,2,1,'2015-12-27 17:41:48',0),
	(120,'跟高','',8,2,1,'2015-12-27 17:41:48',0),
	(121,'价格','0-30,30-100,100-200,200-300,300以上',9,1,1,'2015-12-27 18:14:35',0),
	(122,'是否有机食品','是,否',9,1,1,'2015-12-27 18:14:35',0),
	(123,'选购热点','婴幼儿,非转基因,纯天然',9,1,1,'2015-12-27 18:14:35',0),
	(124,'产地','',9,2,1,'2015-12-27 18:14:35',0),
	(125,'保质期','',9,2,1,'2015-12-27 18:14:35',0),
	(132,'价格','0-49,50-99,100-199,200-399,400-699,700-799,800以上',11,1,1,'2015-12-28 21:41:29',0),
	(133,'类别','游戏发烧型,混合固态,移动SSD,笔记本,台式机,企业级,无线WIFI',11,1,1,'2015-12-28 21:41:29',0),
	(134,'适用','游戏,家用,办公,时尚,卡通,腕垫',11,1,1,'2015-12-28 21:41:29',0),
	(135,'种类','',11,2,1,'2015-12-28 21:41:29',0),
	(136,'其它特性','',11,2,1,'2015-12-28 21:41:29',0),
	(192,'价格','0-99,100-199,200-299,300－399,400－499,500－699,700－999,1000以上',4,1,1,'2016-05-12 15:23:52',0),
	(193,'厚度','适中,偏薄,偏厚,加厚,厚,其它,常规',4,1,1,'2016-05-12 15:23:52',0),
	(194,'版型','修身型,宽松型,收腰型,直筒型,高腰型,蝙蝠型,裙摆型,其它',4,1,1,'2016-05-12 15:23:52',0),
	(195,'材质','棉,涤纶,麻,锦纶,醋纤,蚕丝,羊毛,莱卡,腈纶/化纤,氯纶,粘胶,其它天然纤维',4,1,1,'2016-05-12 15:23:52',0),
	(196,'上市时间','2016春季,2015冬季,2015秋季,2015夏季,2015春季,2014冬季,2014秋季,2014夏季,2014春季',4,1,1,'2016-05-12 15:23:52',0),
	(197,'领型',' 翻领,西装领,POLO领,圆领,立领,V领,半开领,荷叶领,娃娃领,方领,围巾领',4,1,1,'2016-05-12 15:23:52',0),
	(198,'衣长','中长款,短款,长款,常规款,超短款,其它',4,1,1,'2016-05-12 15:23:52',0),
	(199,'适用类型','情侣,青年,亲子,职场,胖mm,孕妇,学生,旅游,约会',4,1,1,'2016-05-12 15:23:52',0),
	(200,'里料分类','',4,2,1,'2016-05-12 15:23:52',0),
	(201,'适用年龄','',4,2,1,'2016-05-12 15:23:52',0),
	(202,'商场同款','',4,2,1,'2016-05-12 15:23:52',0),
	(203,'价格','0-30,30-100,100-200,200-300,300以上',10,1,1,'2016-05-13 15:47:56',0),
	(204,'是否有机食品','是,否',10,1,1,'2016-05-13 15:47:56',0),
	(205,'选购热点','婴幼儿,非转基因,纯天然',10,1,1,'2016-05-13 15:47:56',0),
	(206,'大家说','价格便宜,味道不错,包装不错,对身体好',10,1,1,'2016-05-13 15:47:56',0),
	(207,'产地','',10,2,1,'2016-05-13 15:47:56',0),
	(208,'品质','',10,2,1,'2016-05-13 15:47:56',0);

/*!40000 ALTER TABLE `product_type_attr` ENABLE KEYS */;
UNLOCK TABLES;


# Dump of table regions
# ------------------------------------------------------------

DROP TABLE IF EXISTS `regions`;

CREATE TABLE `regions` (
  `id` int(10) unsigned NOT NULL AUTO_INCREMENT,
  `parentId` int(10) unsigned NOT NULL DEFAULT '0' COMMENT '父ID，自关联',
  `regionName` varchar(120) NOT NULL DEFAULT '' COMMENT '地区名称',
  `parentPath` varchar(255) NOT NULL DEFAULT '' COMMENT '父路径',
  `firstLetter` char(1) NOT NULL DEFAULT '' COMMENT '首字母',
  `regionType` tinyint(1) NOT NULL DEFAULT '2' COMMENT '类型：1省级，2市级，3区级',
  `agencyId` smallint(5) unsigned NOT NULL DEFAULT '0',
  `shippingId` int(2) NOT NULL COMMENT '市场级别',
  `visible` tinyint(3) NOT NULL COMMENT '是否可见',
  `rowId` varchar(20) NOT NULL DEFAULT '',
  PRIMARY KEY (`id`),
  KEY `parent_id` (`parentId`),
  KEY `region_type` (`regionType`),
  KEY `agency_id` (`agencyId`),
  KEY `region_name` (`regionName`),
  KEY `rowId` (`rowId`)
) ENGINE=InnoDB DEFAULT CHARSET=utf8;

LOCK TABLES `regions` WRITE;
/*!40000 ALTER TABLE `regions` DISABLE KEYS */;

INSERT INTO `regions` (`id`, `parentId`, `regionName`, `parentPath`, `firstLetter`, `regionType`, `agencyId`, `shippingId`, `visible`, `rowId`)
VALUES
	(2,0,'北京','/','B',1,0,0,0,''),
	(3,0,'天津','/','T',1,0,0,0,''),
	(4,0,'河北','/','H',1,0,0,0,''),
	(5,0,'山西','/','S',1,0,0,0,''),
	(6,0,'内蒙古','/','N',1,0,0,0,''),
	(7,0,'辽宁','/','L',1,0,0,0,''),
	(8,0,'吉林','/','J',1,0,0,0,''),
	(9,0,'黑龙江','/','H',1,0,0,0,''),
	(10,0,'上海','/','S',1,0,0,0,''),
	(11,0,'江苏','/','J',1,0,0,0,''),
	(12,0,'浙江','/','Z',1,0,0,0,''),
	(13,0,'安徽','/','A',1,0,0,0,''),
	(14,0,'福建','/','F',1,0,0,0,''),
	(15,0,'江西','/','J',1,0,0,0,''),
	(16,0,'山东','/','S',1,0,0,0,''),
	(17,0,'河南','/','H',1,0,0,0,''),
	(18,0,'湖北','/','H',1,0,0,0,''),
	(19,0,'湖南','/','H',1,0,0,0,''),
	(20,0,'广东','/','G',1,0,0,0,''),
	(21,0,'广西','/','G',1,0,0,0,''),
	(22,0,'海南','/','H',1,0,0,0,''),
	(23,0,'重庆','/','C',1,0,0,0,''),
	(24,0,'四川','/','S',1,0,0,0,''),
	(25,0,'贵州','/','G',1,0,0,0,''),
	(26,0,'云南','/','Y',1,0,0,0,''),
	(27,0,'西藏','/','X',1,0,0,0,''),
	(28,0,'陕西','/','S',1,0,0,0,''),
	(29,0,'甘肃','/','G',1,0,0,0,''),
	(30,0,'青海','/','Q',1,0,0,0,''),
	(31,0,'宁夏','/','N',1,0,0,0,''),
	(32,0,'新疆','/','X',1,0,0,0,''),
	(37,4,'石家庄','/4/','',2,0,0,1,''),
	(38,4,'唐山','/4/','',2,0,0,0,''),
	(39,4,'秦皇岛','/4/','',2,0,0,0,''),
	(40,4,'邯郸','/4/','',2,0,0,0,''),
	(41,4,'邢台','/4/','',2,0,0,0,''),
	(42,4,'保定','/4/','',2,0,0,0,''),
	(43,4,'张家口','/4/','',2,0,0,0,''),
	(44,4,'承德','/4/','',2,0,0,0,''),
	(45,4,'沧州','/4/','',2,0,0,1,''),
	(46,4,'廊坊','/4/','',2,0,0,1,''),
	(47,4,'衡水','/4/','',2,0,0,1,''),
	(48,5,'太原','/5/','',2,0,0,0,''),
	(49,5,'大同','/5/','',2,0,0,0,''),
	(50,5,'阳泉','/5/','',2,0,0,0,''),
	(51,5,'长治','/5/','',2,0,0,0,''),
	(52,5,'晋城','/5/','',2,0,0,0,''),
	(53,5,'朔州','/5/','',2,0,0,0,''),
	(54,5,'晋中','/5/','',2,0,0,0,''),
	(55,5,'运城','/5/','',2,0,0,0,''),
	(56,5,'忻州','/5/','',2,0,0,0,''),
	(57,5,'临汾','/5/','',2,0,0,0,''),
	(58,5,'吕梁','/5/','',2,0,0,0,''),
	(59,5,'侯马','/5/','',2,0,0,0,''),
	(60,5,'五台山','/5/','',2,0,0,0,''),
	(61,5,'离石','/5/','',2,0,0,0,''),
	(62,6,'呼和浩特','/6/','',2,0,0,0,''),
	(63,6,'包头','/6/','',2,0,0,0,''),
	(64,6,'乌海','/6/','',2,0,0,0,''),
	(65,6,'赤峰','/6/','',2,0,0,0,''),
	(66,6,'通辽','/6/','',2,0,0,1,''),
	(67,6,'鄂尔多斯','/6/','',2,0,0,0,''),
	(68,6,'呼伦贝尔','/6/','',2,0,0,0,''),
	(69,6,'巴彦淖尔','/6/','',2,0,0,0,''),
	(70,6,'乌兰察布','/6/','',2,0,0,0,''),
	(71,6,'兴安盟','/6/','',2,0,0,0,''),
	(72,6,'锡林郭勒盟','/6/','',2,0,0,0,''),
	(73,6,'阿拉善盟','/6/','',2,0,0,0,''),
	(74,7,'沈阳','/7/','',2,0,0,1,''),
	(75,7,'大连','/7/','',2,0,0,1,''),
	(76,7,'鞍山','/7/','',2,0,0,1,''),
	(77,7,'抚顺','/7/','',2,0,0,1,''),
	(78,7,'本溪','/7/','',2,0,0,1,''),
	(79,7,'丹东','/7/','',2,0,0,0,''),
	(80,7,'锦州','/7/','',2,0,0,0,''),
	(81,7,'营口','/7/','',2,0,0,1,''),
	(82,7,'阜新','/7/','',2,0,0,0,''),
	(83,7,'辽阳','/7/','',2,0,0,1,''),
	(84,7,'盘锦','/7/','',2,0,0,0,''),
	(85,7,'铁岭','/7/','',2,0,0,1,''),
	(86,7,'朝阳','/7/','',2,0,0,0,''),
	(87,7,'葫芦岛','/7/','',2,0,0,0,''),
	(88,8,'长春','/8/','',2,0,0,0,''),
	(89,8,'吉林','/8/','',2,0,0,0,''),
	(90,8,'四平','/8/','',2,0,0,0,''),
	(91,8,'辽源','/8/','',2,0,0,0,''),
	(92,8,'通化','/8/','',2,0,0,0,''),
	(93,8,'白山','/8/','',2,0,0,0,''),
	(94,8,'松原','/8/','',2,0,0,0,''),
	(95,8,'白城','/8/','',2,0,0,0,''),
	(96,8,'延边','/8/','',2,0,0,0,''),
	(97,9,'哈尔滨','/9/','',2,0,0,1,''),
	(98,9,'齐齐哈尔','/9/','',2,0,0,1,''),
	(99,9,'鸡西','/9/','',2,0,0,0,''),
	(100,9,'鹤岗','/9/','',2,0,0,0,''),
	(101,9,'双鸭山','/9/','',2,0,0,0,''),
	(102,9,'大庆','/9/','',2,0,0,0,''),
	(104,9,'佳木斯','/9/','',2,0,0,0,''),
	(105,9,'七台河','/9/','',2,0,0,0,''),
	(106,9,'牡丹江','/9/','',2,0,0,0,''),
	(107,9,'黑河','/9/','',2,0,0,0,''),
	(108,9,'绥化','/9/','',2,0,0,1,''),
	(109,9,'大兴安岭','/9/','',2,0,0,0,''),
	(111,11,'南京','/11/','',2,0,0,1,''),
	(112,11,'无锡','/11/','',2,0,0,1,''),
	(113,11,'徐州','/11/','',2,0,0,1,''),
	(114,11,'常州','/11/','',2,0,0,1,''),
	(115,11,'苏州','/11/','',2,0,0,1,''),
	(116,11,'南通','/11/','',2,0,0,1,''),
	(117,11,'连云港','/11/','',2,0,0,1,''),
	(118,11,'淮安','/11/','',2,0,0,0,''),
	(119,11,'盐城','/11/','',2,0,0,0,''),
	(120,11,'扬州','/11/','',2,0,0,1,''),
	(121,11,'镇江','/11/','',2,0,0,1,''),
	(122,11,'泰州','/11/','',2,0,0,1,''),
	(123,11,'宿迁','/11/','',2,0,0,0,''),
	(124,12,'杭州','/12/','',2,0,0,1,''),
	(125,12,'宁波','/12/','',2,0,0,1,''),
	(126,12,'温州','/12/','',2,0,0,1,''),
	(127,12,'嘉兴','/12/','',2,0,0,1,''),
	(128,12,'湖州','/12/','',2,0,0,1,''),
	(129,12,'绍兴','/12/','',2,0,0,1,''),
	(130,12,'金华','/12/','',2,0,0,1,''),
	(131,12,'衢州','/12/','',2,0,0,1,''),
	(132,12,'舟山','/12/','',2,0,0,1,''),
	(133,12,'台州','/12/','',2,0,0,1,''),
	(134,12,'丽水','/12/','',2,0,0,0,''),
	(135,13,'合肥','/13/','',2,0,0,1,''),
	(136,13,'芜湖','/13/','',2,0,0,1,''),
	(137,13,'蚌埠','/13/','',2,0,0,0,''),
	(138,13,'淮南','/13/','',2,0,0,0,''),
	(139,13,'马鞍山','/13/','',2,0,0,1,''),
	(140,13,'淮北','/13/','',2,0,0,0,''),
	(141,13,'铜陵','/13/','',2,0,0,1,''),
	(142,13,'安庆','/13/','',2,0,0,1,''),
	(143,13,'黄山','/13/','',2,0,0,0,''),
	(144,13,'滁州','/13/','',2,0,0,1,''),
	(145,13,'阜阳','/13/','',2,0,0,0,''),
	(146,13,'宿州','/13/','',2,0,0,0,''),
	(147,13,'巢湖','/13/','',2,0,0,1,''),
	(148,13,'六安','/13/','',2,0,0,1,''),
	(149,13,'亳州','/13/','',2,0,0,0,''),
	(150,13,'池州','/13/','',2,0,0,1,''),
	(151,13,'宣城','/13/','',2,0,0,1,''),
	(152,14,'福州','/14/','',2,0,0,1,''),
	(153,14,'厦门','/14/','',2,0,0,1,''),
	(154,14,'莆田','/14/','',2,0,0,1,''),
	(155,14,'三明','/14/','',2,0,0,0,''),
	(156,14,'泉州','/14/','',2,0,0,1,''),
	(157,14,'漳州','/14/','',2,0,0,1,''),
	(158,14,'南平','/14/','',2,0,0,0,''),
	(159,14,'龙岩','/14/','',2,0,0,0,''),
	(160,14,'宁德','/14/','',2,0,0,1,''),
	(161,15,'南昌','/15/','',2,0,0,1,''),
	(162,15,'景德镇','/15/','',2,0,0,0,''),
	(163,15,'萍乡','/15/','',2,0,0,1,''),
	(164,15,'九江','/15/','',2,0,0,1,''),
	(165,15,'新余','/15/','',2,0,0,1,''),
	(166,15,'鹰潭','/15/','',2,0,0,0,''),
	(167,15,'赣州','/15/','',2,0,0,0,''),
	(168,15,'吉安','/15/','',2,0,0,1,''),
	(169,15,'宜春','/15/','',2,0,0,1,''),
	(170,15,'抚州','/15/','',2,0,0,1,''),
	(171,15,'上饶','/15/','',2,0,0,0,''),
	(172,16,'济南','/16/','',2,0,0,1,''),
	(173,16,'青岛','/16/','',2,1,0,1,''),
	(174,16,'淄博','/16/','',2,0,0,0,''),
	(175,16,'枣庄','/16/','',2,0,0,0,''),
	(176,16,'东营','/16/','',2,0,0,0,''),
	(177,16,'烟台','/16/','',2,0,0,0,''),
	(178,16,'潍坊','/16/','',2,0,0,1,''),
	(179,16,'济宁','/16/','',2,0,0,0,''),
	(180,16,'泰安','/16/','',2,0,0,1,''),
	(181,16,'威海','/16/','',2,0,0,0,''),
	(182,16,'日照','/16/','',2,0,0,1,''),
	(183,16,'莱芜','/16/','',2,0,0,1,''),
	(184,16,'临沂','/16/','',2,0,0,0,''),
	(185,16,'德州','/16/','',2,0,0,1,''),
	(186,16,'聊城','/16/','',2,0,0,1,''),
	(187,16,'滨州','/16/','',2,0,0,0,''),
	(188,16,'菏泽','/16/','',2,0,0,0,''),
	(189,17,'郑州','/17/','',2,0,0,1,''),
	(190,17,'开封','/17/','',2,0,0,1,''),
	(191,17,'洛阳','/17/','',2,0,0,0,''),
	(192,17,'平顶山','/17/','',2,0,0,0,''),
	(193,17,'焦作','/17/','',2,0,0,1,''),
	(194,17,'鹤壁','/17/','',2,0,0,0,''),
	(195,17,'新乡','/17/','',2,0,0,1,''),
	(196,17,'安阳','/17/','',2,0,0,0,''),
	(197,17,'濮阳','/17/','',2,0,0,0,''),
	(198,17,'许昌','/17/','',2,0,0,1,''),
	(199,17,'漯河','/17/','',2,0,0,0,''),
	(200,17,'三门峡','/17/','',2,0,0,0,''),
	(201,17,'南阳','/17/','',2,0,0,0,''),
	(202,17,'商丘','/17/','',2,0,0,1,''),
	(203,17,'信阳','/17/','',2,0,0,0,''),
	(204,17,'周口','/17/','',2,0,0,0,''),
	(205,17,'驻马店','/17/','',2,0,0,0,''),
	(206,18,'武汉','/18/','',2,0,0,1,''),
	(207,18,'黄石','/18/','',2,0,0,1,''),
	(208,18,'襄樊','/18/','',2,0,0,0,''),
	(209,18,'十堰','/18/','',2,0,0,0,''),
	(210,18,'荆州','/18/','',2,0,0,1,''),
	(211,18,'宜昌','/18/','',2,0,0,1,''),
	(212,18,'荆门','/18/','',2,0,0,1,''),
	(213,18,'鄂州','/18/','',2,0,0,1,''),
	(214,18,'孝感','/18/','',2,0,0,1,''),
	(215,18,'黄冈','/18/','',2,0,0,1,''),
	(216,18,'咸宁','/18/','',2,0,0,1,''),
	(217,18,'随州','/18/','',2,0,0,1,''),
	(218,18,'恩施','/18/','',2,0,0,0,''),
	(219,19,'长沙','/19/','',2,0,0,1,''),
	(220,19,'株洲','/19/','',2,0,0,1,''),
	(221,19,'湘潭','/19/','',2,0,0,1,''),
	(222,19,'衡阳','/19/','',2,0,0,0,''),
	(223,19,'邵阳','/19/','',2,0,0,0,''),
	(224,19,'岳阳','/19/','',2,0,0,1,''),
	(225,19,'常德','/19/','',2,0,0,0,''),
	(226,19,'张家界','/19/','',2,0,0,0,''),
	(227,19,'益阳','/19/','',2,0,0,1,''),
	(228,19,'郴州','/19/','',2,0,0,0,''),
	(229,19,'永州','/19/','',2,0,0,0,''),
	(230,19,'怀化','/19/','',2,0,0,0,''),
	(231,19,'娄底','/19/','',2,0,0,1,''),
	(232,19,'湘西','/19/','',2,0,0,0,''),
	(233,20,'广州','/20/','',2,0,0,1,''),
	(234,20,'深圳','/20/','',2,0,0,1,''),
	(235,20,'珠海','/20/','',2,0,0,1,''),
	(236,20,'汕头','/20/','',2,0,0,1,''),
	(237,20,'韶关','/20/','',2,0,0,1,''),
	(238,20,'佛山','/20/','',2,0,0,1,''),
	(239,20,'江门','/20/','',2,0,0,1,''),
	(240,20,'湛江','/20/','',2,0,0,0,''),
	(241,20,'茂名','/20/','',2,0,0,0,''),
	(242,20,'肇庆','/20/','',2,0,0,1,''),
	(243,20,'惠州','/20/','',2,0,0,1,''),
	(244,20,'梅州','/20/','',2,0,0,1,''),
	(245,20,'汕尾','/20/','',2,0,0,1,''),
	(246,20,'河源','/20/','',2,0,0,1,''),
	(247,20,'阳江','/20/','',2,0,0,0,''),
	(248,20,'清远','/20/','',2,0,0,1,''),
	(249,20,'东莞','/20/','',2,0,0,1,''),
	(250,20,'中山','/20/','',2,0,0,1,''),
	(251,20,'潮州','/20/','',2,0,0,1,''),
	(252,20,'揭阳','/20/','',2,0,0,1,''),
	(253,20,'云浮','/20/','',2,0,0,1,''),
	(254,21,'南宁','/21/','',2,0,0,1,''),
	(255,21,'柳州','/21/','',2,0,0,0,''),
	(256,21,'桂林','/21/','',2,0,0,0,''),
	(257,21,'梧州','/21/','',2,0,0,0,''),
	(258,21,'北海','/21/','',2,0,0,1,''),
	(259,21,'防城港','/21/','',2,0,0,1,''),
	(260,21,'钦州','/21/','',2,0,0,1,''),
	(261,21,'贵港','/21/','',2,0,0,0,''),
	(262,21,'玉林','/21/','',2,0,0,0,''),
	(263,21,'百色','/21/','',2,0,0,1,''),
	(264,21,'贺州','/21/','',2,0,0,0,''),
	(265,21,'河池','/21/','',2,0,0,1,''),
	(266,21,'来宾','/21/','',2,0,0,0,''),
	(267,21,'崇左','/21/','',2,0,0,1,''),
	(268,22,'海口','/22/','',2,0,0,0,''),
	(269,22,'三亚','/22/','',2,0,0,0,''),
	(271,23,'重庆','/23/','',2,0,0,1,''),
	(272,24,'成都','/24/','',2,0,0,1,''),
	(273,24,'自贡','/24/','',2,0,0,0,''),
	(274,24,'攀枝花','/24/','',2,0,0,0,''),
	(275,24,'泸州','/24/','',2,0,0,0,''),
	(276,24,'德阳','/24/','',2,0,0,1,''),
	(277,24,'绵阳','/24/','',2,0,0,0,''),
	(278,24,'广元','/24/','',2,0,0,0,''),
	(279,24,'遂宁','/24/','',2,0,0,0,''),
	(280,24,'内江','/24/','',2,0,0,1,''),
	(281,24,'乐山','/24/','',2,0,0,1,''),
	(282,24,'南充','/24/','',2,0,0,0,''),
	(283,24,'宜宾','/24/','',2,0,0,0,''),
	(284,24,'广安','/24/','',2,0,0,0,''),
	(285,24,'达州','/24/','',2,0,0,0,''),
	(286,24,'眉山','/24/','',2,0,0,1,''),
	(287,24,'雅安','/24/','',2,0,0,1,''),
	(288,24,'巴中','/24/','',2,0,0,0,''),
	(289,24,'资阳','/24/','',2,0,0,1,''),
	(290,24,'阿坝','/24/','',2,0,0,1,''),
	(291,24,'甘孜','/24/','',2,0,0,0,''),
	(292,24,'凉山','/24/','',2,0,0,0,''),
	(293,25,'贵阳','/25/','',2,0,0,0,''),
	(294,25,'六盘水','/25/','',2,0,0,0,''),
	(295,25,'遵义','/25/','',2,0,0,0,''),
	(296,25,'安顺','/25/','',2,0,0,0,''),
	(297,25,'铜仁','/25/','',2,0,0,0,''),
	(298,25,'毕节','/25/','',2,0,0,0,''),
	(299,25,'黔西南','/25/','',2,0,0,0,''),
	(300,25,'黔东南','/25/','',2,0,0,0,''),
	(301,25,'黔南','/25/','',2,0,0,0,''),
	(302,26,'昆明','/26/','',2,0,0,0,''),
	(303,26,'曲靖','/26/','',2,0,0,0,''),
	(304,26,'玉溪','/26/','',2,0,0,0,''),
	(305,26,'保山','/26/','',2,0,0,0,''),
	(306,26,'昭通','/26/','',2,0,0,0,''),
	(307,26,'丽江','/26/','',2,0,0,0,''),
	(308,26,'普洱','/26/','',2,0,0,0,''),
	(309,26,'临沧','/26/','',2,0,0,0,''),
	(310,26,'文山','/26/','',2,0,0,0,''),
	(311,26,'红河','/26/','',2,0,0,0,''),
	(312,26,'西双版纳','/26/','',2,0,0,0,''),
	(313,26,'楚雄','/26/','',2,0,0,0,''),
	(314,26,'大理','/26/','',2,0,0,0,''),
	(315,26,'德宏','/26/','',2,0,0,0,''),
	(316,26,'怒江','/26/','',2,0,0,0,''),
	(317,26,'迪庆','/26/','',2,0,0,0,''),
	(318,27,'拉萨','/27/','',2,0,0,0,''),
	(319,27,'昌都','/27/','',2,0,0,0,''),
	(320,27,'山南','/27/','',2,0,0,0,''),
	(321,27,'日喀则','/27/','',2,0,0,0,''),
	(322,27,'那曲','/27/','',2,0,0,0,''),
	(323,27,'阿里','/27/','',2,0,0,0,''),
	(324,27,'林芝','/27/','',2,0,0,0,''),
	(325,28,'西安','/28/','',2,0,0,1,''),
	(326,28,'铜川','/28/','',2,0,0,1,''),
	(327,28,'宝鸡','/28/','',2,0,0,1,''),
	(328,28,'咸阳','/28/','',2,0,0,1,''),
	(329,28,'渭南','/28/','',2,0,0,1,''),
	(330,28,'延安','/28/','',2,0,0,0,''),
	(331,28,'汉中','/28/','',2,0,0,0,''),
	(332,28,'榆林','/28/','',2,0,0,0,''),
	(333,28,'安康','/28/','',2,0,0,1,''),
	(334,28,'商洛','/28/','',2,0,0,1,''),
	(335,29,'兰州','/29/','',2,0,0,0,''),
	(336,29,'嘉峪关','/29/','',2,0,0,0,''),
	(337,29,'金昌','/29/','',2,0,0,0,''),
	(338,29,'白银','/29/','',2,0,0,0,''),
	(339,29,'天水','/29/','',2,0,0,0,''),
	(340,29,'武威','/29/','',2,0,0,0,''),
	(341,29,'张掖','/29/','',2,0,0,0,''),
	(342,29,'平凉','/29/','',2,0,0,0,''),
	(343,29,'酒泉','/29/','',2,0,0,0,''),
	(344,29,'庆阳','/29/','',2,0,0,0,''),
	(345,29,'定西','/29/','',2,0,0,0,''),
	(346,29,'陇南','/29/','',2,0,0,0,''),
	(347,29,'临夏','/29/','',2,0,0,0,''),
	(348,29,'甘南','/29/','',2,0,0,0,''),
	(349,30,'西宁','/30/','',2,0,0,0,''),
	(350,30,'海东','/30/','',2,0,0,0,''),
	(351,30,'海北','/30/','',2,0,0,0,''),
	(352,30,'黄南','/30/','',2,0,0,0,''),
	(353,30,'海南','/30/','',2,0,0,0,''),
	(354,30,'果洛','/30/','',2,0,0,0,''),
	(355,30,'玉树','/30/','',2,0,0,0,''),
	(356,30,'海西','/30/','',2,0,0,0,''),
	(357,31,'银川','/31/','',2,0,0,0,''),
	(358,31,'石嘴山','/31/','',2,0,0,0,''),
	(359,31,'吴忠','/31/','',2,0,0,0,''),
	(360,31,'固原','/31/','',2,0,0,0,''),
	(361,31,'中卫','/31/','',2,0,0,0,''),
	(362,32,'乌鲁木齐','/32/','',2,0,0,0,''),
	(363,32,'克拉玛依','/32/','',2,0,0,0,''),
	(365,32,'哈密','/32/','',2,0,0,0,''),
	(366,32,'和田','/32/','',2,0,0,0,''),
	(367,32,'阿克苏地区','/32/','',2,0,0,0,''),
	(368,32,'喀什','/32/','',2,0,0,0,''),
	(369,32,'克孜勒苏','/32/','',2,0,0,0,''),
	(370,32,'巴音郭楞','/32/','',2,0,0,0,''),
	(371,32,'昌吉','/32/','',2,0,0,0,''),
	(372,32,'博尔塔拉','/32/','',2,0,0,0,''),
	(373,32,'伊犁','/32/','',2,0,0,0,''),
	(374,32,'塔城','/32/','',2,0,0,0,''),
	(375,32,'阿勒泰','/32/','',2,0,0,0,''),
	(428,18,'潜江','/18/','',2,0,0,1,''),
	(429,32,'石河子','/32/','',2,0,0,0,''),
	(432,29,'玉门','/29/','',2,0,0,0,''),
	(433,20,'怀集','/20/','',2,0,0,0,''),
	(458,135,'瑶海区','/13/135/','',3,0,1,0,'20030916000744'),
	(459,135,'蜀山区','/13/135/','',3,0,1,0,'20030916000745'),
	(460,135,'包河区','/13/135/','',3,0,1,0,'20030916000746'),
	(462,135,'肥东县','/13/135/','',3,0,3,0,'20030916000748'),
	(463,135,'肥西县','/13/135/','',3,0,3,0,'20030916000749'),
	(464,140,'相山区','/13/140/','',3,0,2,0,'20030916000755'),
	(465,140,'杜集区','/13/140/','',3,0,2,0,'20030916000756'),
	(466,140,'烈山区','/13/140/','',3,0,2,0,'20030916000757'),
	(467,140,'濉溪县','/13/140/','',3,0,3,0,'20030916000758'),
	(470,146,'埇桥区','/13/146/','',3,0,2,0,'20030916000750'),
	(471,146,'砀山县','/13/146/','',3,0,3,0,'20030916000751'),
	(472,146,'萧县','/13/146/','',3,0,3,0,'20030916000752'),
	(473,146,'灵璧县','/13/146/','',3,0,3,0,'20030916000753'),
	(474,146,'泗县','/13/146/','',3,0,3,0,'20030916000754'),
	(475,149,'谯城区','/13/149/','',3,0,2,0,'20030916000767'),
	(476,149,'涡阳县','/13/149/','',3,0,3,0,'20030916000768'),
	(477,149,'蒙城县','/13/149/','',3,0,3,0,'20030916000769'),
	(478,149,'利辛县','/13/149/','',3,0,3,0,'20030916000770'),
	(484,137,'蚌山区','/13/137/','',3,0,2,0,'20030916000771'),
	(485,137,'龙子湖区','/13/137/','',3,0,2,0,'20030916000772'),
	(486,137,'禹会区','/13/137/','',3,0,2,0,'20030916000773'),
	(487,137,'淮上区','/13/137/','',3,0,2,0,'20030916000774'),
	(488,137,'怀远县','/13/137/','',3,0,3,0,'20030916000775'),
	(489,137,'五河县','/13/137/','',3,0,3,0,'20030916000776'),
	(490,137,'固镇县','/13/137/','',3,0,3,0,'20030916000777'),
	(491,144,'琅琊区','/13/144/','',3,0,2,0,'20030916000784'),
	(492,144,'南谯区','/13/144/','',3,0,2,0,'20030916000785'),
	(493,144,'明光市','/13/144/','',3,0,2,0,'20030916000786'),
	(494,144,'天长市','/13/144/','',3,0,2,0,'20030916000787'),
	(495,144,'来安县','/13/144/','',3,0,3,0,'20030916000788'),
	(496,144,'全椒县','/13/144/','',3,0,3,0,'20030916000789'),
	(497,144,'定远县','/13/144/','',3,0,3,0,'20030916000790'),
	(498,144,'凤阳县','/13/144/','',3,0,3,0,'20030916000791'),
	(499,138,'田家庵区','/13/138/','',3,0,2,0,'20030916000778'),
	(500,138,'大通区','/13/138/','',3,0,2,0,'20030916000779'),
	(501,138,'谢家集区','/13/138/','',3,0,2,0,'20030916000780'),
	(502,138,'八公山区','/13/138/','',3,0,2,0,'20030916000781'),
	(503,138,'潘集区','/13/138/','',3,0,2,0,'20030916000782'),
	(504,138,'凤台县','/13/138/','',3,0,3,0,'20030916000783'),
	(505,139,'雨山区','/13/139/','',3,0,2,0,'20030916000792'),
	(506,139,'花山区','/13/139/','',3,0,2,0,'20030916000793'),
	(507,139,'金家庄区','/13/139/','',3,0,2,0,'20030916000794'),
	(508,139,'当涂县','/13/139/','',3,0,3,0,'20030916000795'),
	(509,136,'镜湖区','/13/136/','',3,0,2,0,'20030916000796'),
	(510,136,'弋江区','/13/136/','',3,0,2,0,'20030916000797'),
	(511,136,'三山区','/13/136/','',3,0,2,0,'3000000158683942'),
	(512,136,'鸠江区','/13/136/','',3,0,2,0,'20030916000799'),
	(513,136,'芜湖县','/13/136/','',3,0,3,0,'20030916000800'),
	(514,136,'繁昌县','/13/136/','',3,0,3,0,'20030916000801'),
	(515,136,'南陵县','/13/136/','',3,0,3,0,'20030916000802'),
	(517,141,'铜官山区','/13/141/','',3,0,2,0,'20030916000803'),
	(518,141,'狮子山区','/13/141/','',3,0,2,0,'20030916000804'),
	(519,141,'郊区','/13/141/','',3,0,2,0,'20030916000805'),
	(520,141,'铜陵县','/13/141/','',3,0,3,0,'20030916000806'),
	(521,142,'迎江区','/13/142/','',3,0,2,0,'20030916000807'),
	(522,142,'大观区','/13/142/','',3,0,2,0,'20030916000808'),
	(523,142,'宜秀区','/13/142/','',3,0,2,0,'20030916000809'),
	(524,142,'桐城市','/13/142/','',3,0,2,0,'20030916000810'),
	(525,142,'怀宁县','/13/142/','',3,0,3,0,'20030916000811'),
	(526,142,'枞阳县','/13/142/','',3,0,3,0,'20030916000812'),
	(527,142,'潜山县','/13/142/','',3,0,3,0,'20030916000813'),
	(528,142,'太湖县','/13/142/','',3,0,3,0,'20030916000814'),
	(529,142,'宿松县','/13/142/','',3,0,3,0,'20030916000815'),
	(530,142,'望江县','/13/142/','',3,0,3,0,'20030916000816'),
	(531,142,'岳西县','/13/142/','',3,0,3,0,'20030916000817'),
	(532,143,'屯溪区','/13/143/','',3,0,2,0,'20030916000818'),
	(533,143,'黄山区','/13/143/','',3,0,2,0,'20030916000819'),
	(534,143,'徽州区','/13/143/','',3,0,2,0,'20030916000820'),
	(535,143,'歙县','/13/143/','',3,0,3,0,'20030916000821'),
	(536,143,'休宁县','/13/143/','',3,0,3,0,'20030916000822'),
	(537,143,'黟县','/13/143/','',3,0,3,0,'20030916000823'),
	(538,143,'祁门县','/13/143/','',3,0,3,0,'20030916000824'),
	(539,145,'颍州区','/13/145/','',3,0,2,0,'20030916000759'),
	(540,145,'颍东区','/13/145/','',3,0,2,0,'20030916000760'),
	(541,145,'颍泉区','/13/145/','',3,0,2,0,'20030916000761'),
	(542,145,'界首市','/13/145/','',3,0,2,0,'20030916000762'),
	(543,145,'临泉县','/13/145/','',3,0,3,0,'20030916000763'),
	(544,145,'太和县','/13/145/','',3,0,3,0,'20030916000764'),
	(545,145,'阜南县','/13/145/','',3,0,3,0,'20030916000765'),
	(546,145,'颍上县','/13/145/','',3,0,3,0,'20030916000766'),
	(547,148,'金安区','/13/148/','',3,0,2,0,'20030916000825'),
	(548,148,'裕安区','/13/148/','',3,0,2,0,'20030916000826'),
	(549,148,'寿县','/13/148/','',3,0,3,0,'20030916000827'),
	(550,148,'霍邱县','/13/148/','',3,0,3,0,'20030916000828'),
	(551,148,'舒城县','/13/148/','',3,0,3,0,'20030916000829'),
	(552,148,'金寨县','/13/148/','',3,0,3,0,'20030916000830'),
	(553,148,'霍山县','/13/148/','',3,0,3,0,'20030916000831'),
	(554,147,'居巢区','/13/147/','',3,0,2,0,'20030916000832'),
	(555,147,'庐江县','/13/147/','',3,0,3,0,'20030916000833'),
	(556,147,'无为县','/13/147/','',3,0,3,0,'20030916000834'),
	(557,147,'含山县','/13/147/','',3,0,3,0,'20030916000835'),
	(558,147,'和县','/13/147/','',3,0,3,0,'20030916000836'),
	(559,150,'贵池区','/13/150/','',3,0,2,0,'20030916000837'),
	(560,150,'东至县','/13/150/','',3,0,3,0,'20030916000838'),
	(561,150,'石台县','/13/150/','',3,0,3,0,'20030916000839'),
	(562,150,'青阳县','/13/150/','',3,0,3,0,'20030916000840'),
	(563,151,'宣州区','/13/151/','',3,0,2,0,'20030916000841'),
	(564,151,'宁国市','/13/151/','',3,0,2,0,'20030916000842'),
	(565,151,'郎溪县','/13/151/','',3,0,3,0,'20030916000843'),
	(566,151,'广德县','/13/151/','',3,0,3,0,'20030916000844'),
	(567,151,'泾县','/13/151/','',3,0,3,0,'20030916000845'),
	(568,151,'旌德县','/13/151/','',3,0,3,0,'20030916000846'),
	(569,151,'绩溪县','/13/151/','',3,0,3,0,'20030916000847'),
	(570,135,'庐阳区','/13/135/','',3,0,1,0,'20030916000743'),
	(626,124,'拱墅区','/12/124/','',3,0,1,0,'20030916000888'),
	(627,124,'上城区','/12/124/','',3,0,1,0,'20030916000889'),
	(628,124,'下城区','/12/124/','',3,0,1,0,'20030916000890'),
	(629,124,'江干区','/12/124/','',3,0,1,0,'20030916000891'),
	(630,124,'西湖区','/12/124/','',3,0,1,0,'20030916000892'),
	(631,124,'滨江区','/12/124/','',3,0,1,0,'20030916000893'),
	(632,124,'余杭区','/12/124/','',3,0,1,0,'20030916000894'),
	(633,124,'萧山区','/12/124/','',3,0,1,0,'20030916000895'),
	(634,124,'临安市','/12/124/','',3,0,2,0,'20030916000896'),
	(635,124,'富阳市','/12/124/','',3,0,2,0,'20030916000897'),
	(636,124,'桐庐县','/12/124/','',3,0,2,0,'20030916000899'),
	(637,124,'淳安县','/12/124/','',3,0,3,0,'20030916000900'),
	(638,124,'建德市','/12/124/','',3,0,2,0,'20030916000898'),
	(639,128,'吴兴区','/12/128/','',3,0,2,0,'20030916000901'),
	(640,128,'南浔区','/12/128/','',3,0,3,0,'20030916000902'),
	(641,128,'长兴县','/12/128/','',3,0,3,0,'20030916000903'),
	(642,128,'德清县','/12/128/','',3,0,3,0,'20030916000904'),
	(643,128,'安吉县','/12/128/','',3,0,3,0,'20030916000905'),
	(645,127,'秀洲区','/12/127/','',3,0,2,0,'20030916000907'),
	(646,127,'平湖市','/12/127/','',3,0,2,0,'20030916000908'),
	(647,127,'海宁市','/12/127/','',3,0,2,0,'20030916000909'),
	(648,127,'桐乡市','/12/127/','',3,0,2,0,'20030916000910'),
	(649,127,'嘉善县','/12/127/','',3,0,3,0,'20030916000911'),
	(650,127,'海盐县','/12/127/','',3,0,3,0,'20030916000912'),
	(651,132,'定海区','/12/132/','',3,0,2,0,'20030916001331'),
	(652,132,'普陀区','/12/132/','',3,0,2,0,'20030916001332'),
	(653,132,'岱山县','/12/132/','',3,0,3,0,'20030916001333'),
	(654,132,'嵊泗县','/12/132/','',3,0,3,0,'20030916001334'),
	(655,125,'海曙区','/12/125/','',3,0,1,0,'20030916001294'),
	(656,125,'江东区','/12/125/','',3,0,1,0,'20030916001295'),
	(657,125,'江北区','/12/125/','',3,0,1,0,'20030916001296'),
	(658,125,'北仑区','/12/125/','',3,0,1,0,'20030916001297'),
	(659,125,'镇海区','/12/125/','',3,0,1,0,'20030916001298'),
	(660,125,'鄞州区','/12/125/','',3,0,1,0,'20030916001299'),
	(661,125,'慈溪市','/12/125/','',3,0,2,0,'20030916001300'),
	(662,125,'余姚市','/12/125/','',3,0,2,0,'20030916001301'),
	(663,125,'奉化市','/12/125/','',3,0,2,0,'20030916001302'),
	(664,125,'宁海县','/12/125/','',3,0,2,0,'20030916001303'),
	(665,125,'象山县','/12/125/','',3,0,2,0,'20030916001304'),
	(666,129,'越城区','/12/129/','',3,0,2,0,'20030916001305'),
	(667,129,'诸暨市','/12/129/','',3,0,2,0,'20030916001306'),
	(668,129,'上虞市','/12/129/','',3,0,2,0,'20030916001307'),
	(669,129,'嵊州市','/12/129/','',3,0,2,0,'20030916001308'),
	(670,129,'绍兴县','/12/129/','',3,0,2,0,'20030916001309'),
	(671,129,'新昌县','/12/129/','',3,0,2,0,'20030916001310'),
	(672,131,'柯城区','/12/131/','',3,0,2,0,'20030916000913'),
	(673,131,'衢江区','/12/131/','',3,0,2,0,'20030916000914'),
	(674,131,'江山市','/12/131/','',3,0,2,0,'20030916000915'),
	(675,131,'常山县','/12/131/','',3,0,3,0,'20030916000916'),
	(676,131,'开化县','/12/131/','',3,0,3,0,'20030916000917'),
	(677,131,'龙游县','/12/131/','',3,0,2,0,'20030916000918'),
	(678,130,'婺城区','/12/130/','',3,0,2,0,'20030916000919'),
	(679,130,'金东区','/12/130/','',3,0,2,0,'20030916000920'),
	(680,130,'兰溪市','/12/130/','',3,0,2,0,'20030916000921'),
	(681,130,'永康市','/12/130/','',3,0,2,0,'20030916000922'),
	(682,130,'义乌市','/12/130/','',3,0,2,0,'20030916000923'),
	(683,130,'东阳市','/12/130/','',3,0,2,0,'20030916000924'),
	(684,130,'武义县','/12/130/','',3,0,2,0,'20030916000925'),
	(685,130,'浦江县','/12/130/','',3,0,2,0,'20030916000926'),
	(686,130,'磐安县','/12/130/','',3,0,3,0,'20030916000927'),
	(687,133,'椒江区','/12/133/','',3,0,2,0,'20030916001311'),
	(688,133,'黄岩区','/12/133/','',3,0,2,0,'20030916001312'),
	(689,133,'路桥区','/12/133/','',3,0,2,0,'20030916001313'),
	(690,133,'临海市','/12/133/','',3,0,2,0,'20030916001314'),
	(691,133,'温岭市','/12/133/','',3,0,2,0,'20030916001315'),
	(692,133,'三门县','/12/133/','',3,0,3,0,'20030916001316'),
	(693,133,'天台县','/12/133/','',3,0,2,0,'20030916001317'),
	(694,133,'仙居县','/12/133/','',3,0,2,0,'20030916001318'),
	(695,133,'玉环县','/12/133/','',3,0,3,0,'20030916001319'),
	(696,126,'鹿城区','/12/126/','',3,0,2,0,'20030916001320'),
	(697,126,'龙湾区','/12/126/','',3,0,2,0,'20030916001321'),
	(698,126,'瓯海区','/12/126/','',3,0,2,0,'20030916001322'),
	(699,126,'瑞安市','/12/126/','',3,0,2,0,'20030916001323'),
	(700,126,'乐清市','/12/126/','',3,0,3,0,'20030916001324'),
	(701,126,'永嘉县','/12/126/','',3,0,3,0,'20030916001325'),
	(702,126,'文成县','/12/126/','',3,0,3,0,'20030916001326'),
	(703,126,'平阳县','/12/126/','',3,0,3,0,'20030916001327'),
	(704,126,'泰顺县','/12/126/','',3,0,3,0,'20030916001328'),
	(705,126,'洞头县','/12/126/','',3,0,3,0,'20030916001329'),
	(706,126,'苍南县','/12/126/','',3,0,3,0,'20030916001330'),
	(707,134,'莲都区','/12/134/','',3,0,2,0,'20030916001335'),
	(708,134,'龙泉市','/12/134/','',3,0,2,0,'20030916001336'),
	(709,134,'缙云县','/12/134/','',3,0,3,0,'20030916001337'),
	(710,134,'青田县','/12/134/','',3,0,3,0,'20030916001338'),
	(711,134,'云和县','/12/134/','',3,0,3,0,'20030916001339'),
	(712,134,'遂昌县','/12/134/','',3,0,3,0,'20030916001340'),
	(713,134,'松阳县','/12/134/','',3,0,3,0,'20030916001341'),
	(714,134,'庆元县','/12/134/','',3,0,3,0,'20030916001342'),
	(715,134,'景宁畲族自治县','/12/134/','',3,0,3,0,'20030916001343'),
	(716,2,'北京','/2/','',2,0,0,1,''),
	(717,3,'天津','/3/','',2,0,0,1,''),
	(718,10,'上海','/10/','',2,0,0,1,''),
	(738,18,'神农架林区','/18/','',2,0,0,0,''),
	(739,18,'天门','/18/','',2,0,0,1,''),
	(740,32,'吐鲁番','/32/','',2,0,0,0,''),
	(741,32,'五家渠','/32/','',2,0,0,0,''),
	(742,18,'仙桃','/18/','',2,0,0,1,''),
	(743,32,'阿拉尔','/32/','',2,0,0,0,''),
	(744,290,'阿坝县','/24/290/','',3,0,4,0,'20030916000141'),
	(745,290,'黑水县','/24/290/','',3,0,4,0,'20030916000139'),
	(746,290,'红原县','/24/290/','',3,0,4,0,'20030916000143'),
	(747,290,'金川县','/24/290/','',3,0,4,0,'20030916000137'),
	(748,290,'九寨沟县','/24/290/','',3,0,4,0,'20030916000136'),
	(749,290,'理县','/24/290/','',3,0,4,0,'20030916000133'),
	(750,290,'马尔康县','/24/290/','',3,0,4,0,'20030916000131'),
	(751,290,'茂县','/24/290/','',3,0,4,0,'20030916000134'),
	(752,290,'壤塘县','/24/290/','',3,0,4,0,'20030916000140'),
	(753,290,'若尔盖县','/24/290/','',3,0,4,0,'20030916000142'),
	(754,290,'松潘县','/24/290/','',3,0,4,0,'20030916000135'),
	(755,290,'汶川县','/24/290/','',3,0,4,0,'20030916000132'),
	(756,290,'小金县','/24/290/','',3,0,4,0,'20030916000138'),
	(757,367,'阿克苏市','/32/367/','',3,0,3,0,'20030916002191'),
	(758,367,'阿瓦提县','/32/367/','',3,0,3,0,'20030916002198'),
	(759,367,'拜城县','/32/367/','',3,0,3,0,'20030916002196'),
	(760,367,'柯坪县','/32/367/','',3,0,3,0,'20030916002199'),
	(761,367,'库车县','/32/367/','',3,0,3,0,'20030916002193'),
	(762,367,'沙雅县','/32/367/','',3,0,3,0,'20030916002194'),
	(763,367,'温宿县','/32/367/','',3,0,3,0,'20030916002192'),
	(764,367,'乌什县','/32/367/','',3,0,3,0,'20030916002197'),
	(765,367,'新和县','/32/367/','',3,0,3,0,'20030916002195'),
	(766,743,'阿拉尔市','/32/743/','',3,0,3,0,'20030916002176'),
	(767,73,'阿拉善右旗','/6/73/','',3,0,4,0,'20030916001293'),
	(768,73,'阿拉善左旗','/6/73/','',3,0,4,0,'20030916002471'),
	(769,73,'额济纳旗','/6/73/','',3,0,4,0,'3000000085982009'),
	(770,375,'阿勒泰市','/32/375/','',3,0,3,0,'20030916002253'),
	(771,375,'布尔津县','/32/375/','',3,0,3,0,'20030916002254'),
	(772,375,'福海县','/32/375/','',3,0,3,0,'20030916002256'),
	(773,375,'富蕴县','/32/375/','',3,0,3,0,'20030916002255'),
	(774,375,'哈巴河县','/32/375/','',3,0,3,0,'20030916002257'),
	(775,375,'吉木乃县','/32/375/','',3,0,3,0,'20030916002259'),
	(776,375,'青河县','/32/375/','',3,0,3,0,'20030916002258'),
	(777,323,'措勤县','/32/323/','',3,0,3,0,'20030916002415'),
	(778,323,'噶尔县','/32/323/','',3,0,3,0,'20030916002409'),
	(779,323,'改则县','/32/323/','',3,0,3,0,'20030916002414'),
	(780,323,'革吉县','/32/323/','',3,0,3,0,'20030916002413'),
	(781,323,'普兰县','/32/323/','',3,0,3,0,'20030916002410'),
	(782,323,'日土县','/32/323/','',3,0,3,0,'20030916002412'),
	(783,323,'札达县','/32/323/','',3,0,3,0,'20030916002411'),
	(784,333,'白河县','/28/333/','',3,0,3,0,'20030916002684'),
	(785,333,'汉滨区','/28/333/','',3,0,2,0,'20030916002681'),
	(786,333,'汉阴县','/28/333/','',3,0,3,0,'20030916002707'),
	(787,333,'岚皋县','/28/333/','',3,0,3,0,'20030916002718'),
	(788,333,'宁陕县','/28/333/','',3,0,3,0,'20030916002734'),
	(789,333,'平利县','/28/333/','',3,0,3,0,'20030916002735'),
	(790,333,'石泉县','/28/333/','',3,0,3,0,'20030916002746'),
	(791,333,'旬阳县','/28/333/','',3,0,3,0,'20030916002760'),
	(792,333,'镇坪县','/28/333/','',3,0,3,0,'20030916002775'),
	(793,333,'紫阳县','/28/333/','',3,0,3,0,'20030916002780'),
	(805,296,'关岭布依族苗族自治县','/25/296/','',3,0,3,0,'20030916000434'),
	(806,296,'平坝县','/25/296/','',3,0,3,0,'20030916000432'),
	(807,296,'普定县','/25/296/','',3,0,3,0,'20030916000433'),
	(808,296,'西秀区','/25/296/','',3,0,2,0,'3000000138871205'),
	(809,296,'镇宁布依族苗族自治县','/25/296/','',3,0,3,0,'20030916000435'),
	(810,296,'紫云苗族布依族自治县','/25/296/','',3,0,3,0,'20030916000436'),
	(811,196,'安阳县','/17/196/','',3,0,3,0,'20030916002557'),
	(812,196,'北关区','/17/196/','',3,0,2,0,'20030916002552'),
	(813,196,'滑县','/17/196/','',3,0,3,0,'20030916002559'),
	(814,196,'林州市','/17/196/','',3,0,2,0,'20030916002556'),
	(815,196,'龙安区','/17/196/','',3,0,2,0,'20030916002555'),
	(816,196,'内黄县','/17/196/','',3,0,3,0,'20030916002560'),
	(817,196,'汤阴县','/17/196/','',3,0,3,0,'20030916002558'),
	(818,196,'文峰区','/17/196/','',3,0,2,0,'20030916002553'),
	(819,196,'殷都区','/17/196/','',3,0,2,0,'20030916002554'),
	(820,76,'海城市','/7/76/','',3,0,2,0,'20030916001836'),
	(821,76,'立山区','/7/76/','',3,0,2,0,'20030916001834'),
	(822,76,'千山区','/7/76/','',3,0,2,0,'20030916001835'),
	(823,76,'台安县','/7/76/','',3,0,3,0,'20030916001837'),
	(824,76,'铁东区','/7/76/','',3,0,2,0,'20030916001832'),
	(825,76,'铁西区','/7/76/','',3,0,2,0,'20030916001833'),
	(826,76,'岫岩满族自治县','/7/76/','',3,0,3,0,'20030916001838'),
	(827,69,'磴口县','/6/69/','',3,0,3,0,'20030916001494'),
	(828,69,'杭锦后旗','/6/69/','',3,0,3,0,'20030916001498'),
	(829,69,'临河区','/6/69/','',3,0,2,0,'20030916001492'),
	(830,69,'乌拉特后旗','/6/69/','',3,0,4,0,'20030916001497'),
	(831,69,'乌拉特前旗','/6/69/','',3,0,3,0,'20030916001495'),
	(832,69,'乌拉特中旗','/6/69/','',3,0,4,0,'20030916001496'),
	(833,69,'五原县','/6/69/','',3,0,3,0,'20030916001493'),
	(843,288,'巴州区','/24/288/','',3,0,2,0,'20030916000105'),
	(844,288,'南江县','/24/288/','',3,0,3,0,'20030916000107'),
	(845,288,'平昌县','/24/288/','',3,0,3,0,'20030916000108'),
	(846,288,'通江县','/24/288/','',3,0,3,0,'20030916000106'),
	(847,95,'大安市','/8/95/','',3,0,2,0,'20030916000173'),
	(848,95,'洮北区','/8/95/','',3,0,2,0,'20030916000172'),
	(849,95,'洮南市','/8/95/','',3,0,2,0,'20030916000174'),
	(850,95,'通榆县','/8/95/','',3,0,3,0,'20030916000176'),
	(851,95,'镇赉县','/8/95/','',3,0,3,0,'20030916000175'),
	(852,93,'八道江区','/8/93/','',3,0,2,0,'20030916000208'),
	(853,93,'长白朝鲜族自治县','/8/93/','',3,0,3,0,'20030916000213'),
	(854,93,'抚松县','/8/93/','',3,0,3,0,'20030916000211'),
	(855,93,'江源县','/8/93/','',3,0,3,0,'20030916000210'),
	(856,93,'靖宇县','/8/93/','',3,0,3,0,'20030916000212'),
	(857,93,'临江市','/8/93/','',3,0,2,0,'20030916000209'),
	(858,338,'白银区','/29/338/','',3,0,2,0,'20030916001225'),
	(859,338,'会宁县','/29/338/','',3,0,4,0,'20030916001228'),
	(860,338,'景泰县','/29/338/','',3,0,4,0,'20030916001229'),
	(861,338,'靖远县','/29/338/','',3,0,4,0,'20030916001227'),
	(862,338,'平川区','/29/338/','',3,0,2,0,'20030916001226'),
	(863,263,'德保县','/21/263/','',3,0,3,0,'20030916001500'),
	(864,263,'靖西县','/21/263/','',3,0,3,0,'20030916001501'),
	(865,263,'乐业县','/21/263/','',3,0,3,0,'20030916001502'),
	(866,263,'凌云县','/21/263/','',3,0,3,0,'20030916001503'),
	(867,263,'隆林各族自治县','/21/263/','',3,0,3,0,'20030916001504'),
	(868,263,'那坡县','/21/263/','',3,0,3,0,'20030916001505'),
	(869,263,'平果县','/21/263/','',3,0,3,0,'20030916001506'),
	(870,263,'田东县','/21/263/','',3,0,3,0,'20030916001507'),
	(871,263,'田林县','/21/263/','',3,0,3,0,'20030916001508'),
	(872,263,'田阳县','/21/263/','',3,0,3,0,'20030916001509'),
	(873,263,'西林县','/21/263/','',3,0,3,0,'20030916001510'),
	(874,263,'右江区','/21/263/','',3,0,2,0,'20030916001499'),
	(882,63,'白云矿区','/6/63/','',3,0,2,0,'20030916001456'),
	(883,63,'达尔罕茂明安联合旗','/6/63/','',3,0,4,0,'20030916001460'),
	(884,63,'东河区','/6/63/','',3,0,2,0,'20030916001453'),
	(885,63,'固阳县','/6/63/','',3,0,3,0,'20030916001458'),
	(886,63,'九原区','/6/63/','',3,0,3,0,'20030916001457'),
	(887,63,'昆都仑区','/6/63/','',3,0,2,0,'20030916001452'),
	(888,63,'青山区','/6/63/','',3,0,2,0,'20030916001454'),
	(889,63,'石拐区','/6/63/','',3,0,2,0,'20030916001455'),
	(890,63,'土默特右旗','/6/63/','',3,0,4,0,'20030916001459'),
	(891,327,'陈仓区','/28/327/','',3,0,3,0,'20030916002687'),
	(892,327,'凤县','/28/327/','',3,0,3,0,'20030916002697'),
	(893,327,'凤翔县','/28/327/','',3,0,3,0,'20030916002698'),
	(894,327,'扶风县','/28/327/','',3,0,3,0,'20030916002700'),
	(895,327,'金台区','/28/327/','',3,0,2,0,'3000000133163873'),
	(896,327,'麟游县','/28/327/','',3,0,3,0,'20030916002723'),
	(897,327,'陇县','/28/327/','',3,0,3,0,'20030916002725'),
	(898,327,'眉县','/28/327/','',3,0,3,0,'20030916002729'),
	(899,327,'岐山县','/28/327/','',3,0,3,0,'20030916002737'),
	(900,327,'千阳县','/28/327/','',3,0,3,0,'20030916002738'),
	(901,327,'太白县','/28/327/','',3,0,3,0,'20030916002748'),
	(902,327,'渭滨区','/28/327/','',3,0,2,0,'20030916002686'),
	(903,42,'安国市','/4/42/','',3,0,2,0,'20030916001723'),
	(904,42,'安新县','/4/42/','',3,0,3,0,'20030916001736'),
	(905,42,'北市区','/4/42/','',3,0,2,0,'20030916001718'),
	(906,42,'博野县','/4/42/','',3,0,3,0,'20030916001741'),
	(907,42,'定兴县','/4/42/','',3,0,3,0,'20030916001730'),
	(908,42,'定州市','/4/42/','',3,0,2,0,'20030916001721'),
	(909,42,'阜平县','/4/42/','',3,0,3,0,'20030916001740'),
	(910,42,'高碑店市','/4/42/','',3,0,2,0,'20030916001724'),
	(911,42,'高阳县','/4/42/','',3,0,3,0,'20030916001735'),
	(912,42,'涞水县','/4/42/','',3,0,3,0,'20030916001734'),
	(913,42,'涞源县','/4/42/','',3,0,3,0,'20030916001729'),
	(914,42,'蠡县','/4/42/','',3,0,3,0,'20030916001742'),
	(915,42,'满城县','/4/42/','',3,0,2,0,'20030916001725'),
	(916,42,'南市区','/4/42/','',3,0,2,0,'20030916001719'),
	(917,42,'清苑县','/4/42/','',3,0,3,0,'20030916001726'),
	(918,42,'曲阳县','/4/42/','',3,0,3,0,'20030916001739'),
	(919,42,'容城县','/4/42/','',3,0,3,0,'20030916001738'),
	(920,42,'顺平县','/4/42/','',3,0,3,0,'20030916001731'),
	(921,42,'唐县','/4/42/','',3,0,3,0,'20030916001732'),
	(922,42,'望都县','/4/42/','',3,0,3,0,'20030916001733'),
	(923,42,'新市区','/4/42/','',3,0,2,0,'20030916001717'),
	(924,42,'雄县','/4/42/','',3,0,3,0,'20030916001737'),
	(925,42,'徐水县','/4/42/','',3,0,3,0,'20030916001728'),
	(926,42,'易县','/4/42/','',3,0,3,0,'20030916001727'),
	(927,42,'涿州市','/4/42/','',3,0,2,0,'20030916001722'),
	(928,305,'昌宁县','/26/305/','',3,0,3,0,'20030916001097'),
	(929,305,'龙陵县','/26/305/','',3,0,3,0,'20030916001096'),
	(930,305,'隆阳区','/26/305/','',3,0,2,0,'20030916001093'),
	(931,305,'施甸县','/26/305/','',3,0,3,0,'20030916001094'),
	(932,305,'腾冲县','/26/305/','',3,0,3,0,'20030916001095'),
	(933,258,'海城区','/21/258/','',3,0,2,0,'20030916001511'),
	(934,258,'合浦县','/21/258/','',3,0,3,0,'20030916001512'),
	(935,258,'铁山港区','/21/258/','',3,0,3,0,'3000000137783850'),
	(936,258,'银海区','/21/258/','',3,0,3,0,'3000000137783662'),
	(937,716,'昌平区','/2/716/','',3,0,1,0,'rowid09230100001'),
	(938,716,'朝阳区','/2/716/','',3,0,1,0,'rowid09230100002'),
	(939,716,'崇文区','/2/716/','',3,0,1,0,'rowid09230100003'),
	(940,716,'大兴区','/2/716/','',3,0,1,0,'rowid09230100004'),
	(941,716,'东城区','/2/716/','',3,0,1,0,'rowid09230100005'),
	(942,716,'房山区','/2/716/','',3,0,1,0,'rowid09230100006'),
	(943,716,'丰台区','/2/716/','',3,0,1,0,'rowid09230100007'),
	(944,716,'海淀区','/2/716/','',3,0,1,0,'rowid09230100008'),
	(945,716,'怀柔区','/2/716/','',3,0,2,0,'rowid09230100009'),
	(946,716,'门头沟区','/2/716/','',3,0,1,0,'rowid09230100010'),
	(947,716,'密云县','/2/716/','',3,0,2,0,'rowid09230100011'),
	(948,716,'平谷区','/2/716/','',3,0,2,0,'rowid09230100012'),
	(949,716,'石景山区','/2/716/','',3,0,1,0,'rowid09230100013'),
	(950,716,'顺义区','/2/716/','',3,0,2,0,'rowid09230100014'),
	(951,716,'通州区','/2/716/','',3,0,2,0,'rowid09230100015'),
	(952,716,'西城区','/2/716/','',3,0,1,0,'rowid09230100016'),
	(953,716,'宣武区','/2/716/','',3,0,1,0,'rowid09230100017'),
	(954,716,'延庆县','/2/716/','',3,0,3,0,'rowid09230100018'),
	(955,78,'本溪满族自治县','/7/78/','',3,0,3,0,'20030916001823'),
	(956,78,'桓仁满族自治县','/7/78/','',3,0,3,0,'20030916001824'),
	(957,78,'明山区','/7/78/','',3,0,2,0,'20030916001821'),
	(958,78,'南芬区','/7/78/','',3,0,2,0,'20030916001822'),
	(959,78,'平山区','/7/78/','',3,0,2,0,'20030916001819'),
	(960,78,'溪湖区','/7/78/','',3,0,2,0,'20030916001820'),
	(961,298,'毕节市','/25/298/','',3,0,2,0,'20030916000437'),
	(962,298,'大方县','/25/298/','',3,0,3,0,'20030916000438'),
	(963,298,'赫章县','/25/298/','',3,0,3,0,'20030916000443'),
	(964,298,'金沙县','/25/298/','',3,0,3,0,'20030916000440'),
	(965,298,'纳雍县','/25/298/','',3,0,3,0,'20030916000442'),
	(966,298,'黔西县','/25/298/','',3,0,3,0,'20030916000439'),
	(967,298,'威宁彝族回族苗族自治县','/25/298/','',3,0,3,0,'20030916000444'),
	(968,298,'织金县','/25/298/','',3,0,3,0,'20030916000441'),
	(969,187,'滨城区','/16/187/','',3,0,2,0,'20030916000995'),
	(970,187,'博兴县','/16/187/','',3,0,3,0,'20030916000996'),
	(971,187,'惠民县','/16/187/','',3,0,3,0,'20030916000997'),
	(972,187,'无棣县','/16/187/','',3,0,3,0,'20030916000998'),
	(973,187,'阳信县','/16/187/','',3,0,3,0,'20030916000999'),
	(974,187,'沾化县','/16/187/','',3,0,3,0,'20030916001000'),
	(975,187,'邹平县','/16/187/','',3,0,2,0,'20030916001001'),
	(980,372,'博乐市','/32/372/','',3,0,3,0,'20030916002217'),
	(981,372,'精河县','/32/372/','',3,0,3,0,'20030916002218'),
	(982,372,'温泉县','/32/372/','',3,0,3,0,'20030916002219'),
	(983,45,'泊头市','/4/45/','',3,0,2,0,'20030916001883'),
	(984,45,'沧县','/4/45/','',3,0,3,0,'3000000137082132'),
	(985,45,'东光县','/4/45/','',3,0,3,0,'20030916001889'),
	(986,45,'海兴县','/4/45/','',3,0,3,0,'20030916001890'),
	(987,45,'河间市','/4/45/','',3,0,3,0,'20030916001886'),
	(988,45,'黄骅市','/4/45/','',3,0,2,0,'20030916001885'),
	(989,45,'孟村回族自治县','/4/45/','',3,0,3,0,'20030916001896'),
	(990,45,'南皮县','/4/45/','',3,0,3,0,'20030916001893'),
	(991,45,'青县','/4/45/','',3,0,3,0,'20030916001888'),
	(992,45,'任丘市','/4/45/','',3,0,2,0,'20030916001884'),
	(993,45,'肃宁县','/4/45/','',3,0,3,0,'20030916001892'),
	(994,45,'吴桥县','/4/45/','',3,0,3,0,'20030916001894'),
	(995,45,'献县','/4/45/','',3,0,3,0,'20030916001895'),
	(996,45,'新华区','/4/45/','',3,0,2,0,'3000000137082086'),
	(997,45,'盐山县','/4/45/','',3,0,3,0,'20030916001891'),
	(998,45,'运河区','/4/45/','',3,0,2,0,'20030916001887'),
	(999,319,'八宿县','/27/319/','',3,0,6,0,'20030916002367'),
	(1000,319,'边坝县','/27/319/','',3,0,6,0,'20030916002371'),
	(1001,319,'察雅县','/27/319/','',3,0,6,0,'20030916002366'),
	(1002,319,'昌都县','/27/319/','',3,0,6,0,'3000000008460610'),
	(1003,319,'丁青县','/27/319/','',3,0,6,0,'20030916002365'),
	(1004,319,'贡觉县','/27/319/','',3,0,6,0,'20030916002363'),
	(1005,319,'江达县','/27/319/','',3,0,6,0,'20030916002362'),
	(1006,319,'类乌齐县','/27/319/','',3,0,6,0,'20030916002364'),
	(1007,319,'洛隆县','/27/319/','',3,0,6,0,'20030916002370'),
	(1008,319,'芒康县','/27/319/','',3,0,6,0,'20030916002369'),
	(1009,319,'左贡县','/27/319/','',3,0,6,0,'20030916002368'),
	(1010,371,'昌吉市','/32/371/','',3,0,5,0,'20030916002220'),
	(1011,371,'阜康市','/32/371/','',3,0,5,0,'20030916002221'),
	(1012,371,'呼图壁县','/32/371/','',3,0,6,0,'20030916002223'),
	(1013,371,'吉木萨尔县','/32/371/','',3,0,6,0,'20030916002226'),
	(1014,371,'玛纳斯县','/32/371/','',3,0,6,0,'20030916002224'),
	(1015,371,'米泉市','/32/371/','',3,0,5,0,'20030916002222'),
	(1016,371,'木垒哈萨克自治县','/32/371/','',3,0,6,0,'20030916002227'),
	(1017,371,'奇台县','/32/371/','',3,0,6,0,'20030916002225'),
	(1018,88,'朝阳区','/8/88/','',3,0,1,0,'20030916000162'),
	(1019,88,'德惠市','/8/88/','',3,0,2,0,'20030916000168'),
	(1020,88,'二道区','/8/88/','',3,0,1,0,'20030916000165'),
	(1021,88,'九台市','/8/88/','',3,0,2,0,'20030916000169'),
	(1022,88,'宽城区','/8/88/','',3,0,1,0,'20030916000164'),
	(1023,88,'绿园区','/8/88/','',3,0,1,0,'20030916000166'),
	(1024,88,'南关区','/8/88/','',3,0,1,0,'20030916000163'),
	(1025,88,'农安县','/8/88/','',3,0,3,0,'20030916000171'),
	(1026,88,'双阳区','/8/88/','',3,0,1,0,'20030916000167'),
	(1027,88,'榆树市','/8/88/','',3,0,2,0,'20030916000170'),
	(1028,219,'长沙县','/19/219/','',3,0,3,0,'20030916000305'),
	(1029,219,'芙蓉区','/19/219/','',3,0,1,0,'20030916000300'),
	(1030,219,'开福区','/19/219/','',3,0,1,0,'20030916000302'),
	(1031,219,'浏阳市','/19/219/','',3,0,2,0,'20030916000304'),
	(1032,219,'宁乡县','/19/219/','',3,0,3,0,'20030916000307'),
	(1033,219,'天心区','/19/219/','',3,0,1,0,'20030916000301'),
	(1034,219,'望城县','/19/219/','',3,0,3,0,'20030916000306'),
	(1035,219,'雨花区','/19/219/','',3,0,1,0,'20030916000303'),
	(1036,219,'岳麓区','/19/219/','',3,0,1,0,'20030916000299'),
	(1037,51,'长治县','/5/51/','',3,0,3,0,'20030916001966'),
	(1038,51,'长子县','/5/51/','',3,0,3,0,'20030916001972'),
	(1039,51,'城区','/5/51/','',3,0,2,0,'20030916001963'),
	(1040,51,'壶关县','/5/51/','',3,0,3,0,'20030916001971'),
	(1041,51,'郊区','/5/51/','',3,0,2,0,'20030916001964'),
	(1042,51,'黎城县','/5/51/','',3,0,3,0,'20030916001970'),
	(1043,51,'潞城市','/5/51/','',3,0,2,0,'20030916001965'),
	(1044,51,'平顺县','/5/51/','',3,0,3,0,'20030916001969'),
	(1045,51,'沁县','/5/51/','',3,0,3,0,'20030916001974'),
	(1046,51,'沁源县','/5/51/','',3,0,3,0,'20030916001975'),
	(1047,51,'屯留县','/5/51/','',3,0,3,0,'20030916001968'),
	(1048,51,'武乡县','/5/51/','',3,0,3,0,'20030916001973'),
	(1049,51,'襄垣县','/5/51/','',3,0,3,0,'20030916001967'),
	(1050,225,'安乡县','/19/225/','',3,0,3,0,'3000000016684084'),
	(1051,225,'鼎城区','/19/225/','',3,0,3,0,'3000000137789554'),
	(1052,225,'汉寿县','/19/225/','',3,0,3,0,'20030916000314'),
	(1053,225,'津市市','/19/225/','',3,0,2,0,'20030916000312'),
	(1054,225,'澧县','/19/225/','',3,0,3,0,'20030916000315'),
	(1055,225,'临澧县','/19/225/','',3,0,3,0,'20030916000316'),
	(1056,225,'石门县','/19/225/','',3,0,3,0,'20030916000318'),
	(1057,225,'桃源县','/19/225/','',3,0,3,0,'20030916000317'),
	(1058,225,'武陵区','/19/225/','',3,0,2,0,'20030916000311'),
	(1059,114,'金坛市','/11/114/','',3,0,3,0,'20030916002121'),
	(1060,114,'溧阳市','/11/114/','',3,0,3,0,'20030916002122'),
	(1061,114,'戚墅堰区','/11/114/','',3,0,2,0,'3000000137083480'),
	(1062,114,'天宁区','/11/114/','',3,0,2,0,'3000000137083454'),
	(1063,114,'武进区','/11/114/','',3,0,2,0,'3000000137083516'),
	(1064,114,'新北区','/11/114/','',3,0,2,0,'3000000137083496'),
	(1065,114,'钟楼区','/11/114/','',3,0,2,0,'20030916002120'),
	(1072,86,'北票市','/7/86/','',3,0,2,0,'20030916001019'),
	(1073,86,'朝阳县','/7/86/','',3,0,3,0,'20030916001021'),
	(1074,86,'建平县','/7/86/','',3,0,3,0,'20030916001022'),
	(1075,86,'喀喇沁左翼蒙古族自治县','/7/86/','',3,0,3,0,'20030916001023'),
	(1076,86,'凌源市','/7/86/','',3,0,2,0,'20030916001020'),
	(1077,86,'龙城区','/7/86/','',3,0,2,0,'20030916001018'),
	(1078,86,'双塔区','/7/86/','',3,0,2,0,'20030916001017'),
	(1079,251,'潮安县','/20/251/','',3,0,3,0,'20030916000492'),
	(1080,251,'饶平县','/20/251/','',3,0,3,0,'20030916000494'),
	(1081,251,'湘桥区','/20/251/','',3,0,2,0,'20030916000495'),
	(1082,228,'安仁县','/19/228/','',3,0,3,0,'20030916000358'),
	(1083,228,'北湖区','/19/228/','',3,0,2,0,'20030916000349'),
	(1084,228,'桂东县','/19/228/','',3,0,3,0,'20030916000357'),
	(1085,228,'桂阳县','/19/228/','',3,0,3,0,'20030916000351'),
	(1086,228,'嘉禾县','/19/228/','',3,0,3,0,'20030916000354'),
	(1087,228,'临武县','/19/228/','',3,0,3,0,'20030916000355'),
	(1088,228,'汝城县','/19/228/','',3,0,3,0,'20030916000356'),
	(1089,228,'苏仙区','/19/228/','',3,0,2,0,'3000000137888122'),
	(1090,228,'宜章县','/19/228/','',3,0,3,0,'20030916000353'),
	(1091,228,'永兴县','/19/228/','',3,0,3,0,'20030916000352'),
	(1092,228,'资兴市','/19/228/','',3,0,2,0,'20030916000350'),
	(1094,272,'成华区','/24/272/','',3,0,1,0,'20030916000024'),
	(1095,272,'崇州市','/24/272/','',3,0,3,0,'20030916000029'),
	(1096,272,'大邑县','/24/272/','',3,0,3,0,'20030916000036'),
	(1097,272,'都江堰市','/24/272/','',3,0,3,0,'20030916000031'),
	(1098,272,'金牛区','/24/272/','',3,0,1,0,'20030916000022'),
	(1099,272,'金堂县','/24/272/','',3,0,3,0,'20030916000033'),
	(1100,272,'锦江区','/24/272/','',3,0,1,0,'20030916000021'),
	(1101,272,'龙泉驿区','/24/272/','',3,0,1,0,'20030916000025'),
	(1102,272,'彭州市','/24/272/','',3,0,3,0,'20030916000032'),
	(1103,272,'郫县','/24/272/','',3,0,3,0,'20030916000035'),
	(1104,272,'蒲江县','/24/272/','',3,0,3,0,'20030916000037'),
	(1105,272,'青白江区','/24/272/','',3,0,1,0,'20030916000026'),
	(1106,272,'青羊区','/24/272/','',3,0,1,0,'20030916000020'),
	(1107,272,'邛崃市','/24/272/','',3,0,3,0,'20030916000030'),
	(1108,272,'双流县','/24/272/','',3,0,2,0,'20030916000034'),
	(1109,272,'温江区','/24/272/','',3,0,1,0,'20030916000028'),
	(1110,272,'武侯区','/24/272/','',3,0,1,0,'20030916000023'),
	(1111,272,'新都区','/24/272/','',3,0,1,0,'20030916000027'),
	(1112,272,'新津县','/24/272/','',3,0,3,0,'20030916000038'),
	(1113,44,'承德县','/4/44/','',3,0,3,0,'rowid09230100034'),
	(1114,44,'丰宁满族自治县','/4/44/','',3,0,3,0,'rowid09230100039'),
	(1115,44,'宽城满族自治县','/4/44/','',3,0,3,0,'rowid09230100040'),
	(1116,44,'隆化县','/4/44/','',3,0,3,0,'rowid09230100038'),
	(1117,44,'滦平县','/4/44/','',3,0,3,0,'rowid09230100037'),
	(1118,44,'平泉县','/4/44/','',3,0,3,0,'rowid09230100036'),
	(1119,44,'双滦区','/4/44/','',3,0,3,0,'3000000137081860'),
	(1120,44,'双桥区','/4/44/','',3,0,2,0,'rowid09230100033'),
	(1121,44,'围场满族蒙古族自治县','/4/44/','',3,0,3,0,'rowid09230100041'),
	(1122,44,'兴隆县','/4/44/','',3,0,3,0,'rowid09230100035'),
	(1123,44,'鹰手营子矿区','/4/44/','',3,0,3,0,'3000000137081885'),
	(1128,65,'阿鲁科尔沁旗','/6/65/','',3,0,5,0,'20030916001053'),
	(1129,65,'敖汉旗','/6/65/','',3,0,4,0,'20030916001059'),
	(1130,65,'巴林右旗','/6/65/','',3,0,4,0,'20030916001055'),
	(1131,65,'巴林左旗','/6/65/','',3,0,4,0,'20030916001054'),
	(1132,65,'红山区','/6/65/','',3,0,2,0,'20030916001048'),
	(1133,65,'喀喇沁旗','/6/65/','',3,0,3,0,'20030916001058'),
	(1134,65,'克什克腾旗','/6/65/','',3,0,4,0,'20030916001056'),
	(1135,65,'林西县','/6/65/','',3,0,5,0,'20030916001052'),
	(1136,65,'宁城县','/6/65/','',3,0,4,0,'20030916001051'),
	(1137,65,'松山区','/6/65/','',3,0,2,0,'20030916001050'),
	(1138,65,'翁牛特旗','/6/65/','',3,0,3,0,'20030916001057'),
	(1139,65,'元宝山区','/6/65/','',3,0,2,0,'20030916001049'),
	(1140,267,'大新县','/21/267/','',3,0,3,0,'20030916001567'),
	(1141,267,'扶绥县','/21/267/','',3,0,3,0,'20030916001568'),
	(1142,267,'江洲区','/21/267/','',3,0,3,0,'20030916001566'),
	(1143,267,'龙州县','/21/267/','',3,0,3,0,'20030916001578'),
	(1144,267,'宁明县','/21/267/','',3,0,3,0,'20030916001572'),
	(1145,267,'凭祥市','/21/267/','',3,0,3,0,'20030916001579'),
	(1146,267,'天等县','/21/267/','',3,0,3,0,'20030916001575'),
	(1155,313,'楚雄市','/26/313/','',3,0,3,0,'20030916001154'),
	(1156,313,'大姚县','/26/313/','',3,0,3,0,'20030916001159'),
	(1157,313,'禄丰县','/26/313/','',3,0,3,0,'20030916001163'),
	(1158,313,'牟定县','/26/313/','',3,0,3,0,'20030916001156'),
	(1159,313,'南华县','/26/313/','',3,0,3,0,'20030916001157'),
	(1160,313,'双柏县','/26/313/','',3,0,3,0,'20030916001155'),
	(1161,313,'武定县','/26/313/','',3,0,3,0,'20030916001162'),
	(1162,313,'姚安县','/26/313/','',3,0,3,0,'20030916001158'),
	(1163,313,'永仁县','/26/313/','',3,0,3,0,'20030916001160'),
	(1164,313,'元谋县','/26/313/','',3,0,3,0,'20030916001161'),
	(1165,285,'达县','/24/285/','',3,0,3,0,'20030916000270'),
	(1166,285,'大竹县','/24/285/','',3,0,3,0,'20030916000271'),
	(1167,285,'开江县','/24/285/','',3,0,3,0,'20030916000274'),
	(1168,285,'渠县','/24/285/','',3,0,3,0,'20030916000272'),
	(1169,285,'通川区','/24/285/','',3,0,2,0,'20030916000269'),
	(1170,285,'万源市','/24/285/','',3,0,3,0,'20030916000275'),
	(1171,285,'宣汉县','/24/285/','',3,0,3,0,'20030916000273'),
	(1172,314,'宾川县','/26/314/','',3,0,4,0,'20030916001144'),
	(1173,314,'大理市','/26/314/','',3,0,2,0,'20030916001142'),
	(1174,314,'洱源县','/26/314/','',3,0,3,0,'20030916001148'),
	(1175,314,'鹤庆县','/26/314/','',3,0,3,0,'20030916001150'),
	(1176,314,'剑川县','/26/314/','',3,0,3,0,'20030916001149'),
	(1177,314,'弥渡县','/26/314/','',3,0,3,0,'20030916001145'),
	(1178,314,'南涧彝族自治县','/26/314/','',3,0,3,0,'20030916001152'),
	(1179,314,'巍山彝族回族自治县','/26/314/','',3,0,3,0,'20030916001153'),
	(1180,314,'祥云县','/26/314/','',3,0,3,0,'20030916001143'),
	(1181,314,'漾濞彝族自治县','/26/314/','',3,0,3,0,'20030916001151'),
	(1182,314,'永平县','/26/314/','',3,0,3,0,'20030916001146'),
	(1183,314,'云龙县','/26/314/','',3,0,3,0,'20030916001147'),
	(1184,75,'长海县','/7/75/','',3,0,3,0,'20030916002665'),
	(1185,75,'甘井子区','/7/75/','',3,0,1,0,'20030916002659'),
	(1186,75,'金州区','/7/75/','',3,0,3,0,'20030916002661'),
	(1187,75,'旅顺口区','/7/75/','',3,0,2,0,'20030916002660'),
	(1188,75,'普兰店市','/7/75/','',3,0,2,0,'20030916002663'),
	(1189,75,'沙河口区','/7/75/','',3,0,1,0,'20030916002658'),
	(1190,75,'瓦房店市','/7/75/','',3,0,2,0,'20030916002662'),
	(1191,75,'西岗区','/7/75/','',3,0,1,0,'20030916002656'),
	(1192,75,'中山区','/7/75/','',3,0,1,0,'20030916002657'),
	(1193,75,'庄河市','/7/75/','',3,0,2,0,'20030916002664'),
	(1194,102,'大同区','/9/102/','',3,0,2,0,'20030916000651'),
	(1195,102,'杜尔伯特蒙古族自治县','/9/102/','',3,0,3,0,'20030916000656'),
	(1196,102,'红岗区','/9/102/','',3,0,2,0,'20030916000652'),
	(1197,102,'林甸县','/9/102/','',3,0,3,0,'20030916000655'),
	(1198,102,'龙凤区','/9/102/','',3,0,2,0,'20030916000649'),
	(1199,102,'让胡路区','/9/102/','',3,0,2,0,'20030916000650'),
	(1200,102,'萨尔图区','/9/102/','',3,0,2,0,'20030916000648'),
	(1201,102,'肇源县','/9/102/','',3,0,3,0,'20030916000654'),
	(1202,102,'肇州县','/9/102/','',3,0,3,0,'20030916000653'),
	(1203,49,'城区','/5/49/','',3,0,2,0,'20030916001941'),
	(1204,49,'大同县','/5/49/','',3,0,3,0,'20030916001951'),
	(1205,49,'广灵县','/5/49/','',3,0,3,0,'20030916001947'),
	(1206,49,'浑源县','/5/49/','',3,0,3,0,'20030916001949'),
	(1207,49,'矿区','/5/49/','',3,0,2,0,'20030916001942'),
	(1208,49,'灵丘县','/5/49/','',3,0,3,0,'20030916001948'),
	(1209,49,'南郊区','/5/49/','',3,0,3,0,'20030916001943'),
	(1210,49,'天镇县','/5/49/','',3,0,3,0,'20030916001946'),
	(1211,49,'新荣区','/5/49/','',3,0,3,0,'20030916001944'),
	(1212,49,'阳高县','/5/49/','',3,0,3,0,'20030916001945'),
	(1213,49,'左云县','/5/49/','',3,0,3,0,'20030916001950'),
	(1214,109,'大兴安岭地区','/9/109/','',3,0,3,0,'3000000019087530'),
	(1215,109,'呼玛县','/9/109/','',3,0,3,0,'20030916000734'),
	(1216,109,'漠河县','/9/109/','',3,0,3,0,'20030916000736'),
	(1217,109,'塔河县','/9/109/','',3,0,3,0,'20030916000735'),
	(1218,79,'东港市','/7/79/','',3,0,2,0,'20030916002654'),
	(1219,79,'凤城市','/7/79/','',3,0,2,0,'20030916002653'),
	(1220,79,'宽甸满族自治县','/7/79/','',3,0,3,0,'20030916002655'),
	(1221,79,'元宝区','/7/79/','',3,0,2,0,'20030916002651'),
	(1222,79,'振安区','/7/79/','',3,0,2,0,'20030916002652'),
	(1223,79,'振兴区','/7/79/','',3,0,2,0,'20030916002650'),
	(1224,315,'梁河县','/26/315/','',3,0,3,0,'20030916001132'),
	(1225,315,'陇川县','/26/315/','',3,0,3,0,'20030916001134'),
	(1226,315,'潞西市','/26/315/','',3,0,3,0,'20030916001130'),
	(1227,315,'瑞丽市','/26/315/','',3,0,3,0,'20030916001131'),
	(1228,315,'盈江县','/26/315/','',3,0,3,0,'20030916001133'),
	(1229,276,'广汉市','/24/276/','',3,0,3,0,'20030916000057'),
	(1230,276,'旌阳区','/24/276/','',3,0,2,0,'20030916000060'),
	(1231,276,'罗江县','/24/276/','',3,0,3,0,'20030916000058'),
	(1232,276,'绵竹市','/24/276/','',3,0,3,0,'20030916000062'),
	(1233,276,'什邡市','/24/276/','',3,0,2,0,'20030916000061'),
	(1234,276,'中江县','/24/276/','',3,0,3,0,'20030916000059'),
	(1235,185,'德城区','/16/185/','',3,0,2,0,'20030916002856'),
	(1236,185,'乐陵市','/16/185/','',3,0,2,0,'20030916000981'),
	(1237,185,'临邑县','/16/185/','',3,0,3,0,'20030916000982'),
	(1238,185,'陵县','/16/185/','',3,0,3,0,'20030916000983'),
	(1239,185,'宁津县','/16/185/','',3,0,3,0,'20030916000984'),
	(1240,185,'平原县','/16/185/','',3,0,3,0,'20030916000985'),
	(1241,185,'齐河县','/16/185/','',3,0,3,0,'20030916000986'),
	(1242,185,'庆云县','/16/185/','',3,0,2,0,'20030916000979'),
	(1243,185,'武城县','/16/185/','',3,0,3,0,'20030916000987'),
	(1244,185,'夏津县','/16/185/','',3,0,3,0,'20030916000988'),
	(1245,185,'禹城市','/16/185/','',3,0,2,0,'20030916000989'),
	(1246,317,'德钦县','/26/317/','',3,0,3,0,'20030916001140'),
	(1247,317,'维西傈僳族自治县','/26/317/','',3,0,3,0,'20030916001141'),
	(1248,317,'香格里拉县','/26/317/','',3,0,3,0,'20030916001139'),
	(1249,345,'安定区','/29/345/','',3,0,2,0,'20030916001262'),
	(1250,345,'临洮县','/29/345/','',3,0,4,0,'20030916001264'),
	(1251,345,'陇西县','/29/345/','',3,0,4,0,'20030916001268'),
	(1252,345,'岷县','/29/345/','',3,0,4,0,'20030916001266'),
	(1253,345,'通渭县','/29/345/','',3,0,4,0,'20030916001263'),
	(1254,345,'渭源县','/29/345/','',3,0,4,0,'20030916001267'),
	(1255,345,'漳县','/29/345/','',3,0,4,0,'20030916001265'),
	(1256,249,'东莞市','/20/249/','',3,0,2,0,'20030916000496'),
	(1257,176,'东营区','/16/176/','',3,0,2,0,'20030916001002'),
	(1258,176,'广饶县','/16/176/','',3,0,3,0,'20030916001003'),
	(1259,176,'河口区','/16/176/','',3,0,2,0,'20030916001004'),
	(1260,176,'垦利县','/16/176/','',3,0,3,0,'20030916001005'),
	(1261,176,'利津县','/16/176/','',3,0,3,0,'20030916001006'),
	(1262,67,'达拉特旗','/6/67/','',3,0,3,0,'20030916001462'),
	(1263,67,'东胜区','/6/67/','',3,0,2,0,'20030916001461'),
	(1264,67,'鄂托克旗','/6/67/','',3,0,3,0,'20030916001465'),
	(1265,67,'鄂托克前旗','/6/67/','',3,0,4,0,'20030916001464'),
	(1266,67,'杭锦旗','/6/67/','',3,0,3,0,'20030916001466'),
	(1267,67,'乌审旗','/6/67/','',3,0,4,0,'20030916001467'),
	(1268,67,'伊金霍洛旗','/6/67/','',3,0,3,0,'20030916001468'),
	(1269,67,'准格尔旗','/6/67/','',3,0,3,0,'20030916001463'),
	(1270,213,'鄂城区','/18/213/','',3,0,2,0,'20030916002069'),
	(1271,213,'华容区','/18/213/','',3,0,3,0,'20030916002071'),
	(1272,213,'梁子湖区','/18/213/','',3,0,2,0,'20030916002070'),
	(1273,218,'巴东县','/18/218/','',3,0,3,0,'20030916002112'),
	(1274,218,'恩施市','/18/218/','',3,0,2,0,'20030916002109'),
	(1275,218,'鹤峰县','/18/218/','',3,0,3,0,'20030916002116'),
	(1276,218,'建始县','/18/218/','',3,0,3,0,'20030916002111'),
	(1277,218,'来凤县','/18/218/','',3,0,3,0,'20030916002115'),
	(1278,218,'利川市','/18/218/','',3,0,2,0,'20030916002110'),
	(1279,218,'咸丰县','/18/218/','',3,0,3,0,'20030916002114'),
	(1280,218,'宣恩县','/18/218/','',3,0,3,0,'20030916002113'),
	(1281,259,'东兴市','/21/259/','',3,0,3,0,'20030916001514'),
	(1282,259,'防城区','/21/259/','',3,0,3,0,'3000000137786968'),
	(1283,259,'港口区','/21/259/','',3,0,2,0,'20030916001515'),
	(1284,259,'上思县','/21/259/','',3,0,3,0,'20030916001516'),
	(1285,238,'禅城区','/20/238/','',3,0,2,0,'20030916000497'),
	(1286,238,'高明区','/20/238/','',3,0,2,0,'20030916000499'),
	(1287,238,'南海区','/20/238/','',3,0,2,0,'20030916000500'),
	(1288,238,'三水区','/20/238/','',3,0,2,0,'20030916000501'),
	(1289,238,'顺德区','/20/238/','',3,0,2,0,'20030916000502'),
	(1290,152,'仓山区','/14/152/','',3,0,1,0,'20030916001620'),
	(1291,152,'长乐市','/14/152/','',3,0,2,0,'20030916001638'),
	(1292,152,'福清市','/14/152/','',3,0,3,0,'20030916001631'),
	(1293,152,'鼓楼区','/14/152/','',3,0,2,0,'20030916001618'),
	(1294,152,'晋安区','/14/152/','',3,0,1,0,'20030916001621'),
	(1295,152,'连江县','/14/152/','',3,0,3,0,'20030916001634'),
	(1296,152,'罗源县','/14/152/','',3,0,3,0,'20030916001635'),
	(1297,152,'马尾区','/14/152/','',3,0,1,0,'20030916001622'),
	(1298,152,'闽侯县','/14/152/','',3,0,3,0,'20030916001632'),
	(1299,152,'闽清县','/14/152/','',3,0,3,0,'20030916001636'),
	(1300,152,'平潭县','/14/152/','',3,0,3,0,'20030916001633'),
	(1301,152,'台江区','/14/152/','',3,0,1,0,'20030916001619'),
	(1302,152,'永泰县','/14/152/','',3,0,3,0,'20030916001637'),
	(1303,77,'东洲区','/7/77/','',3,0,2,0,'20030916001813'),
	(1304,77,'抚顺县','/7/77/','',3,0,3,0,'20030916001816'),
	(1305,77,'清原满族自治县','/7/77/','',3,0,3,0,'20030916001818'),
	(1306,77,'顺城区','/7/77/','',3,0,2,0,'20030916001815'),
	(1307,77,'望花区','/7/77/','',3,0,2,0,'20030916001814'),
	(1308,77,'新宾满族自治县','/7/77/','',3,0,3,0,'20030916001817'),
	(1309,77,'新抚区','/7/77/','',3,0,2,0,'20030916001812'),
	(1310,170,'崇仁县','/15/170/','',3,0,3,0,'20030916001350'),
	(1311,170,'东乡县','/15/170/','',3,0,3,0,'20030916001357'),
	(1312,170,'广昌县','/15/170/','',3,0,3,0,'20030916001365'),
	(1313,170,'金溪县','/15/170/','',3,0,3,0,'20030916001373'),
	(1314,170,'乐安县','/15/170/','',3,0,3,0,'20030916001378'),
	(1315,170,'黎川县','/15/170/','',3,0,3,0,'20030916001380'),
	(1316,170,'临川区','/15/170/','',3,0,2,0,'20030916001382'),
	(1317,170,'南城县','/15/170/','',3,0,3,0,'20030916001387'),
	(1318,170,'南丰县','/15/170/','',3,0,3,0,'20030916001388'),
	(1319,170,'宜黄县','/15/170/','',3,0,3,0,'20030916001427'),
	(1320,170,'资溪县','/15/170/','',3,0,3,0,'20030916001442'),
	(1321,82,'阜新蒙古族自治县','/7/82/','',3,0,3,0,'20030916001030'),
	(1322,82,'海州区','/7/82/','',3,0,2,0,'20030916001024'),
	(1323,82,'清河门区','/7/82/','',3,0,2,0,'20030916001027'),
	(1324,82,'太平区','/7/82/','',3,0,2,0,'20030916001026'),
	(1325,82,'细河区','/7/82/','',3,0,2,0,'20030916001028'),
	(1326,82,'新邱区','/7/82/','',3,0,2,0,'20030916001025'),
	(1327,82,'彰武县','/7/82/','',3,0,3,0,'20030916001029'),
	(1336,348,'迭部县','/29/348/','',3,0,5,0,'20030916001289'),
	(1337,348,'合作市','/29/348/','',3,0,2,0,'20030916001285'),
	(1338,348,'临潭县','/29/348/','',3,0,5,0,'20030916001286'),
	(1339,348,'碌曲县','/29/348/','',3,0,5,0,'20030916001291'),
	(1340,348,'玛曲县','/29/348/','',3,0,5,0,'20030916001290'),
	(1341,348,'夏河县','/29/348/','',3,0,5,0,'20030916001292'),
	(1342,348,'舟曲县','/29/348/','',3,0,3,0,'20030916001288'),
	(1343,348,'卓尼县','/29/348/','',3,0,3,0,'20030916001287'),
	(1344,291,'巴塘县','/29/291/','',3,0,5,0,'20030916000063'),
	(1345,291,'白玉县','/29/291/','',3,0,5,0,'20030916000158'),
	(1346,291,'丹巴县','/29/291/','',3,0,5,0,'20030916000154'),
	(1347,291,'道孚县','/29/291/','',3,0,5,0,'20030916000149'),
	(1348,291,'稻城县','/29/291/','',3,0,5,0,'20030916000160'),
	(1349,291,'得荣县','/29/291/','',3,0,5,0,'20030916000161'),
	(1350,291,'德格县','/29/291/','',3,0,5,0,'20030916000153'),
	(1351,291,'甘孜县','/29/291/','',3,0,5,0,'20030916000151'),
	(1352,291,'九龙县','/29/291/','',3,0,5,0,'20030916000147'),
	(1353,291,'康定县','/29/291/','',3,0,5,0,'20030916000144'),
	(1354,291,'理塘县','/29/291/','',3,0,5,0,'20030916000157'),
	(1355,291,'泸定县','/29/291/','',3,0,5,0,'20030916000145'),
	(1356,291,'炉霍县','/29/291/','',3,0,5,0,'20030916000150'),
	(1357,291,'色达县','/29/291/','',3,0,5,0,'20030916000156'),
	(1358,291,'石渠县','/29/291/','',3,0,5,0,'20030916000155'),
	(1359,291,'乡城县','/29/291/','',3,0,5,0,'20030916000159'),
	(1360,291,'新龙县','/29/291/','',3,0,5,0,'20030916000152'),
	(1361,291,'雅江县','/29/291/','',3,0,3,0,'20030916000148'),
	(1362,167,'安远县','/15/167/','',3,0,3,0,'20030916001347'),
	(1363,167,'崇义县','/15/167/','',3,0,3,0,'20030916001351'),
	(1364,167,'大余县','/15/167/','',3,0,3,0,'20030916001352'),
	(1365,167,'定南县','/15/167/','',3,0,3,0,'20030916001355'),
	(1366,167,'赣县','/15/167/','',3,0,3,0,'20030916001363'),
	(1367,167,'会昌县','/15/167/','',3,0,3,0,'20030916001370'),
	(1368,167,'龙南县','/15/167/','',3,0,3,0,'20030916001383'),
	(1369,167,'南康市','/15/167/','',3,0,2,0,'20030916001389'),
	(1370,167,'宁都县','/15/167/','',3,0,3,0,'20030916001390'),
	(1371,167,'全南县','/15/167/','',3,0,3,0,'20030916001398'),
	(1372,167,'瑞金市','/15/167/','',3,0,3,0,'20030916001400'),
	(1373,167,'上犹县','/15/167/','',3,0,3,0,'20030916001403'),
	(1374,167,'石城县','/15/167/','',3,0,3,0,'20030916001404'),
	(1375,167,'信丰县','/15/167/','',3,0,3,0,'20030916001419'),
	(1376,167,'兴国县','/15/167/','',3,0,3,0,'20030916001421'),
	(1377,167,'寻乌县','/15/167/','',3,0,3,0,'20030916001424'),
	(1378,167,'于都县','/15/167/','',3,0,3,0,'20030916001433'),
	(1379,167,'章贡区','/15/167/','',3,0,2,0,'20030916001439'),
	(1380,360,'泾源县','/31/360/','',3,0,3,0,'20030916002468'),
	(1381,360,'隆德县','/31/360/','',3,0,3,0,'20030916002467'),
	(1382,360,'彭阳县','/31/360/','',3,0,3,0,'20030916002469'),
	(1383,360,'西吉县','/31/360/','',3,0,3,0,'20030916002466'),
	(1384,360,'原州区','/31/360/','',3,0,2,0,'20030916002464'),
	(1385,284,'广安区','/24/284/','',3,0,2,0,'20030916000276'),
	(1386,284,'华蓥市','/24/284/','',3,0,2,0,'20030916000280'),
	(1387,284,'邻水县','/24/284/','',3,0,3,0,'20030916000279'),
	(1388,284,'武胜县','/24/284/','',3,0,3,0,'20030916000278'),
	(1389,284,'岳池县','/24/284/','',3,0,3,0,'20030916000277'),
	(1390,278,'苍溪县','/24/278/','',3,0,3,0,'20030916000046'),
	(1391,278,'朝天区','/24/278/','',3,0,3,0,'20030916000042'),
	(1392,278,'剑阁县','/24/278/','',3,0,3,0,'20030916000045'),
	(1393,278,'青川县','/24/278/','',3,0,3,0,'20030916000044'),
	(1394,278,'市中区','/24/278/','',3,0,2,0,'20030916000040'),
	(1395,278,'旺苍县','/24/278/','',3,0,2,0,'20030916000043'),
	(1396,278,'元坝区','/24/278/','',3,0,2,0,'20030916000041'),
	(1397,233,'白云区','/20/233/','',3,0,1,0,'20030916000503'),
	(1398,233,'从化市','/20/233/','',3,0,2,0,'20030916000504'),
	(1399,233,'番禺区','/20/233/','',3,0,1,0,'20030916000506'),
	(1400,233,'海珠区','/20/233/','',3,0,1,0,'20030916000509'),
	(1401,233,'花都区','/20/233/','',3,0,1,0,'20030916000510'),
	(1402,233,'黄埔区','/20/233/','',3,0,1,0,'20030916000511'),
	(1403,233,'荔湾区','/20/233/','',3,0,1,0,'20030916000512'),
	(1404,233,'萝岗区','/20/233/','',3,0,1,0,'3000000158671445'),
	(1405,233,'南沙区','/20/233/','',3,0,1,0,'3000000158671272'),
	(1406,233,'天河区','/20/233/','',3,0,1,0,'20030916000513'),
	(1407,233,'越秀区','/20/233/','',3,0,1,0,'20030916000514'),
	(1408,233,'增城市','/20/233/','',3,0,2,0,'20030916000515'),
	(1409,261,'港北区','/21/261/','',3,0,3,0,'20030916001517'),
	(1410,261,'港南区','/21/261/','',3,0,2,0,'3000000137786277'),
	(1411,261,'桂平市','/21/261/','',3,0,3,0,'20030916001532'),
	(1412,261,'平南县','/21/261/','',3,0,3,0,'20030916001518'),
	(1413,261,'覃塘区','/21/261/','',3,0,3,0,'3000000137786401'),
	(1414,293,'白云区','/25/293/','',3,0,1,0,'20030916000408'),
	(1415,293,'花溪区','/25/293/','',3,0,1,0,'20030916000406'),
	(1416,293,'开阳县','/25/293/','',3,0,3,0,'20030916000411'),
	(1417,293,'南明区','/25/293/','',3,0,1,0,'20030916000404'),
	(1418,293,'清镇市','/25/293/','',3,0,2,0,'20030916000410'),
	(1419,293,'乌当区','/25/293/','',3,0,1,0,'20030916000407'),
	(1420,293,'息烽县','/25/293/','',3,0,3,0,'20030916000413'),
	(1421,293,'小河区','/25/293/','',3,0,1,0,'20030916000409'),
	(1422,293,'修文县','/25/293/','',3,0,3,0,'20030916000412'),
	(1423,293,'云岩区','/25/293/','',3,0,1,0,'20030916000405'),
	(1424,256,'叠彩区','/21/256/','',3,0,2,0,'3000000137785423'),
	(1425,256,'恭城瑶族自治县','/21/256/','',3,0,3,0,'20030916001519'),
	(1426,256,'灌阳县','/21/256/','',3,0,3,0,'20030916001520'),
	(1427,256,'荔浦县','/21/256/','',3,0,3,0,'20030916001522'),
	(1428,256,'临桂县','/21/256/','',3,0,3,0,'20030916001523'),
	(1429,256,'灵川县','/21/256/','',3,0,3,0,'20030916001524'),
	(1430,256,'龙胜各族自治县','/21/256/','',3,0,3,0,'20030916001525'),
	(1431,256,'平乐县','/21/256/','',3,0,3,0,'20030916001526'),
	(1432,256,'七星区','/21/256/','',3,0,2,0,'3000000137785657'),
	(1433,256,'全州县','/21/256/','',3,0,3,0,'20030916001527'),
	(1434,256,'象山区','/21/256/','',3,0,2,0,'20030916001521'),
	(1435,256,'兴安县','/21/256/','',3,0,3,0,'20030916001528'),
	(1436,256,'秀峰区','/21/256/','',3,0,2,0,'3000000137785583'),
	(1437,256,'雁山区','/21/256/','',3,0,2,0,'3000000137785745'),
	(1438,256,'阳朔县','/21/256/','',3,0,3,0,'20030916001529'),
	(1439,256,'永福县','/21/256/','',3,0,3,0,'20030916001530'),
	(1440,256,'资源县','/21/256/','',3,0,3,0,'20030916001531'),
	(1441,354,'班玛县','/30/354/','',3,0,5,0,'20030916002326'),
	(1442,354,'达日县','/30/354/','',3,0,5,0,'20030916002328'),
	(1443,354,'甘德县','/30/354/','',3,0,5,0,'20030916002327'),
	(1444,354,'久治县','/30/354/','',3,0,5,0,'20030916002329'),
	(1445,354,'玛多县','/30/354/','',3,0,5,0,'20030916002330'),
	(1446,354,'玛沁县','/30/354/','',3,0,5,0,'20030916002325'),
	(1447,97,'阿城市','/9/97/','',3,0,2,0,'20030916000617'),
	(1448,97,'巴彦县','/9/97/','',3,0,3,0,'20030916000622'),
	(1449,97,'宾县','/9/97/','',3,0,3,0,'20030916000621'),
	(1450,97,'道里区','/9/97/','',3,0,1,0,'20030916000607'),
	(1451,97,'道外区','/9/97/','',3,0,1,0,'20030916000609'),
	(1453,97,'方正县','/9/97/','',3,0,3,0,'20030916000620'),
	(1454,97,'呼兰区','/9/97/','',3,0,1,0,'20030916000618'),
	(1455,97,'木兰县','/9/97/','',3,0,3,0,'20030916000623'),
	(1456,97,'南岗区','/9/97/','',3,0,1,0,'20030916000608'),
	(1457,97,'平房区','/9/97/','',3,0,1,0,'20030916000613'),
	(1458,97,'尚志市','/9/97/','',3,0,3,0,'20030916000615'),
	(1459,97,'双城市','/9/97/','',3,0,3,0,'20030916000614'),
	(1460,97,'松北区','/9/97/','',3,0,1,0,'20030916000610'),
	(1461,97,'通河县','/9/97/','',3,0,3,0,'20030916000624'),
	(1462,97,'五常市','/9/97/','',3,0,3,0,'20030916000616'),
	(1463,97,'香坊区','/9/97/','',3,0,1,0,'20030916000611'),
	(1464,97,'延寿县','/9/97/','',3,0,3,0,'20030916000625'),
	(1465,97,'依兰县','/9/97/','',3,0,3,0,'20030916000619'),
	(1466,365,'巴里坤哈萨克自治县','/32/365/','',3,0,5,0,'20030916002212'),
	(1467,365,'哈密市','/32/365/','',3,0,3,0,'20030916002210'),
	(1468,365,'伊吾县','/32/365/','',3,0,3,0,'20030916002211'),
	(1469,351,'刚察县','/30/351/','',3,0,5,0,'20030916002314'),
	(1470,351,'海晏县','/30/351/','',3,0,5,0,'20030916002312'),
	(1471,351,'门源回族自治县','/30/351/','',3,0,5,0,'20030916002315'),
	(1472,351,'祁连县','/30/351/','',3,0,5,0,'20030916002313'),
	(1473,350,'互助土族自治县','/30/350/','',3,0,5,0,'20030916002309'),
	(1474,350,'化隆回族自治县','/30/350/','',3,0,5,0,'20030916002310'),
	(1475,350,'乐都县','/30/350/','',3,0,5,0,'20030916002307'),
	(1476,350,'民和回族土族自治县','/30/350/','',3,0,5,0,'20030916002308'),
	(1477,350,'平安县','/30/350/','',3,0,5,0,'20030916002306'),
	(1478,350,'循化撒拉族自治县','/30/350/','',3,0,5,0,'20030916002311'),
	(1479,268,'龙华区','/22/268/','',3,0,1,0,'20030916000849'),
	(1480,268,'美兰区','/22/268/','',3,0,1,0,'20030916000852'),
	(1481,268,'琼山区','/22/268/','',3,0,1,0,'20030916000851'),
	(1482,268,'秀英区','/22/268/','',3,0,1,0,'20030916000850'),
	(1483,353,'共和县','/30/353/','',3,0,5,0,'20030916002316'),
	(1484,353,'贵德县','/30/353/','',3,0,5,0,'20030916002318'),
	(1485,353,'贵南县','/30/353/','',3,0,5,0,'20030916002320'),
	(1486,353,'同德县','/30/353/','',3,0,4,0,'20030916002317'),
	(1487,353,'兴海县','/30/353/','',3,0,4,0,'20030916002319'),
	(1488,356,'德令哈市','/30/356/','',3,0,2,0,'20030916002337'),
	(1489,356,'都兰县','/30/356/','',3,0,5,0,'20030916002340'),
	(1490,356,'格尔木市','/30/356/','',3,0,2,0,'20030916002338'),
	(1491,356,'天峻县','/30/356/','',3,0,4,0,'20030916002341'),
	(1492,356,'乌兰县','/30/356/','',3,0,4,0,'20030916002339'),
	(1493,40,'成安县','/4/40/','',3,0,3,0,'20030916001780'),
	(1494,40,'磁县','/4/40/','',3,0,3,0,'20030916001783'),
	(1495,40,'丛台区','/4/40/','',3,0,2,0,'20030916001773'),
	(1496,40,'大名县','/4/40/','',3,0,3,0,'20030916001781'),
	(1497,40,'肥乡县','/4/40/','',3,0,3,0,'20030916001784'),
	(1498,40,'峰峰矿区','/4/40/','',3,0,3,0,'20030916001776'),
	(1499,40,'复兴区','/4/40/','',3,0,2,0,'20030916001775'),
	(1500,40,'馆陶县','/4/40/','',3,0,3,0,'20030916001789'),
	(1501,40,'广平县','/4/40/','',3,0,3,0,'20030916001788'),
	(1502,40,'邯郸县','/4/40/','',3,0,3,0,'20030916001778'),
	(1503,40,'邯山区','/4/40/','',3,0,2,0,'20030916001774'),
	(1504,40,'鸡泽县','/4/40/','',3,0,3,0,'20030916001787'),
	(1505,40,'临漳县','/4/40/','',3,0,3,0,'20030916001779'),
	(1506,40,'邱县','/4/40/','',3,0,3,0,'20030916001786'),
	(1507,40,'曲周县','/4/40/','',3,0,3,0,'20030916001791'),
	(1508,40,'涉县','/4/40/','',3,0,3,0,'20030916001782'),
	(1509,40,'魏县','/4/40/','',3,0,3,0,'20030916001790'),
	(1510,40,'武安市','/4/40/','',3,0,3,0,'20030916001777'),
	(1511,40,'永年县','/4/40/','',3,0,3,0,'20030916001785'),
	(1512,331,'城固县','/28/331/','',3,0,3,0,'20030916002692'),
	(1513,331,'佛坪县','/28/331/','',3,0,3,0,'20030916002699'),
	(1514,331,'汉台区','/28/331/','',3,0,2,0,'20030916002708'),
	(1515,331,'留坝县','/28/331/','',3,0,3,0,'20030916002724'),
	(1516,331,'略阳县','/28/331/','',3,0,3,0,'20030916002726'),
	(1517,331,'勉县','/28/331/','',3,0,3,0,'20030916002731'),
	(1518,331,'南郑县','/28/331/','',3,0,3,0,'20030916002732'),
	(1519,331,'宁强县','/28/331/','',3,0,3,0,'20030916002733'),
	(1520,331,'西乡县','/28/331/','',3,0,3,0,'20030916002756'),
	(1521,331,'洋县','/28/331/','',3,0,3,0,'20030916002767'),
	(1522,331,'镇巴县','/28/331/','',3,0,3,0,'20030916002774'),
	(1543,366,'策勒县','/32/366/','',3,0,5,0,'20030916002204'),
	(1544,366,'和田县','/32/366/','',3,0,5,0,'3000000137780047'),
	(1545,366,'洛浦县','/32/366/','',3,0,5,0,'20030916002203'),
	(1546,366,'民丰县','/32/366/','',3,0,5,0,'20030916002206'),
	(1547,366,'墨玉县','/32/366/','',3,0,5,0,'20030916002201'),
	(1548,366,'皮山县','/32/366/','',3,0,5,0,'20030916002202'),
	(1549,366,'于田县','/32/366/','',3,0,5,0,'20030916002205'),
	(1550,265,'巴马瑶族自治县','/21/265/','',3,0,3,0,'20030916001534'),
	(1551,265,'大化瑶族自治县','/21/265/','',3,0,3,0,'20030916001535'),
	(1552,265,'东兰县','/21/265/','',3,0,3,0,'20030916001536'),
	(1553,265,'都安瑶族自治县','/21/265/','',3,0,3,0,'20030916001537'),
	(1554,265,'凤山县','/21/265/','',3,0,3,0,'20030916001538'),
	(1555,265,'环江毛南族自治县','/21/265/','',3,0,3,0,'20030916001540'),
	(1556,265,'金城江区','/21/265/','',3,0,2,0,'20030916001539'),
	(1557,265,'罗城仫佬族自治县','/21/265/','',3,0,3,0,'20030916001541'),
	(1558,265,'南丹县','/21/265/','',3,0,3,0,'20030916001542'),
	(1559,265,'天峨县','/21/265/','',3,0,3,0,'20030916001543'),
	(1560,265,'宜州市','/21/265/','',3,0,3,0,'20030916001544'),
	(1561,246,'东源县','/20/246/','',3,0,3,0,'20030916000516'),
	(1562,246,'和平县','/20/246/','',3,0,3,0,'20030916000517'),
	(1563,246,'连平县','/20/246/','',3,0,3,0,'20030916000519'),
	(1564,246,'龙川县','/20/246/','',3,0,3,0,'20030916000520'),
	(1565,246,'源城区','/20/246/','',3,0,2,0,'20030916000521'),
	(1566,246,'紫金县','/20/246/','',3,0,3,0,'20030916000522'),
	(1567,188,'曹县','/16/188/','',3,0,3,0,'20030916000944'),
	(1568,188,'成武县','/16/188/','',3,0,3,0,'20030916000940'),
	(1569,188,'单县','/16/188/','',3,0,3,0,'20030916000941'),
	(1570,188,'定陶县','/16/188/','',3,0,3,0,'20030916000942'),
	(1571,188,'东明县','/16/188/','',3,0,3,0,'20030916000943'),
	(1572,188,'巨野县','/16/188/','',3,0,3,0,'20030916000945'),
	(1573,188,'鄄城县','/16/188/','',3,0,3,0,'20030916000947'),
	(1574,188,'牡丹区','/16/188/','',3,0,3,0,'20030916000939'),
	(1575,188,'郓城县','/16/188/','',3,0,3,0,'20030916000946'),
	(1576,264,'八步区','/21/264/','',3,0,3,0,'20030916001546'),
	(1577,264,'富川瑶族自治县','/21/264/','',3,0,3,0,'20030916001545'),
	(1578,264,'昭平县','/21/264/','',3,0,3,0,'20030916001547'),
	(1579,264,'钟山县','/21/264/','',3,0,3,0,'20030916001548'),
	(1580,194,'鹤山区','/17/194/','',3,0,2,0,'20030916002549'),
	(1581,194,'浚县','/17/194/','',3,0,3,0,'20030916002550'),
	(1582,194,'淇滨区','/17/194/','',3,0,2,0,'20030916002547'),
	(1583,194,'淇县','/17/194/','',3,0,3,0,'20030916002551'),
	(1584,194,'山城区','/17/194/','',3,0,2,0,'20030916002548'),
	(1585,100,'东山区','/9/100/','',3,0,2,0,'20030916000679'),
	(1586,100,'工农区','/9/100/','',3,0,2,0,'20030916000676'),
	(1587,100,'萝北县','/9/100/','',3,0,3,0,'20030916000680'),
	(1588,100,'南山区','/9/100/','',3,0,2,0,'20030916000677'),
	(1589,100,'绥滨县','/9/100/','',3,0,3,0,'20030916000681'),
	(1590,100,'向阳区','/9/100/','',3,0,2,0,'20030916000675'),
	(1591,100,'兴安区','/9/100/','',3,0,2,0,'20030916000678'),
	(1592,100,'兴山区','/9/100/','',3,0,2,0,'20030916000674'),
	(1593,107,'爱辉区','/9/107/','',3,0,2,0,'20030916000642'),
	(1594,107,'北安市','/9/107/','',3,0,2,0,'20030916000643'),
	(1595,107,'嫩江县','/9/107/','',3,0,3,0,'20030916000645'),
	(1596,107,'孙吴县','/9/107/','',3,0,2,0,'20030916000647'),
	(1597,107,'五大连池市','/9/107/','',3,0,2,0,'20030916000644'),
	(1598,107,'逊克县','/9/107/','',3,0,2,0,'20030916000646'),
	(1599,47,'安平县','/4/47/','',3,0,3,0,'20030916001750'),
	(1600,47,'阜城县','/4/47/','',3,0,3,0,'20030916001753'),
	(1601,47,'故城县','/4/47/','',3,0,3,0,'20030916001751'),
	(1602,47,'冀州市','/4/47/','',3,0,3,0,'20030916001744'),
	(1603,47,'景县','/4/47/','',3,0,3,0,'20030916001752'),
	(1604,47,'饶阳县','/4/47/','',3,0,3,0,'20030916001749'),
	(1605,47,'深州市','/4/47/','',3,0,3,0,'20030916001745'),
	(1606,47,'桃城区','/4/47/','',3,0,2,0,'20030916001743'),
	(1607,47,'武强县','/4/47/','',3,0,3,0,'20030916001748'),
	(1608,47,'武邑县','/4/47/','',3,0,3,0,'20030916001747'),
	(1609,47,'枣强县','/4/47/','',3,0,3,0,'20030916001746'),
	(1610,222,'常宁市','/19/222/','',3,0,2,0,'20030916000342'),
	(1611,222,'衡东县','/19/222/','',3,0,3,0,'20030916000347'),
	(1612,222,'衡南县','/19/222/','',3,0,3,0,'20030916000345'),
	(1613,222,'衡山县','/19/222/','',3,0,3,0,'20030916000346'),
	(1614,222,'衡阳县','/19/222/','',3,0,3,0,'20030916000344'),
	(1615,222,'耒阳市','/19/222/','',3,0,2,0,'20030916000343'),
	(1616,222,'南岳区','/19/222/','',3,0,2,0,'3000000137791446'),
	(1617,222,'祁东县','/19/222/','',3,0,3,0,'20030916000348'),
	(1618,222,'石鼓区','/19/222/','',3,0,2,0,'3000000137791222'),
	(1619,222,'雁峰区','/19/222/','',3,0,2,0,'20030916000341'),
	(1620,222,'蒸湘区','/19/222/','',3,0,2,0,'3000000137791311'),
	(1621,222,'珠晖区','/19/222/','',3,0,2,0,'3000000137791122'),
	(1622,311,'个旧市','/26/311/','',3,0,2,0,'20030916001164'),
	(1623,311,'河口瑶族自治县','/26/311/','',3,0,3,0,'20030916001175'),
	(1624,311,'红河县','/26/311/','',3,0,3,0,'20030916001173'),
	(1625,311,'建水县','/26/311/','',3,0,3,0,'20030916001168'),
	(1626,311,'金平苗族瑶族傣族自治县','/26/311/','',3,0,3,0,'20030916001174'),
	(1627,311,'开远市','/26/311/','',3,0,2,0,'20030916001165'),
	(1628,311,'泸西县','/26/311/','',3,0,3,0,'20030916001171'),
	(1629,311,'绿春县','/26/311/','',3,0,3,0,'20030916001167'),
	(1630,311,'蒙自县','/26/311/','',3,0,3,0,'20030916001166'),
	(1631,311,'弥勒县','/26/311/','',3,0,3,0,'20030916001170'),
	(1632,311,'屏边苗族自治县','/26/311/','',3,0,3,0,'20030916001176'),
	(1633,311,'石屏县','/26/311/','',3,0,3,0,'20030916001169'),
	(1634,311,'元阳县','/26/311/','',3,0,3,0,'20030916001172'),
	(1635,62,'和林格尔县','/6/62/','',3,0,3,0,'20030916001449'),
	(1636,62,'回民区','/6/62/','',3,0,1,0,'20030916001443'),
	(1637,62,'清水河县','/6/62/','',3,0,4,0,'20030916001450'),
	(1638,62,'赛罕区','/6/62/','',3,0,1,0,'20030916001446'),
	(1639,62,'土默特左旗','/6/62/','',3,0,3,0,'20030916001451'),
	(1640,62,'托克托县','/6/62/','',3,0,4,0,'20030916001447'),
	(1641,62,'武川县','/6/62/','',3,0,3,0,'20030916001448'),
	(1642,62,'新城区','/6/62/','',3,0,1,0,'20030916001444'),
	(1643,62,'玉泉区','/6/62/','',3,0,1,0,'20030916001445'),
	(1644,68,'阿荣旗','/6/68/','',3,0,5,0,'3000000019007598'),
	(1645,68,'陈巴尔虎旗','/6/68/','',3,0,4,0,'20030916000739'),
	(1646,68,'额尔古纳市','/6/68/','',3,0,5,0,'3000000019007642'),
	(1647,68,'鄂伦春自治旗','/6/68/','',3,0,5,0,'20030916000740'),
	(1648,68,'鄂温克族自治旗','/6/68/','',3,0,4,0,'20030916000741'),
	(1649,68,'根河市','/6/68/','',3,0,5,0,'3000000138111818'),
	(1650,68,'海拉尔区','/6/68/','',3,0,2,0,'3000000019007469'),
	(1651,68,'满洲里市','/6/68/','',3,0,4,0,'3000000019007512'),
	(1652,68,'莫力达瓦达斡尔族自治旗','/6/68/','',3,0,5,0,'20030916000742'),
	(1653,68,'新巴尔虎右旗','/6/68/','',3,0,5,0,'20030916000737'),
	(1654,68,'新巴尔虎左旗','/6/68/','',3,0,4,0,'20030916000738'),
	(1655,68,'牙克石市','/6/68/','',3,0,3,0,'3000000019007551'),
	(1656,68,'扎兰屯市','/6/68/','',3,0,5,0,'3000000019007619'),
	(1662,87,'建昌县','/7/87/','',3,0,3,0,'20030916001047'),
	(1663,87,'连山区','/7/87/','',3,0,2,0,'20030916001043'),
	(1664,87,'龙港区','/7/87/','',3,0,2,0,'20030916001042'),
	(1665,87,'南票区','/7/87/','',3,0,2,0,'20030916001044'),
	(1666,87,'绥中县','/7/87/','',3,0,3,0,'20030916001046'),
	(1667,87,'兴城市','/7/87/','',3,0,2,0,'20030916001045'),
	(1668,230,'辰溪县','/19/230/','',3,0,3,0,'20030916000382'),
	(1669,230,'鹤城区','/19/230/','',3,0,2,0,'20030916000379'),
	(1670,230,'洪江市','/19/230/','',3,0,3,0,'20030916000380'),
	(1671,230,'会同县','/19/230/','',3,0,3,0,'20030916000385'),
	(1672,230,'靖州苗族侗族自治县','/19/230/','',3,0,3,0,'20030916000389'),
	(1673,230,'麻阳苗族自治县','/19/230/','',3,0,3,0,'20030916000386'),
	(1674,230,'通道侗族自治县','/19/230/','',3,0,3,0,'20030916000390'),
	(1675,230,'新晃侗族自治县','/19/230/','',3,0,3,0,'20030916000387'),
	(1676,230,'溆浦县','/19/230/','',3,0,3,0,'20030916000383'),
	(1677,230,'沅陵县','/19/230/','',3,0,3,0,'20030916000381'),
	(1678,230,'芷江侗族自治县','/19/230/','',3,0,3,0,'20030916000388'),
	(1679,230,'中方县','/19/230/','',3,0,3,0,'20030916000384'),
	(1680,118,'楚州区','/11/118/','',3,0,3,0,'20030916002428'),
	(1681,118,'洪泽县','/11/118/','',3,0,3,0,'20030916002430'),
	(1682,118,'淮阴区','/11/118/','',3,0,3,0,'20030916002429'),
	(1683,118,'金湖县','/11/118/','',3,0,3,0,'20030916002432'),
	(1684,118,'涟水县','/11/118/','',3,0,3,0,'20030916002431'),
	(1685,118,'清河区','/11/118/','',3,0,2,0,'3000000137304760'),
	(1686,118,'清浦区','/11/118/','',3,0,2,0,'3000000137304792'),
	(1687,118,'盱眙县','/11/118/','',3,0,3,0,'20030916002433'),
	(1698,215,'红安县','/18/215/','',3,0,3,0,'20030916002062'),
	(1699,215,'黄梅县','/18/215/','',3,0,3,0,'20030916002067'),
	(1700,215,'黄州区','/18/215/','',3,0,2,0,'20030916002059'),
	(1701,215,'罗田县','/18/215/','',3,0,3,0,'20030916002063'),
	(1702,215,'麻城市','/18/215/','',3,0,2,0,'20030916002060'),
	(1703,215,'蕲春县','/18/215/','',3,0,3,0,'20030916002066'),
	(1704,215,'团风县','/18/215/','',3,0,3,0,'20030916002068'),
	(1705,215,'武穴市','/18/215/','',3,0,2,0,'20030916002061'),
	(1706,215,'浠水县','/18/215/','',3,0,3,0,'20030916002065'),
	(1707,215,'英山县','/18/215/','',3,0,3,0,'20030916002064'),
	(1708,352,'河南蒙古族自治县','/30/352/','',3,0,5,0,'20030916002324'),
	(1710,352,'尖扎县','/30/352/','',3,0,5,0,'20030916002322'),
	(1711,352,'同仁县','/30/352/','',3,0,4,0,'20030916002321'),
	(1712,352,'泽库县','/30/352/','',3,0,3,0,'20030916002323'),
	(1720,207,'大冶市','/18/207/','',3,0,2,0,'20030916002076'),
	(1721,207,'黄石港区','/18/207/','',3,0,2,0,'20030916002072'),
	(1722,207,'铁山区','/18/207/','',3,0,2,0,'20030916002075'),
	(1723,207,'西塞山区','/18/207/','',3,0,2,0,'20030916002073'),
	(1724,207,'下陆区','/18/207/','',3,0,2,0,'20030916002074'),
	(1725,207,'阳新县','/18/207/','',3,0,3,0,'20030916002077'),
	(1726,243,'博罗县','/20/243/','',3,0,3,0,'20030916000523'),
	(1727,243,'惠城区','/20/243/','',3,0,2,0,'20030916000524'),
	(1728,243,'惠东县','/20/243/','',3,0,2,0,'20030916000525'),
	(1729,243,'惠阳区','/20/243/','',3,0,2,0,'20030916000526'),
	(1730,243,'龙门县','/20/243/','',3,0,2,0,'20030916000528'),
	(1731,99,'城子河区','/9/99/','',3,0,2,0,'20030916000709'),
	(1732,99,'滴道区','/9/99/','',3,0,2,0,'20030916000707'),
	(1733,99,'恒山区','/9/99/','',3,0,2,0,'20030916000706'),
	(1734,99,'虎林市','/9/99/','',3,0,3,0,'20030916000711'),
	(1735,99,'鸡东县','/9/99/','',3,0,3,0,'20030916000713'),
	(1736,99,'鸡冠区','/9/99/','',3,0,2,0,'20030916000705'),
	(1737,99,'梨树区','/9/99/','',3,0,2,0,'20030916000708'),
	(1738,99,'麻山区','/9/99/','',3,0,2,0,'20030916000710'),
	(1739,99,'密山市','/9/99/','',3,0,3,0,'20030916000712'),
	(1740,168,'安福县','/15/168/','',3,0,3,0,'20030916001344'),
	(1741,168,'吉安县','/15/168/','',3,0,3,0,'3000000023545669'),
	(1742,168,'吉水县','/15/168/','',3,0,3,0,'20030916001371'),
	(1743,168,'吉州区','/15/168/','',3,0,2,0,'20030916001372'),
	(1745,168,'青原区','/15/168/','',3,0,2,0,'3000000137305264'),
	(1746,168,'遂川县','/15/168/','',3,0,3,0,'20030916001405'),
	(1747,168,'泰和县','/15/168/','',3,0,3,0,'20030916001406'),
	(1748,168,'万安县','/15/168/','',3,0,3,0,'20030916001409'),
	(1749,168,'峡江县','/15/168/','',3,0,3,0,'20030916001415'),
	(1750,168,'新干县','/15/168/','',3,0,3,0,'20030916001417'),
	(1751,168,'永丰县','/15/168/','',3,0,3,0,'20030916001429'),
	(1752,168,'永新县','/15/168/','',3,0,3,0,'20030916001430'),
	(1753,89,'昌邑区','/8/89/','',3,0,2,0,'20030916000184'),
	(1754,89,'船营区','/8/89/','',3,0,2,0,'20030916000182'),
	(1755,89,'丰满区','/8/89/','',3,0,2,0,'20030916000185'),
	(1756,89,'桦甸市','/8/89/','',3,0,2,0,'20030916000188'),
	(1757,89,'蛟河市','/8/89/','',3,0,2,0,'20030916000187'),
	(1758,89,'龙潭区','/8/89/','',3,0,2,0,'20030916000183'),
	(1759,89,'磐石市','/8/89/','',3,0,2,0,'20030916000186'),
	(1760,89,'舒兰市','/8/89/','',3,0,2,0,'20030916000189'),
	(1761,89,'永吉县','/8/89/','',3,0,3,0,'20030916000190'),
	(1762,172,'长清区','/16/172/','',3,0,1,0,'20030916000961'),
	(1763,172,'槐荫区','/16/172/','',3,0,1,0,'20030916000962'),
	(1764,172,'济阳县','/16/172/','',3,0,3,0,'20030916000963'),
	(1765,172,'历城区','/16/172/','',3,0,1,0,'20030916000964'),
	(1766,172,'历下区','/16/172/','',3,0,1,0,'20030916000965'),
	(1767,172,'平阴县','/16/172/','',3,0,3,0,'20030916000966'),
	(1768,172,'商河县','/16/172/','',3,0,2,0,'20030916000967'),
	(1769,172,'市中区','/16/172/','',3,0,1,0,'20030916000968'),
	(1770,172,'天桥区','/16/172/','',3,0,1,0,'20030916000969'),
	(1771,172,'章丘市','/16/172/','',3,0,2,0,'20030916000970'),
	(1772,179,'嘉祥县','/16/179/','',3,0,3,0,'20030916000929'),
	(1773,179,'金乡县','/16/179/','',3,0,3,0,'20030916000930'),
	(1774,179,'梁山县','/16/179/','',3,0,3,0,'20030916000931'),
	(1775,179,'曲阜市','/16/179/','',3,0,2,0,'20030916000932'),
	(1776,179,'任城区','/16/179/','',3,0,1,0,'20030916000928'),
	(1777,179,'市中区','/16/179/','',3,0,2,0,'3000000137304221'),
	(1778,179,'泗水县','/16/179/','',3,0,2,0,'20030916000938'),
	(1779,179,'微山县','/16/179/','',3,0,2,0,'20030916000933'),
	(1780,179,'汶上县','/16/179/','',3,0,3,0,'20030916000937'),
	(1781,179,'兖州市','/16/179/','',3,0,2,0,'20030916000936'),
	(1782,179,'鱼台县','/16/179/','',3,0,3,0,'20030916000934'),
	(1783,179,'邹城市','/16/179/','',3,0,2,0,'20030916000935'),
	(1784,193,'济源市','/17/193/','',3,0,2,0,'20030916002649'),
	(1785,104,'东风区','/9/104/','',3,0,2,0,'20030916000685'),
	(1786,104,'抚远县','/9/104/','',3,0,3,0,'20030916000692'),
	(1787,104,'富锦市','/9/104/','',3,0,3,0,'20030916000688'),
	(1788,104,'桦川县','/9/104/','',3,0,2,0,'20030916000690'),
	(1789,104,'桦南县','/9/104/','',3,0,3,0,'20030916000689'),
	(1790,104,'郊区','/9/104/','',3,0,2,0,'20030916000686'),
	(1791,104,'前进区','/9/104/','',3,0,2,0,'20030916000682'),
	(1792,104,'汤原县','/9/104/','',3,0,3,0,'20030916000691'),
	(1793,104,'同江市','/9/104/','',3,0,2,0,'20030916000687'),
	(1794,104,'向阳区','/9/104/','',3,0,2,0,'20030916000684'),
	(1795,104,'永红区','/9/104/','',3,0,3,0,'20030916000683'),
	(1803,336,'嘉峪关市','/29/336/','',3,0,2,0,'20030916001221'),
	(1804,239,'恩平市','/20/239/','',3,0,2,0,'20030916000529'),
	(1805,239,'鹤山市','/20/239/','',3,0,3,0,'20030916000530'),
	(1806,239,'江海区','/20/239/','',3,0,2,0,'20030916000531'),
	(1807,239,'开平市','/20/239/','',3,0,2,0,'20030916000533'),
	(1808,239,'蓬江区','/20/239/','',3,0,2,0,'20030916000534'),
	(1809,239,'台山市','/20/239/','',3,0,2,0,'20030916000535'),
	(1811,193,'博爱县','/17/193/','',3,0,3,0,'20030916002532'),
	(1812,193,'解放区','/17/193/','',3,0,2,0,'20030916002526'),
	(1813,193,'马村区','/17/193/','',3,0,2,0,'20030916002528'),
	(1814,193,'孟州市','/17/193/','',3,0,2,0,'20030916002529'),
	(1815,193,'沁阳市','/17/193/','',3,0,2,0,'20030916002530'),
	(1816,193,'山阳区','/17/193/','',3,0,2,0,'20030916002525'),
	(1817,193,'温县','/17/193/','',3,0,3,0,'20030916002534'),
	(1818,193,'武陟县','/17/193/','',3,0,3,0,'20030916002533'),
	(1819,193,'修武县','/17/193/','',3,0,3,0,'20030916002531'),
	(1820,193,'中站区','/17/193/','',3,0,2,0,'20030916002527'),
	(1821,252,'惠来县','/20/252/','',3,0,3,0,'20030916000537'),
	(1822,252,'揭东县','/20/252/','',3,0,3,0,'20030916000538'),
	(1823,252,'揭西县','/20/252/','',3,0,3,0,'20030916000539'),
	(1824,252,'普宁市','/20/252/','',3,0,2,0,'GDADD00000000004'),
	(1825,252,'榕城区','/20/252/','',3,0,2,0,'20030916000542'),
	(1826,337,'金川区','/29/337/','',3,0,2,0,'20030916001223'),
	(1827,337,'永昌县','/29/337/','',3,0,3,0,'20030916001224'),
	(1837,80,'北宁市','/7/80/','',3,0,4,0,'20030916001039'),
	(1838,80,'古塔区','/7/80/','',3,0,1,0,'20030916001036'),
	(1839,80,'黑山县','/7/80/','',3,0,4,0,'20030916001040'),
	(1840,80,'凌海市','/7/80/','',3,0,4,0,'20030916001038'),
	(1841,80,'凌河区','/7/80/','',3,0,1,0,'20030916001037'),
	(1842,80,'太和区','/7/80/','',3,0,1,0,'20030916001035'),
	(1843,80,'义县','/7/80/','',3,0,4,0,'20030916001041'),
	(1844,52,'城区','/5/52/','',3,0,2,0,'20030916001976'),
	(1845,52,'高平市','/5/52/','',3,0,2,0,'20030916001977'),
	(1846,52,'陵川县','/5/52/','',3,0,3,0,'20030916001981'),
	(1847,52,'沁水县','/5/52/','',3,0,3,0,'20030916001979'),
	(1848,52,'阳城县','/5/52/','',3,0,2,0,'20030916001980'),
	(1849,52,'泽州县','/5/52/','',3,0,3,0,'20030916001978'),
	(1850,54,'和顺县','/5/54/','',3,0,3,0,'20030916002000'),
	(1851,54,'介休市','/5/54/','',3,0,2,0,'20030916001997'),
	(1852,54,'灵石县','/5/54/','',3,0,3,0,'20030916002006'),
	(1853,54,'平遥县','/5/54/','',3,0,3,0,'20030916002005'),
	(1854,54,'祁县','/5/54/','',3,0,3,0,'20030916002004'),
	(1855,54,'寿阳县','/5/54/','',3,0,3,0,'20030916002002'),
	(1856,54,'太谷县','/5/54/','',3,0,3,0,'20030916002003'),
	(1857,54,'昔阳县','/5/54/','',3,0,3,0,'20030916002001'),
	(1858,54,'榆次区','/5/54/','',3,0,2,0,'20030916001996'),
	(1859,54,'榆社县','/5/54/','',3,0,3,0,'20030916001998'),
	(1860,54,'左权县','/5/54/','',3,0,3,0,'20030916001999'),
	(1861,212,'东宝区','/18/212/','',3,0,2,0,'20030916002156'),
	(1862,212,'掇刀区','/18/212/','',3,0,2,0,'20030916002157'),
	(1863,212,'京山县','/18/212/','',3,0,3,0,'20030916002051'),
	(1864,212,'沙洋县','/18/212/','',3,0,3,0,'20030916002159'),
	(1865,212,'钟祥市','/18/212/','',3,0,2,0,'20030916002158'),
	(1866,210,'公安县','/18/210/','',3,0,3,0,'20030916002090'),
	(1867,210,'洪湖市','/18/210/','',3,0,2,0,'20030916002087'),
	(1868,210,'监利县','/18/210/','',3,0,3,0,'20030916002091'),
	(1869,210,'江陵县','/18/210/','',3,0,3,0,'20030916002089'),
	(1870,210,'荆州区','/18/210/','',3,0,2,0,'20030916002085'),
	(1871,210,'沙市区','/18/210/','',3,0,2,0,'20030916002084'),
	(1872,210,'石首市','/18/210/','',3,0,2,0,'20030916002086'),
	(1873,210,'松滋市','/18/210/','',3,0,3,0,'20030916002088'),
	(1874,162,'昌江区','/15/162/','',3,0,2,0,'20030916001349'),
	(1875,162,'浮梁县','/15/162/','',3,0,3,0,'20030916001362'),
	(1876,162,'乐平市','/15/162/','',3,0,2,0,'20030916001379'),
	(1877,162,'珠山区','/15/162/','',3,0,2,0,'20030916001441'),
	(1878,164,'德安县','/15/164/','',3,0,2,0,'20030916001353'),
	(1879,164,'都昌县','/15/164/','',3,0,3,0,'20030916001358'),
	(1880,164,'湖口县','/15/164/','',3,0,3,0,'20030916001369'),
	(1881,164,'九江县','/15/164/','',3,0,3,0,'20030916001377'),
	(1882,164,'庐山区','/15/164/','',3,0,2,0,'20030916001384'),
	(1883,164,'彭泽县','/15/164/','',3,0,3,0,'20030916001392'),
	(1884,164,'瑞昌市','/15/164/','',3,0,2,0,'20030916001399'),
	(1885,164,'武宁县','/15/164/','',3,0,3,0,'20030916001412'),
	(1886,164,'星子县','/15/164/','',3,0,3,0,'20030916001422'),
	(1887,164,'修水县','/15/164/','',3,0,3,0,'20030916001423'),
	(1888,164,'浔阳区','/15/164/','',3,0,2,0,'20030916001425'),
	(1889,164,'永修县','/15/164/','',3,0,3,0,'20030916001431'),
	(1890,343,'阿克塞哈萨克族自治县','/29/343/','',3,0,4,0,'20030916001247'),
	(1891,343,'安西县','/29/343/','',3,0,4,0,'20030916001245'),
	(1892,343,'敦煌市','/29/343/','',3,0,4,0,'20030916001243'),
	(1893,343,'金塔县','/29/343/','',3,0,5,0,'20030916001244'),
	(1894,343,'肃北蒙古族自治县','/29/343/','',3,0,5,0,'20030916001246'),
	(1895,343,'肃州区','/29/343/','',3,0,3,0,'20030916001241'),
	(1896,343,'玉门市','/29/343/','',3,0,2,0,'20030916001242'),
	(1897,368,'巴楚县','/32/368/','',3,0,3,0,'20030916002189'),
	(1898,368,'伽师县','/32/368/','',3,0,3,0,'20030916002188'),
	(1899,368,'喀什市','/32/368/','',3,0,3,0,'20030916002179'),
	(1900,368,'麦盖提县','/32/368/','',3,0,3,0,'20030916002186'),
	(1901,368,'莎车县','/32/368/','',3,0,3,0,'20030916002184'),
	(1902,368,'疏附县','/32/368/','',3,0,3,0,'20030916002180'),
	(1903,368,'疏勒县','/32/368/','',3,0,3,0,'20030916002181'),
	(1904,368,'塔什库尔干塔吉克自治县','/32/368/','',3,0,3,0,'20030916002190'),
	(1905,368,'叶城县','/32/368/','',3,0,3,0,'20030916002185'),
	(1906,368,'英吉沙县','/32/368/','',3,0,3,0,'20030916002182'),
	(1907,368,'岳普湖县','/32/368/','',3,0,3,0,'20030916002187'),
	(1908,368,'泽普县','/32/368/','',3,0,3,0,'20030916002183'),
	(1909,190,'鼓楼区','/17/190/','',3,0,2,0,'20030916002567'),
	(1910,190,'金明区','/17/190/','',3,0,3,0,'20030916002571'),
	(1911,190,'开封县','/17/190/','',3,0,3,0,'20030916002575'),
	(1912,190,'兰考县','/17/190/','',3,0,3,0,'20030916002576'),
	(1913,190,'龙亭区','/17/190/','',3,0,2,0,'20030916002568'),
	(1914,190,'杞县','/17/190/','',3,0,3,0,'20030916002572'),
	(1915,190,'顺河回族区','/17/190/','',3,0,2,0,'20030916002569'),
	(1916,190,'通许县','/17/190/','',3,0,3,0,'20030916002573'),
	(1917,190,'尉氏县','/17/190/','',3,0,3,0,'20030916002574'),
	(1918,190,'禹王台区','/17/190/','',3,0,2,0,'20030916002570'),
	(1919,363,'白碱滩区','/32/363/','',3,0,3,0,'20030916002173'),
	(1920,363,'独山子区','/32/363/','',3,0,3,0,'20030916002172'),
	(1921,363,'克拉玛依区','/32/363/','',3,0,3,0,'20030916002171'),
	(1922,363,'乌尔禾区','/32/363/','',3,0,3,0,'20030916002174'),
	(1923,369,'阿合奇县','/32/369/','',3,0,3,0,'20030916002215'),
	(1924,369,'阿克陶县','/32/369/','',3,0,3,0,'20030916002214'),
	(1925,369,'阿图什市','/32/369/','',3,0,3,0,'20030916002213'),
	(1926,369,'乌恰县','/32/369/','',3,0,3,0,'20030916002216'),
	(1927,302,'安宁市','/26/302/','',3,0,3,0,'20030916001066'),
	(1928,302,'呈贡县','/26/302/','',3,0,3,0,'20030916001067'),
	(1929,302,'东川区','/26/302/','',3,0,1,0,'20030916001065'),
	(1930,302,'富民县','/26/302/','',3,0,3,0,'20030916001069'),
	(1931,302,'官渡区','/26/302/','',3,0,1,0,'20030916001063'),
	(1932,302,'晋宁县','/26/302/','',3,0,3,0,'20030916001068'),
	(1933,302,'禄劝彝族苗族自治县','/26/302/','',3,0,3,0,'20030916001073'),
	(1934,302,'盘龙区','/26/302/','',3,0,1,0,'20030916001061'),
	(1935,302,'石林彝族自治县','/26/302/','',3,0,3,0,'20030916001072'),
	(1936,302,'嵩明县','/26/302/','',3,0,3,0,'20030916001071'),
	(1937,302,'五华区','/26/302/','',3,0,1,0,'20030916001062'),
	(1938,302,'西山区','/26/302/','',3,0,1,0,'20030916001064'),
	(1939,302,'寻甸回族彝族自治县','/26/302/','',3,0,3,0,'20030916001074'),
	(1940,302,'宜良县','/26/302/','',3,0,3,0,'20030916001070'),
	(1941,318,'城关区','/27/318/','',3,0,1,0,'20030916002343'),
	(1942,318,'达孜县','/27/318/','',3,0,6,0,'20030916002349'),
	(1943,318,'当雄县','/27/318/','',3,0,6,0,'20030916002345'),
	(1944,318,'堆龙德庆县','/27/318/','',3,0,6,0,'20030916002348'),
	(1945,318,'林周县','/27/318/','',3,0,6,0,'20030916002344'),
	(1946,318,'墨竹工卡县','/27/318/','',3,0,6,0,'20030916002350'),
	(1947,318,'尼木县','/27/318/','',3,0,6,0,'20030916002346'),
	(1948,318,'曲水县','/27/318/','',3,0,6,0,'20030916002347'),
	(1949,266,'合山市','/21/266/','',3,0,3,0,'20030916001533'),
	(1950,266,'金秀瑶族自治县','/21/266/','',3,0,3,0,'20030916001549'),
	(1951,266,'武宣县','/21/266/','',3,0,3,0,'20030916001557'),
	(1952,266,'象州县','/21/266/','',3,0,3,0,'20030916001558'),
	(1953,266,'忻城县','/21/266/','',3,0,3,0,'20030916001559'),
	(1954,266,'兴宾区','/21/266/','',3,0,3,0,'20030916001550'),
	(1955,183,'钢城区','/16/183/','',3,0,2,0,'20030916001007'),
	(1956,183,'莱城区','/16/183/','',3,0,2,0,'20030916001008'),
	(1957,335,'安宁区','/29/335/','',3,0,1,0,'20030916001216'),
	(1958,335,'城关区','/29/335/','',3,0,1,0,'20030916001213'),
	(1959,335,'皋兰县','/29/335/','',3,0,3,0,'20030916001219'),
	(1960,335,'红古区','/29/335/','',3,0,1,0,'20030916001217'),
	(1961,335,'七里河区','/29/335/','',3,0,1,0,'20030916001214'),
	(1962,335,'西固区','/29/335/','',3,0,1,0,'20030916001215'),
	(1963,335,'永登县','/29/335/','',3,0,3,0,'20030916001218'),
	(1964,335,'榆中县','/29/335/','',3,0,3,0,'20030916001220'),
	(1965,46,'安次区','/4/46/','',3,0,2,0,'20030916001871'),
	(1966,46,'霸州市','/4/46/','',3,0,3,0,'20030916001873'),
	(1967,46,'大厂回族自治县','/4/46/','',3,0,3,0,'20030916001880'),
	(1968,46,'大城县','/4/46/','',3,0,3,0,'20030916001878'),
	(1969,46,'固安县','/4/46/','',3,0,3,0,'20030916001875'),
	(1970,46,'广阳区','/4/46/','',3,0,2,0,'20030916001872'),
	(1971,46,'三河市','/4/46/','',3,0,3,0,'20030916001881'),
	(1972,46,'文安县','/4/46/','',3,0,3,0,'20030916001879'),
	(1973,46,'香河县','/4/46/','',3,0,3,0,'20030916001877'),
	(1974,46,'永清县','/4/46/','',3,0,3,0,'20030916001876'),
	(1975,281,'峨边彝族自治县','/24/281/','',3,0,5,0,'20030916000095'),
	(1976,281,'峨眉山市','/24/281/','',3,0,3,0,'20030916000090'),
	(1977,281,'夹江县','/24/281/','',3,0,4,0,'20030916000093'),
	(1978,281,'犍为县','/24/281/','',3,0,4,0,'20030916000091'),
	(1979,281,'金口河区','/24/281/','',3,0,4,0,'20030916000089'),
	(1980,281,'井研县','/24/281/','',3,0,4,0,'20030916000092'),
	(1981,281,'马边彝族自治县','/24/281/','',3,0,4,0,'20030916000096'),
	(1982,281,'沐川县','/24/281/','',3,0,4,0,'20030916000094'),
	(1983,281,'沙湾区','/24/281/','',3,0,3,0,'20030916000087'),
	(1984,281,'市中区','/24/281/','',3,0,2,0,'20030916000086'),
	(1985,281,'五通桥区','/24/281/','',3,0,3,0,'20030916000088'),
	(1986,307,'古城区','/26/307/','',3,0,2,0,'20030916001107'),
	(1987,307,'华坪县','/26/307/','',3,0,3,0,'20030916001109'),
	(1988,307,'宁蒗彝族自治县','/26/307/','',3,0,3,0,'20030916001111'),
	(1989,307,'永胜县','/26/307/','',3,0,3,0,'20030916001108'),
	(1990,307,'玉龙纳西族自治县','/26/307/','',3,0,3,0,'20030916001110'),
	(2000,117,'东海县','/11/117/','',3,0,3,0,'20030916002427'),
	(2001,117,'赣榆县','/11/117/','',3,0,3,0,'20030916002426'),
	(2002,117,'灌南县','/11/117/','',3,0,3,0,'20030916002425'),
	(2003,117,'灌云县','/11/117/','',3,0,3,0,'20030916002424'),
	(2004,117,'海州区','/11/117/','',3,0,2,0,'20030916002423'),
	(2005,117,'连云区','/11/117/','',3,0,2,0,'3000000137305044'),
	(2006,117,'新浦区','/11/117/','',3,0,2,0,'3000000137304989'),
	(2007,292,'布拖县','/24/292/','',3,0,3,0,'20030916001194'),
	(2008,292,'德昌县','/24/292/','',3,0,3,0,'20030916001191'),
	(2009,292,'甘洛县','/24/292/','',3,0,3,0,'20030916001200'),
	(2010,292,'会东县','/24/292/','',3,0,3,0,'20030916001211'),
	(2011,292,'会理县','/24/292/','',3,0,2,0,'20030916001210'),
	(2012,292,'金阳县','/24/292/','',3,0,3,0,'20030916001195'),
	(2013,292,'雷波县','/24/292/','',3,0,3,0,'20030916001202'),
	(2014,292,'美姑县','/24/292/','',3,0,3,0,'20030916001201'),
	(2015,292,'冕宁县','/24/292/','',3,0,3,0,'20030916001198'),
	(2016,292,'木里藏族自治县','/24/292/','',3,0,3,0,'20030916001203'),
	(2017,292,'宁南县','/24/292/','',3,0,3,0,'20030916001192'),
	(2018,292,'普格县','/24/292/','',3,0,3,0,'20030916001193'),
	(2019,292,'西昌市','/24/292/','',3,0,3,0,'20030916001189'),
	(2020,292,'喜德县','/24/292/','',3,0,3,0,'20030916001197'),
	(2021,292,'盐源县','/24/292/','',3,0,3,0,'20030916001190'),
	(2022,292,'越西县','/24/292/','',3,0,3,0,'20030916001199'),
	(2023,292,'昭觉县','/24/292/','',3,0,3,0,'20030916001196'),
	(2024,83,'白塔区','/7/83/','',3,0,2,0,'20030916001825'),
	(2025,83,'灯塔市','/7/83/','',3,0,2,0,'20030916001831'),
	(2026,83,'弓长岭区','/7/83/','',3,0,2,0,'20030916001827'),
	(2027,83,'宏伟区','/7/83/','',3,0,2,0,'20030916001830'),
	(2028,83,'辽阳县','/7/83/','',3,0,3,0,'20030916001829'),
	(2029,83,'太子河区','/7/83/','',3,0,2,0,'20030916001828'),
	(2030,83,'文圣区','/7/83/','',3,0,2,0,'20030916001826'),
	(2031,91,'东丰县','/8/91/','',3,0,3,0,'20030916000199'),
	(2032,91,'东辽县','/8/91/','',3,0,3,0,'20030916000200'),
	(2033,91,'龙山区','/8/91/','',3,0,2,0,'20030916000197'),
	(2034,91,'西安区','/8/91/','',3,0,2,0,'20030916000198'),
	(2035,186,'茌平县','/16/186/','',3,0,3,0,'20030916001009'),
	(2036,186,'东阿县','/16/186/','',3,0,3,0,'20030916001010'),
	(2037,186,'东昌府区','/16/186/','',3,0,3,0,'20030916001013'),
	(2038,186,'高唐县','/16/186/','',3,0,2,0,'20030916001011'),
	(2039,186,'冠县','/16/186/','',3,0,3,0,'20030916001012'),
	(2040,186,'临清市','/16/186/','',3,0,3,0,'20030916001014'),
	(2041,186,'莘县','/16/186/','',3,0,3,0,'20030916001015'),
	(2042,186,'阳谷县','/16/186/','',3,0,3,0,'20030916001016'),
	(2043,324,'波密县','/27/324/','',3,0,6,0,'20030916002376'),
	(2044,324,'察隅县','/27/324/','',3,0,6,0,'20030916002377'),
	(2045,324,'工布江达县','/27/324/','',3,0,6,0,'20030916002373'),
	(2046,324,'朗县','/27/324/','',3,0,6,0,'20030916002378'),
	(2048,324,'米林县','/27/324/','',3,0,6,0,'20030916002374'),
	(2049,324,'墨脱县','/27/324/','',3,0,6,0,'20030916002375'),
	(2050,309,'沧源佤族自治县','/26/309/','',3,0,3,0,'20030916001129'),
	(2051,309,'凤庆县','/26/309/','',3,0,3,0,'20030916001123'),
	(2052,309,'耿马傣族佤族自治县','/26/309/','',3,0,3,0,'20030916001128'),
	(2053,309,'临翔区','/26/309/','',3,0,2,0,'20030916001122'),
	(2054,309,'双江拉祜族佤族布朗族傣族自治县','/26/309/','',3,0,3,0,'20030916001127'),
	(2055,309,'永德县','/26/309/','',3,0,3,0,'20030916001125'),
	(2056,309,'云县','/26/309/','',3,0,3,0,'20030916001124'),
	(2057,309,'镇康县','/26/309/','',3,0,3,0,'20030916001126'),
	(2058,57,'安泽县','/5/57/','',3,0,3,0,'20030916002015'),
	(2059,57,'大宁县','/5/57/','',3,0,3,0,'20030916002020'),
	(2060,57,'汾西县','/5/57/','',3,0,3,0,'20030916002023'),
	(2061,57,'浮山县','/5/57/','',3,0,3,0,'20030916002016'),
	(2062,57,'古县','/5/57/','',3,0,3,0,'20030916002014'),
	(2063,57,'洪洞县','/5/57/','',3,0,3,0,'20030916002013'),
	(2064,57,'侯马市','/5/57/','',3,0,2,0,'20030916002008'),
	(2065,57,'霍州市','/5/57/','',3,0,2,0,'20030916002009'),
	(2066,57,'吉县','/5/57/','',3,0,3,0,'20030916002017'),
	(2067,57,'蒲县','/5/57/','',3,0,3,0,'20030916002019'),
	(2068,57,'曲沃县','/5/57/','',3,0,3,0,'20030916002010'),
	(2069,57,'隰县','/5/57/','',3,0,3,0,'20030916002022'),
	(2070,57,'乡宁县','/5/57/','',3,0,3,0,'20030916002018'),
	(2071,57,'襄汾县','/5/57/','',3,0,3,0,'20030916002012'),
	(2072,57,'尧都区','/5/57/','',3,0,2,0,'20030916002007'),
	(2073,57,'翼城县','/5/57/','',3,0,3,0,'20030916002011'),
	(2074,57,'永和县','/5/57/','',3,0,3,0,'20030916002021'),
	(2075,347,'东乡族自治县','/29/347/','',3,0,4,0,'20030916001283'),
	(2076,347,'广河县','/29/347/','',3,0,4,0,'20030916001281'),
	(2077,347,'和政县','/29/347/','',3,0,4,0,'20030916001282'),
	(2078,347,'积石山保安族东乡族撒拉族自治县','/29/347/','',3,0,4,0,'20030916001284'),
	(2079,347,'康乐县','/29/347/','',3,0,4,0,'20030916001279'),
	(2080,347,'临夏市','/29/347/','',3,0,2,0,'20030916001277'),
	(2081,347,'临夏县','/29/347/','',3,0,4,0,'20030916001278'),
	(2082,347,'永靖县','/29/347/','',3,0,4,0,'20030916001280'),
	(2083,184,'苍山县','/16/184/','',3,0,3,0,'20030916000953'),
	(2084,184,'费县','/16/184/','',3,0,3,0,'20030916000952'),
	(2085,184,'河东区','/16/184/','',3,0,2,0,'20030916000951'),
	(2086,184,'莒南县','/16/184/','',3,0,3,0,'20030916000960'),
	(2087,184,'兰山区','/16/184/','',3,0,2,0,'3000000137304459'),
	(2088,184,'临沭县','/16/184/','',3,0,3,0,'20030916000954'),
	(2089,184,'罗庄区','/16/184/','',3,0,2,0,'3000000137304519'),
	(2090,184,'蒙阴县','/16/184/','',3,0,3,0,'20030916000955'),
	(2091,184,'平邑县','/16/184/','',3,0,3,0,'20030916000956'),
	(2092,184,'郯城县','/16/184/','',3,0,3,0,'20030916000959'),
	(2093,184,'沂南县','/16/184/','',3,0,3,0,'20030916000957'),
	(2094,184,'沂水县','/16/184/','',3,0,3,0,'20030916000958'),
	(2095,255,'城中区','/21/255/','',3,0,2,0,'20030916001553'),
	(2096,255,'柳北区','/21/255/','',3,0,2,0,'3000000137784431'),
	(2097,255,'柳城县','/21/255/','',3,0,3,0,'20030916001551'),
	(2098,255,'柳江县','/21/255/','',3,0,3,0,'20030916001552'),
	(2099,255,'柳南区','/21/255/','',3,0,2,0,'3000000137784319'),
	(2100,255,'鹿寨县','/21/255/','',3,0,3,0,'20030916001554'),
	(2101,255,'融安县','/21/255/','',3,0,3,0,'20030916001573'),
	(2102,255,'融水苗族自治县','/21/255/','',3,0,3,0,'20030916001555'),
	(2103,255,'三江侗族自治县','/21/255/','',3,0,3,0,'20030916001556'),
	(2104,255,'鱼峰区','/21/255/','',3,0,2,0,'3000000137784179'),
	(2112,294,'六枝特区','/25/294/','',3,0,3,0,'20030916000416'),
	(2113,294,'盘县','/25/294/','',3,0,3,0,'20030916000415'),
	(2114,294,'水城县（滥坝镇）','/25/294/','',3,0,3,0,'20030916000417'),
	(2115,294,'钟山区','/25/294/','',3,0,2,0,'20030916000414'),
	(2116,159,'长汀县','/14/159/','',3,0,3,0,'20030916002293'),
	(2117,159,'连城县','/14/159/','',3,0,3,0,'20030916002295'),
	(2118,159,'上杭县','/14/159/','',3,0,3,0,'20030916002297'),
	(2119,159,'武平县','/14/159/','',3,0,3,0,'20030916002296'),
	(2120,159,'新罗区','/14/159/','',3,0,2,0,'20030916002292'),
	(2121,159,'永定县','/14/159/','',3,0,3,0,'20030916002298'),
	(2122,159,'漳平市','/14/159/','',3,0,2,0,'20030916002294'),
	(2123,346,'成县','/29/346/','',3,0,4,0,'20030916001269'),
	(2124,346,'宕昌县','/29/346/','',3,0,4,0,'20030916001271'),
	(2125,346,'徽县','/29/346/','',3,0,4,0,'20030916001276'),
	(2126,346,'康县','/29/346/','',3,0,4,0,'20030916001272'),
	(2127,346,'礼县','/29/346/','',3,0,4,0,'20030916001274'),
	(2128,346,'两当县','/29/346/','',3,0,4,0,'20030916001275'),
	(2129,346,'文县','/29/346/','',3,0,4,0,'3000000007581225'),
	(2130,346,'武都区','/29/346/','',3,0,3,0,'20030916001270'),
	(2131,346,'西和县','/29/346/','',3,0,3,0,'20030916001273'),
	(2132,231,'冷水江市','/19/231/','',3,0,2,0,'20030916000392'),
	(2133,231,'涟源市','/19/231/','',3,0,2,0,'20030916000393'),
	(2134,231,'娄星区','/19/231/','',3,0,2,0,'20030916000391'),
	(2135,231,'双峰县','/19/231/','',3,0,3,0,'20030916000394'),
	(2136,231,'新化县','/19/231/','',3,0,3,0,'20030916000395'),
	(2137,275,'古蔺县','/24/275/','',3,0,3,0,'20030916000297'),
	(2138,275,'合江县','/24/275/','',3,0,3,0,'20030916000294'),
	(2139,275,'江阳区','/24/275/','',3,0,2,0,'20030916000292'),
	(2140,275,'龙马潭区','/24/275/','',3,0,2,0,'20030916000291'),
	(2141,275,'泸县','/24/275/','',3,0,3,0,'20030916000293'),
	(2142,275,'纳溪区','/24/275/','',3,0,2,0,'20030916000295'),
	(2143,275,'叙永县','/24/275/','',3,0,3,0,'20030916000296'),
	(2144,58,'方山县','/5/58/','',3,0,3,0,'20030916001925'),
	(2145,58,'汾阳市','/5/58/','',3,0,2,0,'20030916001920'),
	(2146,58,'交城县','/5/58/','',3,0,3,0,'20030916001929'),
	(2147,58,'交口县','/5/58/','',3,0,3,0,'20030916001928'),
	(2148,58,'岚县','/5/58/','',3,0,3,0,'20030916001927'),
	(2149,58,'离石区','/5/58/','',3,0,2,0,'20030916001918'),
	(2150,58,'临县','/5/58/','',3,0,2,0,'20030916001924'),
	(2151,58,'柳林县','/5/58/','',3,0,3,0,'20030916001926'),
	(2152,58,'石楼县','/5/58/','',3,0,3,0,'20030916001930'),
	(2153,58,'文水县','/5/58/','',3,0,3,0,'20030916001921'),
	(2154,58,'孝义市','/5/58/','',3,0,2,0,'20030916001919'),
	(2155,58,'兴县','/5/58/','',3,0,3,0,'20030916001923'),
	(2156,58,'中阳县','/5/58/','',3,0,3,0,'20030916001922'),
	(2157,191,'瀍河回族区','/17/191/','',3,0,2,0,'20030916002512'),
	(2158,191,'吉利区','/17/191/','',3,0,2,0,'20030916002514'),
	(2159,191,'涧西区','/17/191/','',3,0,2,0,'20030916002513'),
	(2160,191,'老城区','/17/191/','',3,0,2,0,'20030916002511'),
	(2161,191,'栾川县','/17/191/','',3,0,3,0,'20030916002519'),
	(2162,191,'洛龙区','/17/191/','',3,0,2,0,'20030916002515'),
	(2163,191,'洛宁县','/17/191/','',3,0,3,0,'20030916002523'),
	(2164,191,'孟津县','/17/191/','',3,0,3,0,'20030916002517'),
	(2165,191,'汝阳县','/17/191/','',3,0,3,0,'20030916002521'),
	(2166,191,'嵩县','/17/191/','',3,0,3,0,'20030916002520'),
	(2167,191,'西工区','/17/191/','',3,0,2,0,'20030916002510'),
	(2168,191,'新安县','/17/191/','',3,0,3,0,'20030916002518'),
	(2169,191,'偃师市','/17/191/','',3,0,3,0,'20030916002516'),
	(2170,191,'伊川县','/17/191/','',3,0,3,0,'20030916002524'),
	(2171,191,'宜阳县','/17/191/','',3,0,3,0,'20030916002522'),
	(2172,199,'临颍县','/17/199/','',3,0,3,0,'20030916002594'),
	(2173,199,'舞阳县','/17/199/','',3,0,3,0,'20030916002593'),
	(2174,199,'郾城区','/17/199/','',3,0,2,0,'20030916002595'),
	(2175,199,'源汇区','/17/199/','',3,0,2,0,'20030916002592'),
	(2176,199,'召陵区','/17/199/','',3,0,2,0,'3000000138112236'),
	(2181,241,'电白县','/20/241/','',3,0,3,0,'20030916000878'),
	(2182,241,'高州市','/20/241/','',3,0,2,0,'20030916000877'),
	(2183,241,'化州市','/20/241/','',3,0,2,0,'20030916000875'),
	(2184,241,'茂港区','/20/241/','',3,0,2,0,'3000000138871726'),
	(2185,241,'茂南区','/20/241/','',3,0,2,0,'3000000138871649'),
	(2186,241,'信宜市','/20/241/','',3,0,2,0,'20030916000876'),
	(2187,286,'丹棱县','/24/286/','',3,0,3,0,'20030916000119'),
	(2188,286,'东坡区','/24/286/','',3,0,2,0,'20030916000115'),
	(2189,286,'洪雅县','/24/286/','',3,0,3,0,'20030916000118'),
	(2190,286,'彭山县','/24/286/','',3,0,3,0,'20030916000117'),
	(2191,286,'青神县','/24/286/','',3,0,3,0,'20030916000120'),
	(2192,286,'仁寿县','/24/286/','',3,0,3,0,'20030916000116'),
	(2193,244,'大埔县','/20/244/','',3,0,3,0,'20030916000543'),
	(2194,244,'丰顺县','/20/244/','',3,0,3,0,'20030916000544'),
	(2195,244,'蕉岭县','/20/244/','',3,0,3,0,'20030916000545'),
	(2196,244,'梅江区','/20/244/','',3,0,2,0,'20030916000546'),
	(2197,244,'梅县','/20/244/','',3,0,3,0,'20030916000547'),
	(2198,244,'平远县','/20/244/','',3,0,3,0,'20030916000549'),
	(2199,244,'五华县','/20/244/','',3,0,3,0,'20030916000550'),
	(2200,244,'兴宁市','/20/244/','',3,0,2,0,'20030916000551'),
	(2201,277,'安县','/24/277/','',3,0,3,0,'20030916000053'),
	(2202,277,'北川羌族自治县','/24/277/','',3,0,3,0,'20030916000055'),
	(2203,277,'涪城区','/24/277/','',3,0,2,0,'20030916000048'),
	(2204,277,'江油市','/24/277/','',3,0,2,0,'20030916000050'),
	(2205,277,'平武县','/24/277/','',3,0,3,0,'20030916000056'),
	(2206,277,'三台县','/24/277/','',3,0,3,0,'20030916000051'),
	(2207,277,'盐亭县','/24/277/','',3,0,3,0,'20030916000052'),
	(2208,277,'游仙区','/24/277/','',3,0,2,0,'20030916000049'),
	(2209,277,'梓潼县','/24/277/','',3,0,3,0,'20030916000054'),
	(2210,106,'爱民区','/9/106/','',3,0,2,0,'20030916000714'),
	(2211,106,'东安区','/9/106/','',3,0,2,0,'20030916000715'),
	(2212,106,'东宁县','/9/106/','',3,0,3,0,'20030916000722'),
	(2213,106,'海林市','/9/106/','',3,0,3,0,'20030916000720'),
	(2214,106,'林口县','/9/106/','',3,0,3,0,'20030916000723'),
	(2215,106,'穆棱市','/9/106/','',3,0,3,0,'20030916000718'),
	(2216,106,'宁安市','/9/106/','',3,0,3,0,'20030916000721'),
	(2217,106,'绥芬河市','/9/106/','',3,0,3,0,'20030916000719'),
	(2218,106,'西安区','/9/106/','',3,0,2,0,'20030916000717'),
	(2219,106,'阳明区','/9/106/','',3,0,2,0,'20030916000716'),
	(2220,280,'东兴区','/24/280/','',3,0,2,0,'20030916000081'),
	(2221,280,'隆昌县','/24/280/','',3,0,3,0,'20030916000084'),
	(2222,280,'市中区','/24/280/','',3,0,2,0,'20030916000080'),
	(2223,280,'威远县','/24/280/','',3,0,3,0,'20030916000082'),
	(2224,280,'资中县','/24/280/','',3,0,3,0,'20030916000083'),
	(2225,322,'安多县','/27/322/','',3,0,6,0,'20030916002355'),
	(2226,322,'巴青县','/27/322/','',3,0,6,0,'20030916002359'),
	(2227,322,'班戈县','/27/322/','',3,0,6,0,'20030916002358'),
	(2228,322,'比如县','/27/322/','',3,0,6,0,'20030916002353'),
	(2229,322,'嘉黎县','/27/322/','',3,0,6,0,'20030916002352'),
	(2230,322,'那曲县','/27/322/','',3,0,6,0,'20030916002351'),
	(2231,322,'尼玛县','/27/322/','',3,0,6,0,'20030916002360'),
	(2232,322,'聂荣县','/27/322/','',3,0,6,0,'20030916002354'),
	(2233,322,'申扎县','/27/322/','',3,0,6,0,'20030916002356'),
	(2234,322,'索县','/27/322/','',3,0,6,0,'20030916002357'),
	(2235,161,'安义县','/15/161/','',3,0,3,0,'20030916001345'),
	(2236,161,'东湖区','/15/161/','',3,0,1,0,'20030916001356'),
	(2237,161,'进贤县','/15/161/','',3,0,3,0,'20030916001374'),
	(2238,161,'南昌县','/15/161/','',3,0,3,0,'20030916001386'),
	(2239,161,'青山湖区','/15/161/','',3,0,1,0,'20030916001394'),
	(2240,161,'青云谱区','/15/161/','',3,0,1,0,'20030916001396'),
	(2241,161,'湾里区','/15/161/','',3,0,1,0,'20030916001408'),
	(2242,161,'西湖区','/15/161/','',3,0,1,0,'20030916001414'),
	(2243,161,'新建县','/15/161/','',3,0,3,0,'20030916001418'),
	(2244,282,'高坪区','/24/282/','',3,0,2,0,'20030916000066'),
	(2245,282,'嘉陵区','/24/282/','',3,0,3,0,'20030916000067'),
	(2246,282,'阆中市','/24/282/','',3,0,2,0,'20030916000068'),
	(2247,282,'南部县','/24/282/','',3,0,3,0,'20030916000069'),
	(2248,282,'蓬安县','/24/282/','',3,0,3,0,'20030916000071'),
	(2249,282,'顺庆区','/24/282/','',3,0,2,0,'20030916000065'),
	(2250,282,'西充县','/24/282/','',3,0,3,0,'20030916000073'),
	(2251,282,'仪陇县','/24/282/','',3,0,3,0,'20030916000072'),
	(2252,282,'营山县','/24/282/','',3,0,3,0,'20030916000070'),
	(2253,111,'白下区','/11/111/','',3,0,1,0,'20030916002783'),
	(2254,111,'高淳县','/11/111/','',3,0,3,0,'20030916002794'),
	(2255,111,'鼓楼区','/11/111/','',3,0,1,0,'20030916002786'),
	(2256,111,'建邺区','/11/111/','',3,0,1,0,'20030916002785'),
	(2257,111,'江宁区','/11/111/','',3,0,1,0,'20030916002792'),
	(2258,111,'溧水县','/11/111/','',3,0,3,0,'20030916002793'),
	(2259,111,'六合区','/11/111/','',3,0,1,0,'20030916002789'),
	(2260,111,'浦口区','/11/111/','',3,0,1,0,'20030916002788'),
	(2261,111,'栖霞区','/11/111/','',3,0,1,0,'20030916002790'),
	(2262,111,'秦淮区','/11/111/','',3,0,1,0,'20030916002784'),
	(2263,111,'下关区','/11/111/','',3,0,1,0,'20030916002787'),
	(2264,111,'玄武区','/11/111/','',3,0,1,0,'20030916002782'),
	(2265,111,'雨花台区','/11/111/','',3,0,1,0,'20030916002791'),
	(2266,254,'宾阳县','/21/254/','',3,0,3,0,'20030916001565'),
	(2267,254,'横县','/21/254/','',3,0,3,0,'20030916001569'),
	(2268,254,'江南区','/21/254/','',3,0,1,0,'20030916001561'),
	(2269,254,'良庆区','/21/254/','',3,0,1,0,'20030916001564'),
	(2270,254,'隆安县','/21/254/','',3,0,3,0,'20030916001570'),
	(2271,254,'马山县','/21/254/','',3,0,3,0,'20030916001571'),
	(2272,254,'青秀区','/21/254/','',3,0,1,0,'20030916001562'),
	(2273,254,'上林县','/21/254/','',3,0,3,0,'20030916001574'),
	(2274,254,'武鸣县','/21/254/','',3,0,3,0,'20030916001576'),
	(2275,254,'西乡塘区','/21/254/','',3,0,1,0,'20030916001560'),
	(2276,254,'兴宁区','/21/254/','',3,0,1,0,'20030916001563'),
	(2277,254,'邕宁区','/21/254/','',3,0,1,0,'20030916001577'),
	(2278,158,'光泽县','/14/158/','',3,0,3,0,'20030916001673'),
	(2279,158,'建瓯市','/14/158/','',3,0,2,0,'20030916001672'),
	(2280,158,'建阳市','/14/158/','',3,0,2,0,'20030916001668'),
	(2281,158,'浦城县','/14/158/','',3,0,3,0,'20030916001667'),
	(2282,158,'邵武市','/14/158/','',3,0,2,0,'20030916001666'),
	(2283,158,'顺昌县','/14/158/','',3,0,3,0,'20030916001670'),
	(2284,158,'松溪县','/14/158/','',3,0,3,0,'20030916001674'),
	(2285,158,'武夷山市','/14/158/','',3,0,2,0,'20030916001669'),
	(2286,158,'延平区','/14/158/','',3,0,2,0,'20030916001665'),
	(2287,158,'政和县','/14/158/','',3,0,3,0,'20030916001671'),
	(2288,116,'崇川区','/11/116/','',3,0,2,0,'20030916002129'),
	(2289,116,'港闸区','/11/116/','',3,0,2,0,'3000000137083425'),
	(2290,116,'海安县','/11/116/','',3,0,3,0,'20030916002135'),
	(2291,116,'海门市','/11/116/','',3,0,3,0,'20030916002130'),
	(2292,116,'启东市','/11/116/','',3,0,3,0,'20030916002131'),
	(2293,116,'如东县','/11/116/','',3,0,3,0,'20030916002133'),
	(2294,116,'如皋市','/11/116/','',3,0,3,0,'20030916002134'),
	(2295,116,'通州市','/11/116/','',3,0,3,0,'20030916002132'),
	(2296,201,'邓州市','/17/201/','',3,0,2,0,'20030916002608'),
	(2297,201,'方城县','/17/201/','',3,0,3,0,'20030916002610'),
	(2298,201,'内乡县','/17/201/','',3,0,3,0,'20030916002613'),
	(2299,201,'南召县','/17/201/','',3,0,3,0,'20030916002609'),
	(2300,201,'社旗县','/17/201/','',3,0,3,0,'20030916002615'),
	(2301,201,'唐河县','/17/201/','',3,0,3,0,'20030916002616'),
	(2302,201,'桐柏县','/17/201/','',3,0,3,0,'20030916002618'),
	(2303,201,'宛城区','/17/201/','',3,0,2,0,'20030916002607'),
	(2304,201,'卧龙区','/17/201/','',3,0,2,0,'20030916002606'),
	(2305,201,'西峡县','/17/201/','',3,0,3,0,'20030916002611'),
	(2306,201,'淅川县','/17/201/','',3,0,2,0,'20030916002614'),
	(2307,201,'新野县','/17/201/','',3,0,3,0,'20030916002617'),
	(2308,201,'镇平县','/17/201/','',3,0,2,0,'20030916002612'),
	(2320,160,'福安市','/14/160/','',3,0,2,0,'20030916001647'),
	(2321,160,'福鼎市','/14/160/','',3,0,2,0,'20030916001642'),
	(2322,160,'古田县','/14/160/','',3,0,3,0,'20030916001640'),
	(2323,160,'蕉城区','/14/160/','',3,0,2,0,'20030916001639'),
	(2324,160,'屏南县','/14/160/','',3,0,3,0,'20030916001646'),
	(2325,160,'寿宁县','/14/160/','',3,0,3,0,'20030916001645'),
	(2326,160,'霞浦县','/14/160/','',3,0,2,0,'20030916001641'),
	(2327,160,'柘荣县','/14/160/','',3,0,3,0,'20030916001643'),
	(2328,160,'周宁县','/14/160/','',3,0,3,0,'20030916001644'),
	(2329,316,'福贡县','/26/316/','',3,0,3,0,'20030916001136'),
	(2330,316,'贡山独龙族怒族自治县','/26/316/','',3,0,3,0,'20030916001137'),
	(2331,316,'兰坪白族普米族自治县','/26/316/','',3,0,3,0,'20030916001138'),
	(2332,316,'泸水县','/26/316/','',3,0,3,0,'20030916001135'),
	(2333,274,'东区','/24/274/','',3,0,2,0,'20030916001204'),
	(2334,274,'米易县','/24/274/','',3,0,3,0,'20030916001208'),
	(2335,274,'仁和区','/24/274/','',3,0,2,0,'20030916001207'),
	(2336,274,'西区','/24/274/','',3,0,2,0,'20030916001206'),
	(2337,274,'盐边县','/24/274/','',3,0,3,0,'20030916001209'),
	(2338,84,'大洼县','/7/84/','',3,0,3,0,'20030916001033'),
	(2339,84,'盘山县','/7/84/','',3,0,3,0,'20030916001034'),
	(2340,84,'双台子区','/7/84/','',3,0,2,0,'20030916001032'),
	(2341,84,'兴隆台区','/7/84/','',3,0,2,0,'20030916001031'),
	(2342,192,'宝丰县','/17/192/','',3,0,2,0,'20030916002602'),
	(2343,192,'郏县','/17/192/','',3,0,3,0,'20030916002605'),
	(2344,192,'鲁山县','/17/192/','',3,0,3,0,'20030916002604'),
	(2345,192,'汝州市','/17/192/','',3,0,2,0,'20030916002601'),
	(2346,192,'石龙区','/17/192/','',3,0,2,0,'20030916002599'),
	(2347,192,'卫东区','/17/192/','',3,0,2,0,'20030916002597'),
	(2348,192,'舞钢市','/17/192/','',3,0,2,0,'20030916002600'),
	(2349,192,'新华区','/17/192/','',3,0,2,0,'20030916002596'),
	(2350,192,'叶县','/17/192/','',3,0,3,0,'20030916002603'),
	(2351,192,'湛河区','/17/192/','',3,0,2,0,'20030916002598'),
	(2352,342,'崇信县','/29/342/','',3,0,3,0,'20030916001258'),
	(2353,342,'华亭县','/29/342/','',3,0,3,0,'20030916001259'),
	(2354,342,'泾川县','/29/342/','',3,0,3,0,'20030916001256'),
	(2355,342,'静宁县','/29/342/','',3,0,3,0,'20030916001261'),
	(2356,342,'崆峒区','/29/342/','',3,0,2,0,'20030916001255'),
	(2357,342,'灵台县','/29/342/','',3,0,3,0,'20030916001257'),
	(2358,342,'庄浪县','/29/342/','',3,0,3,0,'20030916001260'),
	(2359,163,'安源区','/15/163/','',3,0,2,0,'20030916001346'),
	(2360,163,'莲花县','/15/163/','',3,0,3,0,'20030916001381'),
	(2361,163,'芦溪县','/15/163/','',3,0,3,0,'20030916001385'),
	(2362,163,'上栗县','/15/163/','',3,0,3,0,'20030916001402'),
	(2363,163,'湘东区','/15/163/','',3,0,2,0,'20030916001416'),
	(2364,154,'城厢区','/14/154/','',3,0,2,0,'20030916001648'),
	(2365,154,'涵江区','/14/154/','',3,0,2,0,'20030916001652'),
	(2366,154,'荔城区','/14/154/','',3,0,2,0,'20030916001650'),
	(2367,154,'仙游县','/14/154/','',3,0,3,0,'20030916001651'),
	(2368,154,'秀屿区','/14/154/','',3,0,3,0,'20030916001649'),
	(2369,197,'范县','/17/197/','',3,0,3,0,'20030916002564'),
	(2370,197,'华龙区','/17/197/','',3,0,2,0,'20030916002561'),
	(2371,197,'南乐县','/17/197/','',3,0,3,0,'20030916002563'),
	(2372,197,'濮阳县','/17/197/','',3,0,3,0,'20030916002566'),
	(2373,197,'清丰县','/17/197/','',3,0,3,0,'20030916002562'),
	(2374,197,'台前县','/17/197/','',3,0,3,0,'20030916002565'),
	(2375,105,'勃利县','/9/105/','',3,0,3,0,'20030916000704'),
	(2376,105,'茄子河区','/9/105/','',3,0,2,0,'20030916000703'),
	(2377,105,'桃山区','/9/105/','',3,0,2,0,'20030916000701'),
	(2378,105,'新兴区','/9/105/','',3,0,2,0,'20030916000702'),
	(2379,98,'昂昂溪区','/9/98/','',3,0,2,0,'3000000006192979'),
	(2380,98,'拜泉县','/9/98/','',3,0,3,0,'20030916000641'),
	(2381,98,'富拉尔基区','/9/98/','',3,0,2,0,'3000000006193083'),
	(2382,98,'富裕县','/9/98/','',3,0,3,0,'20030916000638'),
	(2383,98,'甘南县','/9/98/','',3,0,3,0,'20030916000637'),
	(2384,98,'建华区','/9/98/','',3,0,2,0,'3000000006192809'),
	(2385,98,'克东县','/9/98/','',3,0,3,0,'20030916000640'),
	(2386,98,'克山县','/9/98/','',3,0,3,0,'20030916000639'),
	(2387,98,'龙江县','/9/98/','',3,0,3,0,'20030916000634'),
	(2388,98,'龙沙区','/9/98/','',3,0,2,0,'20030916000626'),
	(2389,98,'梅里斯达斡尔族区','/9/98/','',3,0,2,0,'3000000006193175'),
	(2390,98,'讷河市','/9/98/','',3,0,3,0,'20030916000633'),
	(2391,98,'碾子山区','/9/98/','',3,0,2,0,'3000000006193131'),
	(2392,98,'泰来县','/9/98/','',3,0,3,0,'20030916000636'),
	(2393,98,'铁锋区','/9/98/','',3,0,2,0,'3000000006192940'),
	(2394,98,'依安县','/9/98/','',3,0,3,0,'20030916000635'),
	(2395,428,'潜江市','/18/428/','',3,0,2,0,'20030916002108'),
	(2396,300,'岑巩县','/25/300/','',3,0,3,0,'20030916000460'),
	(2397,300,'从江县','/25/300/','',3,0,3,0,'20030916000467'),
	(2398,300,'丹寨县','/25/300/','',3,0,3,0,'20030916000470'),
	(2399,300,'黄平县','/25/300/','',3,0,3,0,'20030916000456'),
	(2400,300,'剑河县','/25/300/','',3,0,3,0,'20030916000463'),
	(2401,300,'锦屏县','/25/300/','',3,0,3,0,'20030916000462'),
	(2402,300,'凯里市','/25/300/','',3,0,2,0,'20030916000455'),
	(2403,300,'雷山县','/25/300/','',3,0,3,0,'20030916000468'),
	(2404,300,'黎平县','/25/300/','',3,0,3,0,'20030916000465'),
	(2405,300,'麻江县','/25/300/','',3,0,3,0,'20030916000469'),
	(2406,300,'榕江县','/25/300/','',3,0,3,0,'20030916000466'),
	(2407,300,'三穗县','/25/300/','',3,0,3,0,'20030916000458'),
	(2408,300,'施秉县','/25/300/','',3,0,3,0,'20030916000457'),
	(2409,300,'台江县','/25/300/','',3,0,3,0,'20030916000464'),
	(2410,300,'天柱县','/25/300/','',3,0,3,0,'20030916000461'),
	(2411,300,'镇远县','/25/300/','',3,0,4,0,'20030916000459'),
	(2412,300,'长顺县','/25/300/','',3,0,3,0,'20030916000479'),
	(2413,300,'都匀市','/25/300/','',3,0,2,0,'20030916000471'),
	(2414,300,'独山县','/25/300/','',3,0,3,0,'20030916000476'),
	(2415,300,'福泉市','/25/300/','',3,0,2,0,'20030916000472'),
	(2416,300,'贵定县','/25/300/','',3,0,3,0,'20030916000474'),
	(2417,300,'惠水县','/25/300/','',3,0,3,0,'20030916000481'),
	(2418,300,'荔波县','/25/300/','',3,0,3,0,'20030916000473'),
	(2419,300,'龙里县','/25/300/','',3,0,3,0,'20030916000480'),
	(2420,300,'罗甸县','/25/300/','',3,0,3,0,'20030916000478'),
	(2421,300,'平塘县','/25/300/','',3,0,3,0,'20030916000477'),
	(2423,300,'三都水族自治县','/25/300/','',3,0,3,0,'20030916000482'),
	(2424,300,'瓮安县','/25/300/','',3,0,3,0,'20030916000475'),
	(2425,300,'安龙县','/25/300/','',3,0,3,0,'20030916000490'),
	(2426,300,'册亨县','/25/300/','',3,0,3,0,'20030916000489'),
	(2427,300,'普安县','/25/300/','',3,0,3,0,'20030916000485'),
	(2428,300,'晴隆县','/25/300/','',3,0,3,0,'20030916000486'),
	(2429,300,'望谟县','/25/300/','',3,0,3,0,'20030916000488'),
	(2430,300,'兴仁县','/25/300/','',3,0,3,0,'20030916000484'),
	(2431,300,'兴义市','/25/300/','',3,0,2,0,'20030916000483'),
	(2432,300,'贞丰县','/25/300/','',3,0,3,0,'20030916000487'),
	(2433,260,'灵山县','/21/260/','',3,0,3,0,'20030916001580'),
	(2434,260,'浦北县','/21/260/','',3,0,3,0,'20030916001581'),
	(2435,260,'钦北区','/21/260/','',3,0,3,0,'3000000137786709'),
	(2436,260,'钦南区','/21/260/','',3,0,2,0,'20030916001582'),
	(2437,39,'北戴河区','/4/39/','',3,0,1,0,'20030916001913'),
	(2438,39,'昌黎县','/4/39/','',3,0,3,0,'20030916001916'),
	(2439,39,'抚宁县','/4/39/','',3,0,3,0,'20030916001917'),
	(2440,39,'海港区','/4/39/','',3,0,2,0,'20030916001911'),
	(2441,39,'卢龙县','/4/39/','',3,0,3,0,'20030916001914'),
	(2442,39,'青龙满族自治县','/4/39/','',3,0,3,0,'20030916001915'),
	(2443,39,'山海关区','/4/39/','',3,0,2,0,'20030916001912'),
	(2444,173,'城阳区','/16/173/','',3,0,1,0,'20030916001600'),
	(2445,173,'黄岛区','/16/173/','',3,0,1,0,'20030916001598'),
	(2446,173,'即墨市','/16/173/','',3,0,2,0,'20030916001603'),
	(2447,173,'胶南市','/16/173/','',3,0,2,0,'20030916001615'),
	(2448,173,'胶州市','/16/173/','',3,0,2,0,'20030916001607'),
	(2449,173,'莱西市','/16/173/','',3,0,2,0,'20030916001608'),
	(2450,173,'崂山区','/16/173/','',3,0,1,0,'20030916001597'),
	(2451,173,'李沧区','/16/173/','',3,0,1,0,'20030916001599'),
	(2452,173,'平度市','/16/173/','',3,0,2,0,'20030916001606'),
	(2453,173,'市北区','/16/173/','',3,0,1,0,'20030916001594'),
	(2454,173,'市南区','/16/173/','',3,0,1,0,'20030916001595'),
	(2455,173,'四方区','/16/173/','',3,0,1,0,'20030916001596'),
	(2456,248,'佛冈县','/20/248/','',3,0,3,0,'20030916000552'),
	(2457,248,'连南瑶族自治县','/20/248/','',3,0,3,0,'20030916000553'),
	(2458,248,'连山壮族瑶族自治县','/20/248/','',3,0,3,0,'20030916000554'),
	(2459,248,'连州市','/20/248/','',3,0,3,0,'20030916000555'),
	(2460,248,'清城区','/20/248/','',3,0,2,0,'20030916000556'),
	(2461,248,'清新县','/20/248/','',3,0,3,0,'20030916000557'),
	(2462,248,'阳山县','/20/248/','',3,0,3,0,'20030916000559'),
	(2463,248,'英德市','/20/248/','',3,0,2,0,'20030916000560'),
	(2464,344,'合水县','/29/344/','',3,0,4,0,'20030916002678'),
	(2465,344,'华池县','/29/344/','',3,0,4,0,'20030916002680'),
	(2466,344,'环县','/29/344/','',3,0,4,0,'20030916002679'),
	(2467,344,'宁县','/29/344/','',3,0,4,0,'20030916002674'),
	(2468,344,'庆城县','/29/344/','',3,0,4,0,'20030916002675'),
	(2469,344,'西峰区','/29/344/','',3,0,3,0,'20030916002676'),
	(2470,344,'镇原县','/29/344/','',3,0,4,0,'20030916002677'),
	(2471,344,'正宁县','/29/344/','',3,0,4,0,'20030916002673'),
	(2472,303,'富源县','/26/303/','',3,0,3,0,'20030916001079'),
	(2473,303,'会泽县','/26/303/','',3,0,3,0,'20030916001083'),
	(2474,303,'陆良县','/26/303/','',3,0,3,0,'20030916001082'),
	(2475,303,'罗平县','/26/303/','',3,0,3,0,'20030916001080'),
	(2476,303,'马龙县','/26/303/','',3,0,3,0,'20030916001077'),
	(2477,303,'麒麟区','/26/303/','',3,0,2,0,'20030916001075'),
	(2478,303,'师宗县','/26/303/','',3,0,3,0,'20030916001081'),
	(2479,303,'宣威市','/26/303/','',3,0,2,0,'20030916001076'),
	(2480,303,'沾益县','/26/303/','',3,0,3,0,'20030916001078'),
	(2487,156,'安溪县','/14/156/','',3,0,3,0,'20030916002275'),
	(2488,156,'德化县','/14/156/','',3,0,3,0,'20030916002278'),
	(2489,156,'丰泽区','/14/156/','',3,0,2,0,'20030916002272'),
	(2490,156,'惠安县','/14/156/','',3,0,3,0,'20030916002277'),
	(2491,156,'晋江市','/14/156/','',3,0,2,0,'20030916002274'),
	(2492,156,'鲤城区','/14/156/','',3,0,2,0,'20030916002271'),
	(2493,156,'洛江区','/14/156/','',3,0,3,0,'20030916002273'),
	(2494,156,'南安市','/14/156/','',3,0,2,0,'20030916002280'),
	(2495,156,'泉港区','/14/156/','',3,0,2,0,'3000000002629053'),
	(2496,156,'石狮市','/14/156/','',3,0,2,0,'20030916002276'),
	(2497,156,'永春县','/14/156/','',3,0,3,0,'20030916002279'),
	(2498,321,'昂仁县','/27/321/','',3,0,6,0,'20030916002397'),
	(2499,321,'白朗县','/27/321/','',3,0,6,0,'20030916002399'),
	(2500,321,'定结县','/27/321/','',3,0,6,0,'20030916002402'),
	(2501,321,'定日县','/27/321/','',3,0,6,0,'20030916002394'),
	(2502,321,'岗巴县','/27/321/','',3,0,6,0,'20030916002408'),
	(2503,321,'吉隆县','/27/321/','',3,0,6,0,'20030916002405'),
	(2504,321,'江孜县','/27/321/','',3,0,6,0,'20030916002393'),
	(2505,321,'康马县','/27/321/','',3,0,6,0,'20030916002401'),
	(2506,321,'拉孜县','/27/321/','',3,0,6,0,'20030916002396'),
	(2507,321,'南木林县','/27/321/','',3,0,6,0,'20030916002392'),
	(2508,321,'聂拉木县','/27/321/','',3,0,6,0,'20030916002406'),
	(2509,321,'仁布县','/27/321/','',3,0,6,0,'20030916002400'),
	(2510,321,'日喀则市','/27/321/','',3,0,5,0,'20030916002391'),
	(2511,321,'萨嘎县','/27/321/','',3,0,6,0,'20030916002407'),
	(2512,321,'萨迦县','/27/321/','',3,0,6,0,'20030916002395'),
	(2513,321,'谢通门县','/27/321/','',3,0,6,0,'20030916002398'),
	(2514,321,'亚东县','/27/321/','',3,0,6,0,'20030916002404'),
	(2515,321,'仲巴县','/27/321/','',3,0,6,0,'20030916002403'),
	(2516,182,'东港区','/16/182/','',3,0,2,0,'20030916001604'),
	(2517,182,'莒县','/16/182/','',3,0,3,0,'20030916001610'),
	(2518,182,'岚山区','/16/182/','',3,0,2,0,'3000000137304017'),
	(2519,182,'五莲县','/16/182/','',3,0,3,0,'20030916001612'),
	(2520,200,'湖滨区','/17/200/','',3,0,2,0,'20030916002504'),
	(2521,200,'灵宝市','/17/200/','',3,0,3,0,'20030916002506'),
	(2522,200,'卢氏县','/17/200/','',3,0,3,0,'20030916002509'),
	(2523,200,'陕县','/17/200/','',3,0,3,0,'20030916002508'),
	(2524,200,'渑池县','/17/200/','',3,0,3,0,'20030916002507'),
	(2525,200,'义马市','/17/200/','',3,0,2,0,'20030916002505'),
	(2526,155,'大田县','/14/155/','',3,0,3,0,'20030916001661'),
	(2527,155,'将乐县','/14/155/','',3,0,3,0,'20030916001656'),
	(2528,155,'梅列区','/14/155/','',3,0,2,0,'20030916001653'),
	(2529,155,'明溪县','/14/155/','',3,0,3,0,'20030916001663'),
	(2530,155,'宁化县','/14/155/','',3,0,3,0,'20030916001659'),
	(2531,155,'清流县','/14/155/','',3,0,3,0,'20030916001664'),
	(2532,155,'三元区','/14/155/','',3,0,2,0,'20030916001654'),
	(2533,155,'沙县','/14/155/','',3,0,2,0,'20030916001660'),
	(2534,155,'泰宁县','/14/155/','',3,0,3,0,'20030916001662'),
	(2535,155,'永安市','/14/155/','',3,0,2,0,'20030916001655'),
	(2536,155,'尤溪县','/14/155/','',3,0,3,0,'20030916001658'),
	(2537,3579,'白沙黎族自治县','/22/3579/','',3,0,5,0,'20030916000864'),
	(2538,3579,'保亭黎族苗族自治县','/22/3579/','',3,0,5,0,'20030916000867'),
	(2539,3579,'昌江黎族自治县','/22/3579/','',3,0,5,0,'20030916000863'),
	(2540,3579,'澄迈县','/22/3579/','',3,0,5,0,'20030916000860'),
	(2541,3579,'儋州市','/22/3579/','',3,0,5,0,'20030916000858'),
	(2542,3579,'定安县','/22/3579/','',3,0,5,0,'20030916000861'),
	(2543,3579,'东方市','/22/3579/','',3,0,5,0,'20030916000857'),
	(2544,3579,'乐东黎族自治县','/22/3579/','',3,0,5,0,'20030916000868'),
	(2545,3579,'临高县','/22/3579/','',3,0,5,0,'20030916000859'),
	(2546,3579,'陵水黎族自治县','/22/3579/','',3,0,5,0,'20030916000866'),
	(2547,3579,'琼海市','/22/3579/','',3,0,5,0,'20030916000854'),
	(2548,3579,'琼中黎族苗族自治县','/22/3579/','',3,0,5,0,'20030916000865'),
	(2549,3579,'屯昌县','/22/3579/','',3,0,5,0,'20030916000862'),
	(2550,3579,'万宁市','/22/3579/','',3,0,5,0,'20030916000855'),
	(2551,3579,'文昌市','/22/3579/','',3,0,5,0,'20030916000853'),
	(2552,3579,'五指山市','/22/3579/','',3,0,5,0,'20030916000856'),
	(2553,320,'措美县','/27/320/','',3,0,6,0,'20030916002385'),
	(2554,320,'错那县','/27/320/','',3,0,6,0,'20030916002389'),
	(2555,320,'贡嘎县','/27/320/','',3,0,6,0,'20030916002381'),
	(2556,320,'加查县','/27/320/','',3,0,6,0,'20030916002387'),
	(2557,320,'浪卡子县','/27/320/','',3,0,6,0,'20030916002390'),
	(2558,320,'隆子县','/27/320/','',3,0,6,0,'20030916002388'),
	(2559,320,'洛扎县','/27/320/','',3,0,6,0,'20030916002386'),
	(2560,320,'乃东县','/27/320/','',3,0,6,0,'20030916002379'),
	(2561,320,'琼结县','/27/320/','',3,0,6,0,'20030916002383'),
	(2562,320,'曲松县','/27/320/','',3,0,6,0,'20030916002384'),
	(2563,320,'桑日县','/27/320/','',3,0,6,0,'20030916002382'),
	(2565,320,'扎囊县','/27/320/','',3,0,6,0,'20030916002380'),
	(2566,236,'潮南区','/20/236/','',3,0,2,0,'20030916000569'),
	(2567,236,'潮阳区','/20/236/','',3,0,2,0,'20030916000561'),
	(2568,236,'澄海区','/20/236/','',3,0,2,0,'20030916000562'),
	(2569,236,'濠江区','/20/236/','',3,0,2,0,'20030916000563'),
	(2570,236,'金平区','/20/236/','',3,0,2,0,'20030916000565'),
	(2571,236,'龙湖区','/20/236/','',3,0,2,0,'20030916000566'),
	(2572,236,'南澳县','/20/236/','',3,0,3,0,'20030916000567'),
	(2573,245,'城区','/20/245/','',3,0,2,0,'20030916000570'),
	(2574,245,'海丰县','/20/245/','',3,0,3,0,'20030916000571'),
	(2575,245,'陆丰市','/20/245/','',3,0,2,0,'20030916000572'),
	(2576,245,'陆河县','/20/245/','',3,0,3,0,'20030916000573'),
	(2577,334,'丹凤县','/28/334/','',3,0,3,0,'20030916002696'),
	(2578,334,'洛南县','/28/334/','',3,0,3,0,'20030916002728'),
	(2579,334,'山阳县','/28/334/','',3,0,3,0,'20030916002742'),
	(2580,334,'商南县','/28/334/','',3,0,3,0,'20030916002743'),
	(2581,334,'商州区','/28/334/','',3,0,2,0,'20030916002744'),
	(2582,334,'镇安县','/28/334/','',3,0,3,0,'20030916002773'),
	(2583,334,'柞水县','/28/334/','',3,0,3,0,'20030916002781'),
	(2584,202,'梁园区','/17/202/','',3,0,2,0,'20030916002577'),
	(2585,202,'民权县','/17/202/','',3,0,3,0,'20030916002581'),
	(2586,202,'宁陵县','/17/202/','',3,0,3,0,'20030916002582'),
	(2587,202,'睢县','/17/202/','',3,0,3,0,'20030916002583'),
	(2588,202,'睢阳区','/17/202/','',3,0,2,0,'20030916002578'),
	(2589,202,'夏邑县','/17/202/','',3,0,3,0,'20030916002584'),
	(2590,202,'永城市','/17/202/','',3,0,3,0,'20030916002579'),
	(2591,202,'虞城县','/17/202/','',3,0,3,0,'20030916002580'),
	(2592,202,'柘城县','/17/202/','',3,0,3,0,'20030916002585'),
	(2593,718,'宝山区','/10/718/','',3,0,2,0,'20030916001685'),
	(2594,718,'长宁区','/10/718/','',3,0,1,0,'20030916001678'),
	(2595,718,'崇明县','/10/718/','',3,0,3,0,'20030916001693'),
	(2596,718,'奉贤区','/10/718/','',3,0,1,0,'20030916001692'),
	(2597,718,'虹口区','/10/718/','',3,0,1,0,'20030916001682'),
	(2598,718,'黄浦区','/10/718/','',3,0,1,0,'20030916001675'),
	(2599,718,'嘉定区','/10/718/','',3,0,1,0,'20030916001686'),
	(2600,718,'金山区','/10/718/','',3,0,1,0,'20030916001688'),
	(2601,718,'静安区','/10/718/','',3,0,1,0,'20030916001679'),
	(2602,718,'卢湾区','/10/718/','',3,0,1,0,'20030916001676'),
	(2603,718,'闵行区','/10/718/','',3,0,1,0,'20030916001684'),
	(2604,718,'南汇区','/10/718/','',3,0,1,0,'20030916001691'),
	(2605,718,'浦东新区','/10/718/','',3,0,1,0,'20030916001687'),
	(2606,718,'普陀区','/10/718/','',3,0,1,0,'20030916001680'),
	(2607,718,'青浦区','/10/718/','',3,0,1,0,'20030916001690'),
	(2608,718,'松江区','/10/718/','',3,0,1,0,'20030916001689'),
	(2609,718,'徐汇区','/10/718/','',3,0,1,0,'20030916001677'),
	(2610,718,'杨浦区','/10/718/','',3,0,1,0,'20030916001683'),
	(2611,718,'闸北区','/10/718/','',3,0,1,0,'20030916001681'),
	(2612,171,'德兴市','/15/171/','',3,0,3,0,'20030916001354'),
	(2613,171,'广丰县','/15/171/','',3,0,3,0,'20030916001366'),
	(2614,171,'横峰县','/15/171/','',3,0,3,0,'20030916001368'),
	(2615,171,'鄱阳县','/15/171/','',3,0,3,0,'20030916001348'),
	(2616,171,'铅山县','/15/171/','',3,0,3,0,'20030916001393'),
	(2617,171,'上饶县','/15/171/','',3,0,3,0,'3000000024580428'),
	(2618,171,'万年县','/15/171/','',3,0,3,0,'20030916001410'),
	(2619,171,'婺源县','/15/171/','',3,0,3,0,'20030916001413'),
	(2620,171,'信州区','/15/171/','',3,0,2,0,'20030916001420'),
	(2621,171,'弋阳县','/15/171/','',3,0,3,0,'20030916001428'),
	(2622,171,'余干县','/15/171/','',3,0,3,0,'20030916001434'),
	(2623,171,'玉山县','/15/171/','',3,0,3,0,'20030916001436'),
	(2624,237,'乐昌市','/20/237/','',3,0,3,0,'20030916000576'),
	(2625,237,'南雄市','/20/237/','',3,0,2,0,'20030916000577'),
	(2626,237,'曲江区','/20/237/','',3,0,3,0,'20030916000578'),
	(2627,237,'仁化县','/20/237/','',3,0,3,0,'20030916000579'),
	(2628,237,'乳源瑶族自治县','/20/237/','',3,0,3,0,'20030916000580'),
	(2629,237,'始兴县','/20/237/','',3,0,3,0,'20030916000582'),
	(2630,237,'翁源县','/20/237/','',3,0,3,0,'20030916000583'),
	(2631,237,'武江区','/20/237/','',3,0,2,0,'20030916000581'),
	(2632,237,'新丰县','/20/237/','',3,0,2,0,'20030916000585'),
	(2633,237,'浈江区','/20/237/','',3,0,2,0,'3000000137316309'),
	(2634,223,'北塔区','/19/223/','',3,0,2,0,'3000000137889097'),
	(2635,223,'城步苗族自治县','/19/223/','',3,0,3,0,'20030916000378'),
	(2636,223,'大祥区','/19/223/','',3,0,2,0,'20030916000369'),
	(2637,223,'洞口县','/19/223/','',3,0,3,0,'20030916000375'),
	(2638,223,'隆回县','/19/223/','',3,0,3,0,'20030916000374'),
	(2639,223,'邵东县','/19/223/','',3,0,3,0,'20030916000371'),
	(2640,223,'邵阳县','/19/223/','',3,0,3,0,'20030916000372'),
	(2641,223,'双清区','/19/223/','',3,0,2,0,'3000000137888966'),
	(2642,223,'绥宁县','/19/223/','',3,0,3,0,'20030916000376'),
	(2643,223,'武冈市','/19/223/','',3,0,2,0,'20030916000370'),
	(2644,223,'新宁县','/19/223/','',3,0,3,0,'20030916000377'),
	(2645,223,'新邵县','/19/223/','',3,0,3,0,'20030916000373'),
	(2652,234,'宝安区','/20/234/','',3,0,2,0,'20030916001852'),
	(2653,234,'福田区','/20/234/','',3,0,2,0,'20030916001849'),
	(2654,234,'龙岗区','/20/234/','',3,0,2,0,'20030916001851'),
	(2655,234,'罗湖区','/20/234/','',3,0,2,0,'20030916001847'),
	(2656,234,'南山区','/20/234/','',3,0,2,0,'20030916001850'),
	(2657,234,'盐田区','/20/234/','',3,0,1,0,'20030916001848'),
	(2658,738,'神农架林区','/18/738/','',3,0,3,0,'20030916002162'),
	(2659,74,'大东区','/7/74/','',3,0,1,0,'20030916001794'),
	(2660,74,'东陵区','/7/74/','',3,0,1,0,'20030916001798'),
	(2661,74,'法库县','/7/74/','',3,0,3,0,'20030916001804'),
	(2662,74,'和平区','/7/74/','',3,0,1,0,'20030916001793'),
	(2663,74,'皇姑区','/7/74/','',3,0,1,0,'20030916001795'),
	(2664,74,'康平县','/7/74/','',3,0,3,0,'20030916001803'),
	(2665,74,'辽中县','/7/74/','',3,0,3,0,'20030916001802'),
	(2666,74,'沈河区','/7/74/','',3,0,1,0,'20030916001792'),
	(2667,74,'苏家屯区','/7/74/','',3,0,1,0,'20030916001797'),
	(2668,74,'铁西区','/7/74/','',3,0,2,0,'20030916001796'),
	(2670,74,'新民市','/7/74/','',3,0,2,0,'20030916001801'),
	(2671,74,'于洪区','/7/74/','',3,0,1,0,'20030916001800'),
	(2672,209,'丹江口市','/18/209/','',3,0,2,0,'20030916002139'),
	(2673,209,'房县','/18/209/','',3,0,3,0,'20030916002142'),
	(2674,209,'茅箭区','/18/209/','',3,0,2,0,'20030916002138'),
	(2675,209,'郧西县','/18/209/','',3,0,3,0,'20030916002143'),
	(2676,209,'郧县','/18/209/','',3,0,3,0,'20030916002140'),
	(2677,209,'张湾区','/18/209/','',3,0,2,0,'20030916002137'),
	(2678,209,'竹山县','/18/209/','',3,0,3,0,'20030916002141'),
	(2679,209,'竹溪县','/18/209/','',3,0,3,0,'20030916002144'),
	(2680,429,'石河子市','/32/429/','',3,0,5,0,'20030916002175'),
	(2681,37,'长安区','/4/37/','',3,0,1,0,'20030916001694'),
	(2682,37,'高邑县','/4/37/','',3,0,3,0,'20030916001710'),
	(2683,37,'藁城市','/4/37/','',3,0,3,0,'20030916001701'),
	(2684,37,'晋州市','/4/37/','',3,0,3,0,'20030916001702'),
	(2685,37,'井陉矿区','/4/37/','',3,0,1,0,'20030916001699'),
	(2686,37,'井陉县','/4/37/','',3,0,3,0,'20030916001705'),
	(2687,37,'灵寿县','/4/37/','',3,0,3,0,'20030916001709'),
	(2688,37,'鹿泉市','/4/37/','',3,0,3,0,'20030916001704'),
	(2689,37,'栾城县','/4/37/','',3,0,3,0,'20030916001707'),
	(2690,37,'平山县','/4/37/','',3,0,3,0,'20030916001714'),
	(2691,37,'桥东区','/4/37/','',3,0,1,0,'20030916001695'),
	(2692,37,'桥西区','/4/37/','',3,0,1,0,'20030916001696'),
	(2693,37,'深泽县','/4/37/','',3,0,3,0,'20030916001711'),
	(2694,37,'无极县','/4/37/','',3,0,3,0,'20030916001713'),
	(2695,37,'辛集市','/4/37/','',3,0,3,0,'20030916001700'),
	(2696,37,'新华区','/4/37/','',3,0,1,0,'20030916001697'),
	(2697,37,'新乐市','/4/37/','',3,0,2,0,'20030916001703'),
	(2698,37,'行唐县','/4/37/','',3,0,3,0,'20030916001708'),
	(2699,37,'裕华区','/4/37/','',3,0,1,0,'20030916001698'),
	(2700,37,'元氏县','/4/37/','',3,0,3,0,'20030916001715'),
	(2701,37,'赞皇县','/4/37/','',3,0,3,0,'20030916001712'),
	(2702,37,'赵县','/4/37/','',3,0,3,0,'20030916001716'),
	(2703,37,'正定县','/4/37/','',3,0,2,0,'20030916001706'),
	(2704,358,'大武口区','/31/358/','',3,0,2,0,'20030916002452'),
	(2705,358,'惠农区','/31/358/','',3,0,2,0,'20030916002456'),
	(2706,358,'平罗县','/31/358/','',3,0,3,0,'20030916002454'),
	(2707,101,'宝清县','/9/101/','',3,0,3,0,'20030916000699'),
	(2708,101,'宝山区','/9/101/','',3,0,2,0,'20030916000696'),
	(2709,101,'集贤县','/9/101/','',3,0,3,0,'20030916000697'),
	(2710,101,'尖山区','/9/101/','',3,0,2,0,'20030916000693'),
	(2711,101,'岭东区','/9/101/','',3,0,2,0,'20030916000694'),
	(2712,101,'饶河县','/9/101/','',3,0,3,0,'20030916000700'),
	(2713,101,'四方台区','/9/101/','',3,0,2,0,'20030916000695'),
	(2714,101,'友谊县','/9/101/','',3,0,3,0,'20030916000698'),
	(2715,53,'怀仁县','/5/53/','',3,0,3,0,'20030916001957'),
	(2716,53,'平鲁区','/5/53/','',3,0,3,0,'20030916001953'),
	(2717,53,'山阴县','/5/53/','',3,0,3,0,'20030916001954'),
	(2718,53,'朔城区','/5/53/','',3,0,2,0,'20030916001952'),
	(2719,53,'应县','/5/53/','',3,0,3,0,'20030916001955'),
	(2720,53,'右玉县','/5/53/','',3,0,3,0,'20030916001956'),
	(2721,308,'翠云区','/26/308/','',3,0,3,0,'20030916001112'),
	(2722,308,'江城哈尼族彝族自治县','/26/308/','',3,0,3,0,'20030916001118'),
	(2723,308,'景东彝族自治县','/26/308/','',3,0,3,0,'20030916001115'),
	(2724,308,'景谷傣族彝族自治县','/26/308/','',3,0,3,0,'20030916001116'),
	(2725,308,'澜沧拉祜族自治县','/26/308/','',3,0,3,0,'20030916001120'),
	(2726,308,'孟连傣族拉祜族佤族自治县','/26/308/','',3,0,3,0,'20030916001119'),
	(2727,308,'墨江哈尼族自治县','/26/308/','',3,0,3,0,'20030916001114'),
	(2728,308,'宁洱哈尼族彝族自治县','/26/308/','',3,0,3,0,'20030916001113'),
	(2729,308,'西盟佤族自治县','/26/308/','',3,0,3,0,'20030916001121'),
	(2730,308,'镇沅彝族哈尼族拉祜族自治县','/26/308/','',3,0,3,0,'20030916001117'),
	(2731,90,'公主岭市','/8/90/','',3,0,2,0,'20030916000194'),
	(2732,90,'梨树县','/8/90/','',3,0,3,0,'20030916000195'),
	(2733,90,'双辽市','/8/90/','',3,0,2,0,'20030916000193'),
	(2734,90,'铁东区','/8/90/','',3,0,2,0,'20030916000192'),
	(2735,90,'铁西区','/8/90/','',3,0,2,0,'20030916000191'),
	(2736,90,'伊通满族自治县','/8/90/','',3,0,3,0,'20030916000196'),
	(2737,94,'长岭县','/8/94/','',3,0,3,0,'20030916000179'),
	(2738,94,'扶余县','/8/94/','',3,0,3,0,'20030916000178'),
	(2739,94,'宁江区','/8/94/','',3,0,2,0,'20030916000177'),
	(2740,94,'前郭尔罗斯蒙古族自治县','/8/94/','',3,0,3,0,'20030916000181'),
	(2741,94,'乾安县','/8/94/','',3,0,3,0,'20030916000180'),
	(2742,115,'沧浪区','/11/115/','',3,0,2,0,'3000000137302057'),
	(2743,115,'常熟市','/11/115/','',3,0,3,0,'20030916002127'),
	(2744,115,'虎丘区','/11/115/','',3,0,2,0,'3000000137302224'),
	(2745,115,'金阊区','/11/115/','',3,0,2,0,'3000000137301999'),
	(2746,115,'昆山市','/11/115/','',3,0,3,0,'20030916002125'),
	(2747,115,'平江区','/11/115/','',3,0,2,0,'3000000137302093'),
	(2748,115,'太仓市','/11/115/','',3,0,3,0,'20030916002126'),
	(2749,115,'吴江市','/11/115/','',3,0,3,0,'20030916002124'),
	(2750,115,'吴中区','/11/115/','',3,0,2,0,'3000000137302409'),
	(2751,115,'相城区','/11/115/','',3,0,2,0,'3000000137302465'),
	(2752,115,'张家港市','/11/115/','',3,0,3,0,'20030916002128'),
	(2753,123,'沭阳县','/11/123/','',3,0,3,0,'20030916002435'),
	(2754,123,'泗洪县','/11/123/','',3,0,3,0,'20030916002437'),
	(2755,123,'泗阳县','/11/123/','',3,0,3,0,'20030916002436'),
	(2756,123,'宿城区','/11/123/','',3,0,2,0,'20030916002434'),
	(2757,123,'宿豫区','/11/123/','',3,0,3,0,'3000000137779255'),
	(2763,108,'安达市','/9/108/','',3,0,2,0,'20030916000725'),
	(2764,108,'北林区','/9/108/','',3,0,3,0,'20030916000724'),
	(2765,108,'海伦市','/9/108/','',3,0,3,0,'20030916000727'),
	(2766,108,'兰西县','/9/108/','',3,0,3,0,'20030916000729'),
	(2767,108,'明水县','/9/108/','',3,0,3,0,'20030916000732'),
	(2768,108,'青冈县','/9/108/','',3,0,3,0,'20030916000730'),
	(2769,108,'庆安县','/9/108/','',3,0,3,0,'20030916000731'),
	(2770,108,'绥棱县','/9/108/','',3,0,3,0,'20030916000733'),
	(2771,108,'望奎县','/9/108/','',3,0,3,0,'20030916000728'),
	(2772,108,'肇东市','/9/108/','',3,0,3,0,'20030916000726'),
	(2773,217,'广水市','/18/217/','',3,0,2,0,'20030916002105'),
	(2774,217,'曾都区','/18/217/','',3,0,2,0,'20030916002161'),
	(2775,279,'安居区','/24/279/','',3,0,3,0,'20030916000074'),
	(2776,279,'船山区','/24/279/','',3,0,2,0,'20030916000075'),
	(2777,279,'大英县','/24/279/','',3,0,3,0,'20030916000078'),
	(2778,279,'蓬溪县','/24/279/','',3,0,3,0,'20030916000076'),
	(2779,279,'射洪县','/24/279/','',3,0,3,0,'20030916000077'),
	(2780,374,'额敏县','/32/374/','',3,0,3,0,'20030916002248'),
	(2781,374,'和布克赛尔蒙古自治县','/32/374/','',3,0,3,0,'20030916002252'),
	(2782,374,'沙湾县','/32/374/','',3,0,3,0,'20030916002249'),
	(2784,374,'塔城市','/32/374/','',3,0,3,0,'20030916002246'),
	(2785,374,'托里县','/32/374/','',3,0,3,0,'20030916002250'),
	(2786,374,'乌苏市','/32/374/','',3,0,3,0,'20030916002247'),
	(2787,374,'裕民县','/32/374/','',3,0,3,0,'20030916002251'),
	(2797,48,'古交市','/5/48/','',3,0,2,0,'20030916001937'),
	(2798,48,'尖草坪区','/5/48/','',3,0,1,0,'20030916001934'),
	(2799,48,'晋源区','/5/48/','',3,0,1,0,'20030916001936'),
	(2800,48,'娄烦县','/5/48/','',3,0,3,0,'20030916001940'),
	(2801,48,'清徐县','/5/48/','',3,0,3,0,'20030916001938'),
	(2802,48,'万柏林区','/5/48/','',3,0,1,0,'20030916001935'),
	(2803,48,'小店区','/5/48/','',3,0,1,0,'20030916001932'),
	(2804,48,'杏花岭区','/5/48/','',3,0,1,0,'20030916001931'),
	(2805,48,'阳曲县','/5/48/','',3,0,3,0,'20030916001939'),
	(2806,48,'迎泽区','/5/48/','',3,0,1,0,'20030916001933'),
	(2807,180,'岱岳区','/16/180/','',3,0,2,0,'3000000137778900'),
	(2808,180,'东平县','/16/180/','',3,0,3,0,'20030916000990'),
	(2809,180,'肥城市','/16/180/','',3,0,2,0,'20030916000991'),
	(2810,180,'宁阳县','/16/180/','',3,0,3,0,'20030916000992'),
	(2811,180,'泰山区','/16/180/','',3,0,2,0,'20030916000993'),
	(2812,180,'新泰市','/16/180/','',3,0,2,0,'20030916000994'),
	(2813,122,'高港区','/11/122/','',3,0,2,0,'20030916002795'),
	(2814,122,'海陵区','/11/122/','',3,0,2,0,'3000000137303289'),
	(2815,122,'姜堰市','/11/122/','',3,0,2,0,'20030916002798'),
	(2816,122,'靖江市','/11/122/','',3,0,3,0,'20030916002796'),
	(2817,122,'泰兴市','/11/122/','',3,0,3,0,'20030916002797'),
	(2818,122,'兴化市','/11/122/','',3,0,3,0,'20030916002799'),
	(2819,38,'丰南区','/4/38/','',3,0,1,0,'20030916001904'),
	(2820,38,'丰润区','/4/38/','',3,0,1,0,'20030916001901'),
	(2821,38,'古冶区','/4/38/','',3,0,1,0,'20030916001899'),
	(2822,38,'开平区','/4/38/','',3,0,1,0,'20030916001900'),
	(2823,38,'乐亭县','/4/38/','',3,0,2,0,'20030916001910'),
	(2824,38,'路北区','/4/38/','',3,0,1,0,'20030916001897'),
	(2825,38,'路南区','/4/38/','',3,0,1,0,'20030916001898'),
	(2826,38,'滦南县','/4/38/','',3,0,3,0,'20030916001907'),
	(2827,38,'滦县','/4/38/','',3,0,3,0,'20030916001906'),
	(2828,38,'迁安市','/4/38/','',3,0,2,0,'20030916001903'),
	(2829,38,'迁西县','/4/38/','',3,0,2,0,'20030916001905'),
	(2830,38,'唐海县','/4/38/','',3,0,3,0,'20030916001909'),
	(2831,38,'玉田县','/4/38/','',3,0,3,0,'20030916001908'),
	(2832,38,'遵化市','/4/38/','',3,0,3,0,'20030916001902'),
	(2833,717,'宝坻区','/3/717/','',3,0,1,0,'20030916001867'),
	(2834,717,'北辰区','/3/717/','',3,0,2,0,'20030916001865'),
	(2836,717,'东丽区','/3/717/','',3,0,1,0,'20030916001862'),
	(2838,717,'和平区','/3/717/','',3,0,1,0,'20030916001853'),
	(2839,717,'河北区','/3/717/','',3,0,1,0,'20030916001857'),
	(2840,717,'河东区','/3/717/','',3,0,1,0,'20030916001854'),
	(2841,717,'河西区','/3/717/','',3,0,1,0,'20030916001855'),
	(2842,717,'红桥区','/3/717/','',3,0,1,0,'20030916001858'),
	(2843,717,'蓟县','/3/717/','',3,0,2,0,'20030916001868'),
	(2844,717,'津南区','/3/717/','',3,0,1,0,'20030916001864'),
	(2845,717,'静海县','/3/717/','',3,0,3,0,'20030916001870'),
	(2846,717,'南开区','/3/717/','',3,0,1,0,'20030916001856'),
	(2847,717,'宁河县','/3/717/','',3,0,3,0,'20030916001869'),
	(2849,717,'武清区','/3/717/','',3,0,2,0,'20030916001866'),
	(2850,717,'西青区','/3/717/','',3,0,2,0,'20030916001863'),
	(2851,739,'天门市','/18/739/','',3,0,2,0,'20030916002107'),
	(2852,339,'甘谷县','/29/339/','',3,0,3,0,'20030916001233'),
	(2853,339,'麦积区','/29/339/','',3,0,2,0,'20030916001230'),
	(2854,339,'秦安县','/29/339/','',3,0,3,0,'20030916001232'),
	(2855,339,'秦州区','/29/339/','',3,0,2,0,'3000000138653081'),
	(2856,339,'清水县','/29/339/','',3,0,3,0,'20030916001231'),
	(2857,339,'武山县','/29/339/','',3,0,3,0,'20030916001234'),
	(2858,339,'张家川回族自治县','/29/339/','',3,0,3,0,'20030916001235'),
	(2859,85,'昌图县','/7/85/','',3,0,3,0,'20030916001811'),
	(2860,85,'调兵山市','/7/85/','',3,0,2,0,'20030916001807'),
	(2861,85,'开原市','/7/85/','',3,0,2,0,'20030916001808'),
	(2862,85,'清河区','/7/85/','',3,0,2,0,'20030916001806'),
	(2863,85,'铁岭县','/7/85/','',3,0,3,0,'20030916001809'),
	(2864,85,'西丰县','/7/85/','',3,0,3,0,'20030916001810'),
	(2865,85,'银州区','/7/85/','',3,0,2,0,'20030916001805'),
	(2866,92,'东昌区','/8/92/','',3,0,2,0,'20030916000201'),
	(2867,92,'二道江区','/8/92/','',3,0,2,0,'20030916000202'),
	(2868,92,'辉南县','/8/92/','',3,0,3,0,'20030916000206'),
	(2869,92,'集安市','/8/92/','',3,0,2,0,'20030916000204'),
	(2870,92,'柳河县','/8/92/','',3,0,3,0,'20030916000207'),
	(2871,92,'梅河口市','/8/92/','',3,0,2,0,'20030916000203'),
	(2872,92,'通化县','/8/92/','',3,0,3,0,'20030916000205'),
	(2873,66,'霍林郭勒市','/6/66/','',3,0,2,0,'20030916001840'),
	(2874,66,'开鲁县','/6/66/','',3,0,3,0,'20030916001841'),
	(2875,66,'科尔沁区','/6/66/','',3,0,2,0,'20030916001839'),
	(2876,66,'科尔沁左翼后旗','/6/66/','',3,0,3,0,'20030916001846'),
	(2877,66,'科尔沁左翼中旗','/6/66/','',3,0,4,0,'20030916001845'),
	(2878,66,'库伦旗','/6/66/','',3,0,4,0,'20030916001842'),
	(2879,66,'奈曼旗','/6/66/','',3,0,4,0,'20030916001843'),
	(2880,66,'扎鲁特旗','/6/66/','',3,0,4,0,'20030916001844'),
	(2881,326,'王益区','/28/326/','',3,0,2,0,'3000000137306376'),
	(2882,326,'耀州区','/28/326/','',3,0,2,0,'20030916002768'),
	(2883,326,'宜君县','/28/326/','',3,0,3,0,'20030916002770'),
	(2884,326,'印台区','/28/326/','',3,0,2,0,'20030916002749'),
	(2889,297,'德江县','/25/297/','',3,0,3,0,'20030916000449'),
	(2890,297,'江口县','/25/297/','',3,0,3,0,'20030916000446'),
	(2891,297,'石阡县','/25/297/','',3,0,3,0,'20030916000447'),
	(2892,297,'思南县','/25/297/','',3,0,3,0,'20030916000448'),
	(2893,297,'松桃苗族自治县','/25/297/','',3,0,3,0,'20030916000453'),
	(2894,297,'铜仁市','/25/297/','',3,0,2,0,'20030916000445'),
	(2895,297,'万山特区','/25/297/','',3,0,3,0,'20030916000454'),
	(2896,297,'沿河土家族自治县','/25/297/','',3,0,3,0,'20030916000452'),
	(2897,297,'印江土家族苗族自治县','/25/297/','',3,0,3,0,'20030916000451'),
	(2898,297,'玉屏侗族自治县','/25/297/','',3,0,3,0,'20030916000450'),
	(2900,740,'鄯善县','/32/740/','',3,0,3,0,'20030916002208'),
	(2901,740,'吐鲁番市','/32/740/','',3,0,3,0,'20030916002207'),
	(2902,740,'托克逊县','/32/740/','',3,0,3,0,'20030916002209'),
	(2903,181,'环翠区','/16/181/','',3,0,2,0,'20030916002491'),
	(2904,181,'荣成市','/16/181/','',3,0,2,0,'20030916002490'),
	(2905,181,'乳山市','/16/181/','',3,0,2,0,'20030916002486'),
	(2906,181,'文登市','/16/181/','',3,0,2,0,'20030916002483'),
	(2907,178,'安丘市','/16/178/','',3,0,3,0,'20030916001613'),
	(2908,178,'昌乐县','/16/178/','',3,0,3,0,'20030916001611'),
	(2909,178,'昌邑市','/16/178/','',3,0,2,0,'20030916001617'),
	(2910,178,'坊子区','/16/178/','',3,0,3,0,'3000000137303878'),
	(2911,178,'高密市','/16/178/','',3,0,3,0,'20030916001605'),
	(2912,178,'寒亭区','/16/178/','',3,0,2,0,'3000000137303848'),
	(2913,178,'奎文区','/16/178/','',3,0,2,0,'20030916001601'),
	(2914,178,'临朐县','/16/178/','',3,0,3,0,'20030916001616'),
	(2915,178,'青州市','/16/178/','',3,0,2,0,'20030916001602'),
	(2916,178,'寿光市','/16/178/','',3,0,2,0,'20030916001614'),
	(2917,178,'潍城区','/16/178/','',3,0,2,0,'3000000137303836'),
	(2918,178,'诸城市','/16/178/','',3,0,2,0,'20030916001609'),
	(2919,329,'白水县','/28/329/','',3,0,3,0,'20030916002685'),
	(2920,329,'澄城县','/28/329/','',3,0,3,0,'20030916002693'),
	(2921,329,'大荔县','/28/329/','',3,0,3,0,'20030916002695'),
	(2922,329,'富平县','/28/329/','',3,0,3,0,'20030916002702'),
	(2923,329,'韩城市','/28/329/','',3,0,2,0,'20030916002706'),
	(2924,329,'合阳县','/28/329/','',3,0,3,0,'20030916002709'),
	(2925,329,'华县','/28/329/','',3,0,3,0,'20030916002712'),
	(2926,329,'华阴市','/28/329/','',3,0,2,0,'20030916002713'),
	(2927,329,'临渭区','/28/329/','',3,0,2,0,'20030916002752'),
	(2928,329,'蒲城县','/28/329/','',3,0,3,0,'20030916002736'),
	(2929,329,'潼关县','/28/329/','',3,0,3,0,'20030916002750'),
	(2941,310,'富宁县','/26/310/','',3,0,3,0,'20030916001184'),
	(2942,310,'广南县','/26/310/','',3,0,3,0,'20030916001183'),
	(2943,310,'麻栗坡县','/26/310/','',3,0,3,0,'20030916001180'),
	(2944,310,'马关县','/26/310/','',3,0,3,0,'20030916001181'),
	(2945,310,'丘北县','/26/310/','',3,0,3,0,'20030916001182'),
	(2946,310,'文山县','/26/310/','',3,0,3,0,'20030916001177'),
	(2947,310,'西畴县','/26/310/','',3,0,3,0,'20030916001179'),
	(2948,310,'砚山县','/26/310/','',3,0,3,0,'20030916001178'),
	(2949,64,'海勃湾区','/6/64/','',3,0,2,0,'20030916002470'),
	(2950,64,'海南区','/6/64/','',3,0,2,0,'3000000137315973'),
	(2951,64,'乌达区','/6/64/','',3,0,2,0,'3000000137316040'),
	(2952,70,'察哈尔右翼后旗','/6/70/','',3,0,3,0,'20030916001490'),
	(2953,70,'察哈尔右翼前旗','/6/70/','',3,0,3,0,'20030916001488'),
	(2954,70,'察哈尔右翼中旗','/6/70/','',3,0,3,0,'20030916001489'),
	(2955,70,'丰镇市','/6/70/','',3,0,3,0,'20030916001482'),
	(2956,70,'化德县','/6/70/','',3,0,3,0,'20030916001484'),
	(2957,70,'集宁区','/6/70/','',3,0,2,0,'20030916001481'),
	(2958,70,'凉城县','/6/70/','',3,0,3,0,'20030916001487'),
	(2959,70,'商都县','/6/70/','',3,0,3,0,'20030916001485'),
	(2960,70,'四子王旗','/6/70/','',3,0,3,0,'20030916001491'),
	(2961,70,'兴和县','/6/70/','',3,0,3,0,'20030916001486'),
	(2962,70,'卓资县','/6/70/','',3,0,3,0,'20030916001483'),
	(2963,362,'达坂城区','/32/362/','',3,0,1,0,'20030916002168'),
	(2965,362,'沙依巴克区','/32/362/','',3,0,1,0,'20030916002164'),
	(2966,362,'水磨沟区','/32/362/','',3,0,1,0,'20030916002166'),
	(2967,362,'天山区','/32/362/','',3,0,1,0,'20030916002163'),
	(2968,362,'头屯河区','/32/362/','',3,0,1,0,'20030916002167'),
	(2969,362,'乌鲁木齐县','/32/362/','',3,0,3,0,'20030916002170'),
	(2970,362,'新市区','/32/362/','',3,0,1,0,'20030916002165'),
	(2971,112,'北塘区','/11/112/','',3,0,1,0,'3000000137083574'),
	(2972,112,'滨湖区','/11/112/','',3,0,1,0,'3000000137316914'),
	(2973,112,'崇安区','/11/112/','',3,0,1,0,'20030916002117'),
	(2974,112,'惠山区','/11/112/','',3,0,1,0,'3000000137083608'),
	(2975,112,'江阴市','/11/112/','',3,0,2,0,'20030916002119'),
	(2976,112,'南长区','/11/112/','',3,0,1,0,'3000000137083567'),
	(2977,112,'锡山区','/11/112/','',3,0,1,0,'3000000137083629'),
	(2978,112,'宜兴市','/11/112/','',3,0,2,0,'20030916002118'),
	(2979,359,'利通区','/31/359/','',3,0,2,0,'20030916002458'),
	(2980,359,'青铜峡市','/31/359/','',3,0,2,0,'20030916002459'),
	(2981,359,'同心县','/31/359/','',3,0,3,0,'20030916002463'),
	(2982,359,'盐池县','/31/359/','',3,0,3,0,'20030916002462'),
	(2990,257,'苍梧县','/21/257/','',3,0,3,0,'20030916001584'),
	(2991,257,'岑溪市','/21/257/','',3,0,3,0,'20030916001587'),
	(2992,257,'长洲区','/21/257/','',3,0,2,0,'3000000137786069'),
	(2993,257,'蝶山区','/21/257/','',3,0,2,0,'3000000137785967'),
	(2994,257,'蒙山县','/21/257/','',3,0,3,0,'20030916001585'),
	(2995,257,'藤县','/21/257/','',3,0,3,0,'20030916001591'),
	(2996,257,'万秀区','/21/257/','',3,0,2,0,'20030916001586'),
	(2997,741,'五家渠市','/32/741/','',3,0,3,0,'20030916002178'),
	(2998,206,'蔡甸区','/18/206/','',3,0,1,0,'20030916002047'),
	(2999,206,'东西湖区','/18/206/','',3,0,1,0,'20030916002045'),
	(3000,206,'汉南区','/18/206/','',3,0,1,0,'20030916002046'),
	(3001,206,'汉阳区','/18/206/','',3,0,1,0,'20030916002041'),
	(3002,206,'洪山区','/18/206/','',3,0,1,0,'20030916002044'),
	(3003,206,'黄陂区','/18/206/','',3,0,1,0,'20030916002049'),
	(3004,206,'江岸区','/18/206/','',3,0,1,0,'20030916002038'),
	(3005,206,'江汉区','/18/206/','',3,0,1,0,'20030916002039'),
	(3006,206,'江夏区','/18/206/','',3,0,1,0,'20030916002857'),
	(3007,206,'硚口区','/18/206/','',3,0,1,0,'20030916002040'),
	(3008,206,'青山区','/18/206/','',3,0,1,0,'20030916002043'),
	(3009,206,'武昌区','/18/206/','',3,0,1,0,'20030916002042'),
	(3010,206,'新洲区','/18/206/','',3,0,1,0,'20030916002050'),
	(3011,340,'古浪县','/29/340/','',3,0,2,0,'20030916001239'),
	(3012,340,'凉州区','/29/340/','',3,0,2,0,'20030916001237'),
	(3013,340,'民勤县','/29/340/','',3,0,3,0,'20030916001238'),
	(3014,340,'天祝藏族自治县','/29/340/','',3,0,3,0,'20030916001240'),
	(3015,325,'灞桥区','/28/325/','',3,0,1,0,'20030916002683'),
	(3016,325,'碑林区','/28/325/','',3,0,1,0,'20030916002688'),
	(3017,325,'长安区','/28/325/','',3,0,1,0,'20030916002690'),
	(3018,325,'高陵县','/28/325/','',3,0,3,0,'20030916002705'),
	(3019,325,'户县','/28/325/','',3,0,3,0,'20030916002711'),
	(3020,325,'蓝田县','/28/325/','',3,0,3,0,'20030916002719'),
	(3021,325,'莲湖区','/28/325/','',3,0,1,0,'20030916002721'),
	(3022,325,'临潼区','/28/325/','',3,0,1,0,'20030916002722'),
	(3023,325,'未央区','/28/325/','',3,0,1,0,'20030916002751'),
	(3024,325,'新城区','/28/325/','',3,0,1,0,'20030916002758'),
	(3025,325,'阎良区','/28/325/','',3,0,1,0,'20030916002764'),
	(3026,325,'雁塔区','/28/325/','',3,0,1,0,'20030916002765'),
	(3027,325,'周至县','/28/325/','',3,0,3,0,'20030916002777'),
	(3028,349,'城北区','/30/349/','',3,0,1,0,'20030916002302'),
	(3029,349,'城东区','/30/349/','',3,0,1,0,'20030916002300'),
	(3030,349,'城西区','/30/349/','',3,0,1,0,'20030916002301'),
	(3031,349,'城中区','/30/349/','',3,0,2,0,'20030916002299'),
	(3032,349,'大通回族土族自治县','/30/349/','',3,0,5,0,'20030916002303'),
	(3033,349,'湟源县','/30/349/','',3,0,5,0,'20030916002304'),
	(3034,349,'湟中县','/30/349/','',3,0,5,0,'20030916002305'),
	(3035,312,'景洪市','/26/312/','',3,0,2,0,'20030916001185'),
	(3036,312,'勐海县','/26/312/','',3,0,3,0,'20030916001186'),
	(3037,312,'勐腊县','/26/312/','',3,0,3,0,'20030916001187'),
	(3038,72,'阿巴嘎旗','/6/72/','',3,0,3,0,'20030916001472'),
	(3039,72,'东乌珠穆沁旗','/6/72/','',3,0,3,0,'20030916001475'),
	(3040,72,'多伦县','/6/72/','',3,0,3,0,'20030916001471'),
	(3041,72,'二连浩特市','/6/72/','',3,0,2,0,'20030916001470'),
	(3042,72,'苏尼特右旗','/6/72/','',3,0,3,0,'20030916001474'),
	(3043,72,'苏尼特左旗','/6/72/','',3,0,3,0,'20030916001473'),
	(3044,72,'太仆寺旗','/6/72/','',3,0,3,0,'20030916001477'),
	(3045,72,'西乌珠穆沁旗','/6/72/','',3,0,3,0,'20030916001476'),
	(3046,72,'锡林浩特市','/6/72/','',3,0,2,0,'20030916001469'),
	(3047,72,'镶黄旗','/6/72/','',3,0,3,0,'20030916001478'),
	(3048,72,'正蓝旗','/6/72/','',3,0,3,0,'20030916001480'),
	(3049,72,'正镶白旗','/6/72/','',3,0,3,0,'20030916001479'),
	(3050,153,'海沧区','/14/153/','',3,0,2,0,'20030916002269'),
	(3051,153,'湖里区','/14/153/','',3,0,2,0,'20030916002266'),
	(3052,153,'集美区','/14/153/','',3,0,2,0,'20030916002264'),
	(3053,153,'思明区','/14/153/','',3,0,2,0,'20030916002267'),
	(3054,153,'同安区','/14/153/','',3,0,2,0,'20030916002270'),
	(3055,153,'翔安区','/14/153/','',3,0,1,0,'3000000002491068'),
	(3056,742,'仙桃市','/18/742/','',3,0,2,0,'20030916002106'),
	(3057,216,'赤壁市','/18/216/','',3,0,2,0,'20030916002079'),
	(3058,216,'崇阳县','/18/216/','',3,0,3,0,'20030916002082'),
	(3059,216,'嘉鱼县','/18/216/','',3,0,3,0,'20030916002080'),
	(3060,216,'通城县','/18/216/','',3,0,3,0,'20030916002081'),
	(3061,216,'通山县','/18/216/','',3,0,3,0,'20030916002083'),
	(3062,216,'咸安区','/18/216/','',3,0,2,0,'20030916002078'),
	(3063,328,'彬县','/28/328/','',3,0,3,0,'20030916002689'),
	(3064,328,'长武县','/28/328/','',3,0,3,0,'20030916002691'),
	(3065,328,'淳化县','/28/328/','',3,0,3,0,'20030916002694'),
	(3066,328,'泾阳县','/28/328/','',3,0,3,0,'20030916002717'),
	(3067,328,'礼泉县','/28/328/','',3,0,3,0,'20030916002720'),
	(3068,328,'乾县','/28/328/','',3,0,3,0,'20030916002739'),
	(3069,328,'秦都区','/28/328/','',3,0,2,0,'3000000137779690'),
	(3070,328,'三原县','/28/328/','',3,0,3,0,'20030916002741'),
	(3071,328,'渭城区','/28/328/','',3,0,2,0,'20030916002757'),
	(3072,328,'武功县','/28/328/','',3,0,3,0,'20030916002755'),
	(3073,328,'兴平市','/28/328/','',3,0,2,0,'20030916002759'),
	(3074,328,'旬邑县','/28/328/','',3,0,3,0,'20030916002761'),
	(3075,328,'杨陵区','/28/328/','',3,0,2,0,'20030916002766'),
	(3076,328,'永寿县','/28/328/','',3,0,3,0,'20030916002771'),
	(3077,221,'韶山市','/19/221/','',3,0,3,0,'20030916000339'),
	(3078,221,'湘潭县','/19/221/','',3,0,3,0,'20030916000340'),
	(3079,221,'湘乡市','/19/221/','',3,0,2,0,'20030916000338'),
	(3080,221,'雨湖区','/19/221/','',3,0,2,0,'20030916000337'),
	(3081,221,'岳塘区','/19/221/','',3,0,2,0,'3000000137790622'),
	(3082,232,'保靖县','/19/232/','',3,0,3,0,'20030916000400'),
	(3083,232,'凤凰县','/19/232/','',3,0,3,0,'20030916000398'),
	(3084,232,'古丈县','/19/232/','',3,0,3,0,'20030916000401'),
	(3085,232,'花垣县','/19/232/','',3,0,3,0,'20030916000399'),
	(3086,232,'吉首市','/19/232/','',3,0,2,0,'20030916000396'),
	(3087,232,'龙山县','/19/232/','',3,0,2,0,'20030916000403'),
	(3088,232,'泸溪县','/19/232/','',3,0,3,0,'20030916000397'),
	(3089,232,'永顺县','/19/232/','',3,0,3,0,'20030916000402'),
	(3090,208,'保康县','/18/208/','',3,0,3,0,'20030916002154'),
	(3091,208,'樊城区','/18/208/','',3,0,2,0,'20030916002147'),
	(3092,208,'谷城县','/18/208/','',3,0,3,0,'20030916002153'),
	(3093,208,'老河口市','/18/208/','',3,0,3,0,'20030916002149'),
	(3094,208,'南漳县','/18/208/','',3,0,3,0,'20030916002152'),
	(3095,208,'襄城区','/18/208/','',3,0,2,0,'20030916002146'),
	(3096,208,'襄阳区','/18/208/','',3,0,2,0,'20030916002148'),
	(3097,208,'宜城市','/18/208/','',3,0,3,0,'20030916002151'),
	(3098,208,'枣阳市','/18/208/','',3,0,2,0,'20030916002150'),
	(3099,214,'安陆市','/18/214/','',3,0,2,0,'20030916002054'),
	(3100,214,'大悟县','/18/214/','',3,0,3,0,'20030916002057'),
	(3101,214,'汉川市','/18/214/','',3,0,2,0,'20030916002055'),
	(3102,214,'孝昌县','/18/214/','',3,0,3,0,'20030916002056'),
	(3103,214,'孝南区','/18/214/','',3,0,2,0,'20030916002052'),
	(3104,214,'应城市','/18/214/','',3,0,2,0,'20030916002053'),
	(3105,214,'云梦县','/18/214/','',3,0,3,0,'20030916002058'),
	(3106,56,'保德县','/5/56/','',3,0,3,0,'20030916001994'),
	(3107,56,'代县','/5/56/','',3,0,3,0,'20030916001986'),
	(3108,56,'定襄县','/5/56/','',3,0,3,0,'20030916001984'),
	(3109,56,'繁峙县','/5/56/','',3,0,3,0,'20030916001987'),
	(3110,56,'河曲县','/5/56/','',3,0,3,0,'20030916001993'),
	(3111,56,'静乐县','/5/56/','',3,0,3,0,'20030916001989'),
	(3112,56,'岢岚县','/5/56/','',3,0,3,0,'20030916001992'),
	(3113,56,'宁武县','/5/56/','',3,0,2,0,'20030916001988'),
	(3114,56,'偏关县','/5/56/','',3,0,3,0,'20030916001995'),
	(3115,56,'神池县','/5/56/','',3,0,3,0,'20030916001990'),
	(3116,56,'五台县','/5/56/','',3,0,3,0,'20030916001985'),
	(3117,56,'五寨县','/5/56/','',3,0,3,0,'20030916001991'),
	(3118,56,'忻府区','/5/56/','',3,0,2,0,'20030916001982'),
	(3119,56,'原平市','/5/56/','',3,0,2,0,'20030916001983'),
	(3120,195,'长垣县','/17/195/','',3,0,2,0,'20030916002546'),
	(3121,195,'封丘县','/17/195/','',3,0,3,0,'20030916002545'),
	(3122,195,'凤泉区','/17/195/','',3,0,2,0,'20030916002537'),
	(3123,195,'红旗区','/17/195/','',3,0,2,0,'20030916002536'),
	(3124,195,'辉县市','/17/195/','',3,0,2,0,'20030916002540'),
	(3125,195,'获嘉县','/17/195/','',3,0,3,0,'20030916002542'),
	(3126,195,'牧野区','/17/195/','',3,0,2,0,'20030916002538'),
	(3127,195,'卫滨区','/17/195/','',3,0,2,0,'20030916002535'),
	(3128,195,'卫辉市','/17/195/','',3,0,3,0,'20030916002539'),
	(3129,195,'新乡县','/17/195/','',3,0,3,0,'20030916002541'),
	(3130,195,'延津县','/17/195/','',3,0,3,0,'20030916002544'),
	(3131,195,'原阳县','/17/195/','',3,0,3,0,'20030916002543'),
	(3132,165,'分宜县','/15/165/','',3,0,3,0,'20030916001359'),
	(3133,165,'渝水区','/15/165/','',3,0,2,0,'20030916001432'),
	(3134,203,'固始县','/17/203/','',3,0,3,0,'20030916002625'),
	(3135,203,'光山县','/17/203/','',3,0,2,0,'20030916002624'),
	(3136,203,'淮滨县','/17/203/','',3,0,3,0,'20030916002622'),
	(3137,203,'潢川县','/17/203/','',3,0,2,0,'20030916002623'),
	(3138,203,'罗山县','/17/203/','',3,0,3,0,'20030916002627'),
	(3139,203,'平桥区','/17/203/','',3,0,2,0,'20030916002620'),
	(3140,203,'商城县','/17/203/','',3,0,3,0,'20030916002626'),
	(3141,203,'息县','/17/203/','',3,0,3,0,'20030916002621'),
	(3142,203,'新县','/17/203/','',3,0,3,0,'20030916002628'),
	(3143,203,'浉河区','/17/203/','',3,0,2,0,'20030916002619'),
	(3144,71,'阿尔山市','/6/71/','',3,0,2,0,'20030916000223'),
	(3145,71,'科尔沁右翼前旗','/6/71/','',3,0,3,0,'20030916000225'),
	(3146,71,'科尔沁右翼中旗','/6/71/','',3,0,3,0,'20030916000226'),
	(3147,71,'突泉县','/6/71/','',3,0,3,0,'20030916000224'),
	(3148,71,'乌兰浩特市','/6/71/','',3,0,2,0,'20030916000222'),
	(3149,71,'扎赉特旗','/6/71/','',3,0,3,0,'20030916000227'),
	(3150,41,'柏乡县','/4/41/','',3,0,3,0,'20030916001761'),
	(3151,41,'广宗县','/4/41/','',3,0,3,0,'20030916001768'),
	(3152,41,'巨鹿县','/4/41/','',3,0,3,0,'20030916001766'),
	(3153,41,'临城县','/4/41/','',3,0,3,0,'20030916001759'),
	(3154,41,'临西县','/4/41/','',3,0,3,0,'20030916001772'),
	(3155,41,'隆尧县','/4/41/','',3,0,3,0,'20030916001762'),
	(3156,41,'内丘县','/4/41/','',3,0,3,0,'20030916001760'),
	(3157,41,'南宫市','/4/41/','',3,0,2,0,'20030916001756'),
	(3158,41,'南和县','/4/41/','',3,0,3,0,'20030916001764'),
	(3159,41,'宁晋县','/4/41/','',3,0,3,0,'20030916001765'),
	(3160,41,'平乡县','/4/41/','',3,0,3,0,'20030916001769'),
	(3161,41,'桥东区','/4/41/','',3,0,2,0,'20030916001754'),
	(3162,41,'桥西区','/4/41/','',3,0,2,0,'20030916001755'),
	(3163,41,'清河县','/4/41/','',3,0,3,0,'20030916001771'),
	(3164,41,'任县','/4/41/','',3,0,3,0,'20030916001763'),
	(3165,41,'沙河市','/4/41/','',3,0,2,0,'20030916001757'),
	(3166,41,'威县','/4/41/','',3,0,3,0,'20030916001770'),
	(3167,41,'新河县','/4/41/','',3,0,3,0,'20030916001767'),
	(3168,41,'邢台县','/4/41/','',3,0,2,0,'20030916001758'),
	(3169,113,'丰县','/11/113/','',3,0,3,0,'20030916002418'),
	(3170,113,'鼓楼区','/11/113/','',3,0,1,0,'3000000007539488'),
	(3171,113,'贾汪区','/11/113/','',3,0,1,0,'20030916002416'),
	(3172,113,'九里区','/11/113/','',3,0,1,0,'3000000007539756'),
	(3173,113,'沛县','/11/113/','',3,0,3,0,'20030916002419'),
	(3174,113,'邳州市','/11/113/','',3,0,3,0,'20030916002421'),
	(3175,113,'泉山区','/11/113/','',3,0,1,0,'3000000007539314'),
	(3176,113,'睢宁县','/11/113/','',3,0,3,0,'20030916002420'),
	(3177,113,'铜山县','/11/113/','',3,0,3,0,'3000000007560252'),
	(3178,113,'新沂市','/11/113/','',3,0,3,0,'20030916002422'),
	(3179,113,'云龙区','/11/113/','',3,0,1,0,'3000000007536903'),
	(3180,198,'长葛市','/17/198/','',3,0,2,0,'20030916002588'),
	(3181,198,'魏都区','/17/198/','',3,0,2,0,'20030916002586'),
	(3182,198,'襄城县','/17/198/','',3,0,3,0,'20030916002591'),
	(3183,198,'许昌县','/17/198/','',3,0,3,0,'20030916002589'),
	(3184,198,'鄢陵县','/17/198/','',3,0,3,0,'20030916002590'),
	(3185,198,'禹州市','/17/198/','',3,0,2,0,'20030916002587'),
	(3193,287,'宝兴县','/24/287/','',3,0,3,0,'20030916000129'),
	(3194,287,'汉源县','/24/287/','',3,0,3,0,'20030916000125'),
	(3195,287,'芦山县','/24/287/','',3,0,3,0,'20030916000128'),
	(3196,287,'名山县','/24/287/','',3,0,3,0,'20030916000123'),
	(3197,287,'石棉县','/24/287/','',3,0,2,0,'20030916000126'),
	(3198,287,'天全县','/24/287/','',3,0,3,0,'20030916000127'),
	(3199,287,'荥经县','/24/287/','',3,0,3,0,'20030916000124'),
	(3200,287,'雨城区','/24/287/','',3,0,2,0,'20030916000122'),
	(3201,177,'长岛县','/16/177/','',3,0,3,0,'20030916002480'),
	(3202,177,'福山区','/16/177/','',3,0,1,0,'20030916002474'),
	(3203,177,'海阳市','/16/177/','',3,0,2,0,'20030916002488'),
	(3204,177,'莱山区','/16/177/','',3,0,1,0,'20030916002476'),
	(3205,177,'莱阳市','/16/177/','',3,0,2,0,'20030916002489'),
	(3206,177,'莱州市','/16/177/','',3,0,2,0,'20030916002487'),
	(3207,177,'龙口市','/16/177/','',3,0,2,0,'20030916002481'),
	(3208,177,'牟平区','/16/177/','',3,0,1,0,'20030916002479'),
	(3209,177,'蓬莱市','/16/177/','',3,0,2,0,'20030916002485'),
	(3210,177,'栖霞市','/16/177/','',3,0,2,0,'20030916002482'),
	(3211,177,'招远市','/16/177/','',3,0,2,0,'20030916002484'),
	(3212,177,'芝罘区','/16/177/','',3,0,1,0,'20030916002478'),
	(3213,330,'安塞县','/28/330/','',3,0,4,0,'20030916002682'),
	(3214,330,'宝塔区','/28/330/','',3,0,3,0,'20030916002762'),
	(3215,330,'富县','/28/330/','',3,0,4,0,'20030916002703'),
	(3216,330,'甘泉县','/28/330/','',3,0,4,0,'20030916002704'),
	(3217,330,'黄陵县','/28/330/','',3,0,4,0,'20030916002714'),
	(3218,330,'黄龙县','/28/330/','',3,0,4,0,'20030916002715'),
	(3219,330,'洛川县','/28/330/','',3,0,4,0,'20030916002727'),
	(3220,330,'吴起县','/28/330/','',3,0,4,0,'20030916002754'),
	(3221,330,'延长县','/28/330/','',3,0,4,0,'3000000009387571'),
	(3222,330,'延川县','/28/330/','',3,0,4,0,'20030916002763'),
	(3223,330,'宜川县','/28/330/','',3,0,4,0,'20030916002769'),
	(3224,330,'志丹县','/28/330/','',3,0,4,0,'20030916002776'),
	(3225,330,'子长县','/28/330/','',3,0,4,0,'20030916002778'),
	(3226,96,'安图县','/8/96/','',3,0,3,0,'20030916000221'),
	(3227,96,'敦化市','/8/96/','',3,0,2,0,'20030916000216'),
	(3228,96,'和龙市','/8/96/','',3,0,2,0,'20030916000219'),
	(3229,96,'珲春市','/8/96/','',3,0,2,0,'20030916000217'),
	(3230,96,'龙井市','/8/96/','',3,0,2,0,'20030916000218'),
	(3231,96,'图们市','/8/96/','',3,0,2,0,'20030916000215'),
	(3232,96,'汪清县','/8/96/','',3,0,3,0,'20030916000220'),
	(3233,96,'延吉市','/8/96/','',3,0,2,0,'20030916000214'),
	(3234,119,'滨海县','/11/119/','',3,0,3,0,'20030916002443'),
	(3235,119,'大丰市','/11/119/','',3,0,3,0,'20030916002439'),
	(3236,119,'东台市','/11/119/','',3,0,3,0,'20030916002440'),
	(3237,119,'阜宁县','/11/119/','',3,0,3,0,'20030916002442'),
	(3238,119,'建湖县','/11/119/','',3,0,3,0,'20030916002445'),
	(3239,119,'射阳县','/11/119/','',3,0,3,0,'20030916002441'),
	(3240,119,'亭湖区','/11/119/','',3,0,2,0,'3000000137304891'),
	(3241,119,'响水县','/11/119/','',3,0,3,0,'20030916002444'),
	(3242,119,'盐都区','/11/119/','',3,0,2,0,'20030916002438'),
	(3243,120,'宝应县','/11/120/','',3,0,3,0,'20030916002805'),
	(3244,120,'高邮市','/11/120/','',3,0,3,0,'20030916002804'),
	(3245,120,'广陵区','/11/120/','',3,0,2,0,'20030916002800'),
	(3246,120,'邗江区','/11/120/','',3,0,2,0,'20030916002801'),
	(3247,120,'江都市','/11/120/','',3,0,3,0,'20030916002803'),
	(3248,120,'维扬区','/11/120/','',3,0,2,0,'3000000137778530'),
	(3249,120,'仪征市','/11/120/','',3,0,3,0,'20030916002802'),
	(3250,247,'江城区','/20/247/','',3,0,2,0,'20030916000870'),
	(3251,247,'阳春市','/20/247/','',3,0,2,0,'20030916000871'),
	(3252,247,'阳东县','/20/247/','',3,0,3,0,'20030916000873'),
	(3253,247,'阳西县','/20/247/','',3,0,3,0,'20030916000872'),
	(3254,50,'城区','/5/50/','',3,0,2,0,'20030916001958'),
	(3255,50,'郊区','/5/50/','',3,0,2,0,'20030916001960'),
	(3256,50,'矿区','/5/50/','',3,0,2,0,'20030916001959'),
	(3257,50,'平定县','/5/50/','',3,0,3,0,'20030916001961'),
	(3258,50,'盂县','/5/50/','',3,0,3,0,'20030916001962'),
	(3259,373,'察布查尔锡伯自治县','/32/373/','',3,0,3,0,'20030916002245'),
	(3260,373,'巩留县','/32/373/','',3,0,3,0,'20030916002240'),
	(3261,373,'霍城县','/32/373/','',3,0,3,0,'20030916002239'),
	(3262,373,'奎屯市','/32/373/','',3,0,3,0,'20030916002237'),
	(3263,373,'尼勒克县','/32/373/','',3,0,3,0,'20030916002244'),
	(3264,373,'特克斯县','/32/373/','',3,0,3,0,'20030916002243'),
	(3265,373,'新源县','/32/373/','',3,0,3,0,'20030916002241'),
	(3266,373,'伊宁市','/32/373/','',3,0,3,0,'20030916002238'),
	(3267,373,'伊宁县','/32/373/','',3,0,3,0,'3000000137311053'),
	(3268,373,'昭苏县','/32/373/','',3,0,3,0,'20030916002242'),
	(3269,283,'长宁县','/24/283/','',3,0,3,0,'20030916000284'),
	(3270,283,'翠屏区','/24/283/','',3,0,2,0,'20030916000281'),
	(3271,283,'高县','/24/283/','',3,0,3,0,'20030916000288'),
	(3272,283,'珙县','/24/283/','',3,0,3,0,'20030916000286'),
	(3273,283,'江安县','/24/283/','',3,0,3,0,'20030916000283'),
	(3274,283,'筠连县','/24/283/','',3,0,3,0,'20030916000289'),
	(3275,283,'南溪县','/24/283/','',3,0,3,0,'20030916000282'),
	(3276,283,'屏山县','/24/283/','',3,0,3,0,'20030916000290'),
	(3277,283,'兴文县','/24/283/','',3,0,3,0,'20030916000285'),
	(3278,283,'宜宾县','/24/283/','',3,0,3,0,'20030916000287'),
	(3279,211,'长阳土家族自治县','/18/211/','',3,0,3,0,'20030916002103'),
	(3280,211,'当阳市','/18/211/','',3,0,2,0,'20030916002099'),
	(3281,211,'点军区','/18/211/','',3,0,2,0,'20030916002094'),
	(3282,211,'五峰土家族自治县','/18/211/','',3,0,3,0,'20030916002104'),
	(3283,211,'伍家岗区','/18/211/','',3,0,2,0,'20030916002093'),
	(3284,211,'西陵区','/18/211/','',3,0,2,0,'20030916002092'),
	(3285,211,'猇亭区','/18/211/','',3,0,2,0,'20030916002095'),
	(3286,211,'兴山县','/18/211/','',3,0,3,0,'20030916002101'),
	(3287,211,'夷陵区','/18/211/','',3,0,2,0,'20030916002096'),
	(3288,211,'宜都市','/18/211/','',3,0,2,0,'20030916002098'),
	(3289,211,'远安县','/18/211/','',3,0,3,0,'20030916002100'),
	(3290,211,'枝江市','/18/211/','',3,0,2,0,'20030916002097'),
	(3291,211,'秭归县','/18/211/','',3,0,3,0,'20030916002102'),
	(3292,169,'丰城市','/15/169/','',3,0,2,0,'20030916001360'),
	(3293,169,'奉新县','/15/169/','',3,0,3,0,'20030916001361'),
	(3294,169,'高安市','/15/169/','',3,0,2,0,'20030916001364'),
	(3295,169,'靖安县','/15/169/','',3,0,3,0,'20030916001376'),
	(3296,169,'上高县','/15/169/','',3,0,2,0,'20030916001401'),
	(3297,169,'铜鼓县','/15/169/','',3,0,3,0,'20030916001407'),
	(3298,169,'万载县','/15/169/','',3,0,2,0,'20030916001411'),
	(3299,169,'宜丰县','/15/169/','',3,0,3,0,'20030916001426'),
	(3300,169,'袁州区','/15/169/','',3,0,2,0,'20030916001437'),
	(3301,169,'樟树市','/15/169/','',3,0,2,0,'20030916001440'),
	(3302,227,'安化县','/19/227/','',3,0,3,0,'20030916000323'),
	(3303,227,'赫山区','/19/227/','',3,0,2,0,'20030916000319'),
	(3304,227,'南县','/19/227/','',3,0,3,0,'20030916000321'),
	(3305,227,'桃江县','/19/227/','',3,0,3,0,'20030916000322'),
	(3306,227,'沅江市','/19/227/','',3,0,2,0,'20030916000320'),
	(3307,227,'资阳区','/19/227/','',3,0,2,0,'3000000137789704'),
	(3308,357,'贺兰县','/31/357/','',3,0,3,0,'20030916002451'),
	(3309,357,'金凤区','/31/357/','',3,0,1,0,'20030916002447'),
	(3310,357,'灵武市','/31/357/','',3,0,3,0,'20030916002449'),
	(3311,357,'西夏区','/31/357/','',3,0,1,0,'20030916002448'),
	(3312,357,'兴庆区','/31/357/','',3,0,1,0,'20030916002446'),
	(3313,357,'永宁县','/31/357/','',3,0,2,0,'20030916002450'),
	(3314,166,'贵溪市','/15/166/','',3,0,2,0,'20030916001367'),
	(3315,166,'余江县','/15/166/','',3,0,3,0,'20030916001435'),
	(3316,166,'月湖区','/15/166/','',3,0,2,0,'20030916001438'),
	(3317,81,'鲅鱼圈区','/7/81/','',3,0,2,0,'20030916002668'),
	(3318,81,'大石桥市','/7/81/','',3,0,2,0,'20030916002670'),
	(3319,81,'盖州市','/7/81/','',3,0,2,0,'20030916002671'),
	(3320,81,'老边区','/7/81/','',3,0,2,0,'20030916002669'),
	(3321,81,'西市区','/7/81/','',3,0,2,0,'20030916002667'),
	(3322,81,'站前区','/7/81/','',3,0,2,0,'20030916002666'),
	(3323,229,'道县','/19/229/','',3,0,3,0,'20030916000361'),
	(3324,229,'东安县','/19/229/','',3,0,3,0,'20030916000360'),
	(3325,229,'江华瑶族自治县','/19/229/','',3,0,3,0,'20030916000368'),
	(3326,229,'江永县','/19/229/','',3,0,3,0,'20030916000363'),
	(3327,229,'蓝山县','/19/229/','',3,0,3,0,'20030916000364'),
	(3328,229,'冷水滩区','/19/229/','',3,0,2,0,'3000000137888459'),
	(3329,229,'零陵区','/19/229/','',3,0,2,0,'20030916000359'),
	(3330,229,'宁远县','/19/229/','',3,0,3,0,'20030916000362'),
	(3331,229,'祁阳县','/19/229/','',3,0,3,0,'20030916000367'),
	(3332,229,'双牌县','/19/229/','',3,0,3,0,'20030916000366'),
	(3333,229,'新田县','/19/229/','',3,0,3,0,'20030916000365'),
	(3334,332,'定边县','/28/332/','',3,0,4,0,'20030916002473'),
	(3335,332,'府谷县','/28/332/','',3,0,4,0,'20030916002701'),
	(3336,332,'横山县','/28/332/','',3,0,4,0,'20030916002710'),
	(3337,332,'佳县','/28/332/','',3,0,4,0,'20030916002716'),
	(3338,332,'靖边县','/28/332/','',3,0,4,0,'20030916002472'),
	(3339,332,'米脂县','/28/332/','',3,0,4,0,'20030916002730'),
	(3340,332,'清涧县','/28/332/','',3,0,4,0,'20030916002740'),
	(3341,332,'神木县','/28/332/','',3,0,4,0,'20030916002745'),
	(3342,332,'绥德县','/28/332/','',3,0,4,0,'20030916002747'),
	(3343,332,'吴堡县','/28/332/','',3,0,4,0,'20030916002753'),
	(3344,332,'榆阳区','/28/332/','',3,0,4,0,'20030916002772'),
	(3345,332,'子洲县','/28/332/','',3,0,4,0,'20030916002779'),
	(3346,262,'北流市','/21/262/','',3,0,2,0,'20030916001513'),
	(3347,262,'博白县','/21/262/','',3,0,3,0,'20030916001588'),
	(3348,262,'陆川县','/21/262/','',3,0,3,0,'20030916001589'),
	(3349,262,'容县','/21/262/','',3,0,3,0,'20030916001590'),
	(3350,262,'兴业县','/21/262/','',3,0,3,0,'20030916001592'),
	(3351,262,'玉州区','/21/262/','',3,0,2,0,'20030916001593'),
	(3352,355,'称多县','/30/355/','',3,0,5,0,'20030916002333'),
	(3353,355,'囊谦县','/30/355/','',3,0,5,0,'20030916002335'),
	(3354,355,'曲麻莱县','/30/355/','',3,0,5,0,'20030916002336'),
	(3356,355,'玉树县','/30/355/','',3,0,5,0,'20030916002331'),
	(3357,355,'杂多县','/30/355/','',3,0,5,0,'20030916002332'),
	(3358,355,'治多县','/30/355/','',3,0,5,0,'20030916002334'),
	(3359,304,'澄江县','/26/304/','',3,0,3,0,'20030916001086'),
	(3360,304,'峨山彝族自治县','/26/304/','',3,0,3,0,'20030916001090'),
	(3361,304,'红塔区','/26/304/','',3,0,2,0,'20030916001084'),
	(3362,304,'华宁县','/26/304/','',3,0,3,0,'20030916001088'),
	(3363,304,'江川县','/26/304/','',3,0,3,0,'20030916001085'),
	(3364,304,'通海县','/26/304/','',3,0,3,0,'20030916001087'),
	(3365,304,'新平彝族傣族自治县','/26/304/','',3,0,3,0,'20030916001091'),
	(3366,304,'易门县','/26/304/','',3,0,3,0,'20030916001089'),
	(3367,304,'元江哈尼族彝族傣族自治县','/26/304/','',3,0,3,0,'20030916001092'),
	(3368,224,'华容县','/19/224/','',3,0,3,0,'20030916000328'),
	(3369,224,'君山区','/19/224/','',3,0,2,0,'3000000137789920'),
	(3370,224,'临湘市','/19/224/','',3,0,2,0,'20030916000326'),
	(3371,224,'汨罗市','/19/224/','',3,0,3,0,'20030916000325'),
	(3372,224,'平江县','/19/224/','',3,0,3,0,'20030916000330'),
	(3373,224,'湘阴县','/19/224/','',3,0,3,0,'20030916000329'),
	(3374,224,'岳阳楼区','/19/224/','',3,0,2,0,'20030916000324'),
	(3375,224,'岳阳县','/19/224/','',3,0,3,0,'20030916000327'),
	(3376,224,'云溪区','/19/224/','',3,0,2,0,'3000000137790010'),
	(3377,253,'罗定市','/20/253/','',3,0,2,0,'20030916000587'),
	(3378,253,'新兴县','/20/253/','',3,0,3,0,'20030916000588'),
	(3379,253,'郁南县','/20/253/','',3,0,3,0,'20030916000589'),
	(3380,253,'云安县','/20/253/','',3,0,3,0,'20030916000590'),
	(3381,253,'云城区','/20/253/','',3,0,2,0,'20030916000591'),
	(3382,55,'河津市','/5/55/','',3,0,2,0,'20030916002026'),
	(3383,55,'稷山县','/5/55/','',3,0,3,0,'20030916002032'),
	(3384,55,'绛县','/5/55/','',3,0,3,0,'20030916002035'),
	(3385,55,'临猗县','/5/55/','',3,0,3,0,'20030916002029'),
	(3386,55,'平陆县','/5/55/','',3,0,3,0,'20030916002036'),
	(3387,55,'芮城县','/5/55/','',3,0,3,0,'20030916002028'),
	(3388,55,'万荣县','/5/55/','',3,0,3,0,'20030916002030'),
	(3389,55,'闻喜县','/5/55/','',3,0,3,0,'20030916002033'),
	(3390,55,'夏县','/5/55/','',3,0,3,0,'20030916002034'),
	(3391,55,'新绛县','/5/55/','',3,0,3,0,'20030916002031'),
	(3392,55,'盐湖区','/5/55/','',3,0,2,0,'20030916002024'),
	(3393,55,'永济市','/5/55/','',3,0,2,0,'20030916002025'),
	(3394,55,'垣曲县','/5/55/','',3,0,3,0,'20030916002037'),
	(3395,175,'山亭区','/16/175/','',3,0,1,0,'20030916000948'),
	(3396,175,'市中区','/16/175/','',3,0,1,0,'3000000137304266'),
	(3397,175,'台儿庄区','/16/175/','',3,0,1,0,'20030916000949'),
	(3398,175,'滕州市','/16/175/','',3,0,1,0,'20030916000950'),
	(3399,175,'薛城区','/16/175/','',3,0,1,0,'3000000137304308'),
	(3400,175,'峄城区','/16/175/','',3,0,1,0,'3000000137304363'),
	(3401,240,'赤坎区','/20/240/','',3,0,2,0,'20030916000879'),
	(3402,240,'雷州市','/20/240/','',3,0,2,0,'20030916000884'),
	(3403,240,'廉江市','/20/240/','',3,0,2,0,'20030916000885'),
	(3404,240,'麻章区','/20/240/','',3,0,3,0,'20030916000882'),
	(3405,240,'坡头区','/20/240/','',3,0,2,0,'20030916000881'),
	(3406,240,'遂溪县','/20/240/','',3,0,3,0,'20030916000886'),
	(3407,240,'吴川市','/20/240/','',3,0,2,0,'20030916000883'),
	(3408,240,'霞山区','/20/240/','',3,0,2,0,'20030916000880'),
	(3409,240,'徐闻县','/20/240/','',3,0,2,0,'20030916000887'),
	(3410,226,'慈利县','/19/226/','',3,0,3,0,'20030916000309'),
	(3411,226,'桑植县','/19/226/','',3,0,3,0,'20030916000310'),
	(3412,226,'武陵源区','/19/226/','',3,0,2,0,'3000000138471371'),
	(3413,226,'永定区','/19/226/','',3,0,2,0,'20030916000308'),
	(3414,43,'赤城县','/4/43/','',3,0,3,0,'rowid09230100031'),
	(3415,43,'崇礼县','/4/43/','',3,0,3,0,'rowid09230100032'),
	(3416,43,'沽源县','/4/43/','',3,0,3,0,'rowid09230100023'),
	(3417,43,'怀安县','/4/43/','',3,0,3,0,'rowid09230100027'),
	(3418,43,'怀来县','/4/43/','',3,0,3,0,'rowid09230100029'),
	(3419,43,'康保县','/4/43/','',3,0,3,0,'rowid09230100022'),
	(3420,43,'桥东区','/4/43/','',3,0,2,0,'3000000137081930'),
	(3421,43,'桥西区','/4/43/','',3,0,2,0,'rowid09230100019'),
	(3422,43,'尚义县','/4/43/','',3,0,3,0,'rowid09230100024'),
	(3423,43,'万全县','/4/43/','',3,0,3,0,'rowid09230100028'),
	(3424,43,'蔚县','/4/43/','',3,0,3,0,'rowid09230100025'),
	(3425,43,'下花园区','/4/43/','',3,0,2,0,'3000000137081987'),
	(3426,43,'宣化区','/4/43/','',3,0,2,0,'3000000137082306'),
	(3427,43,'宣化县','/4/43/','',3,0,3,0,'rowid09230100020'),
	(3428,43,'阳原县','/4/43/','',3,0,3,0,'rowid09230100026'),
	(3429,43,'张北县','/4/43/','',3,0,3,0,'rowid09230100021'),
	(3430,43,'涿鹿县','/4/43/','',3,0,3,0,'rowid09230100030'),
	(3431,341,'甘州区','/29/341/','',3,0,2,0,'20030916001249'),
	(3432,341,'高台县','/29/341/','',3,0,3,0,'20030916001252'),
	(3433,341,'临泽县','/29/341/','',3,0,3,0,'20030916001251'),
	(3434,341,'民乐县','/29/341/','',3,0,3,0,'20030916001250'),
	(3435,341,'山丹县','/29/341/','',3,0,3,0,'20030916001253'),
	(3436,341,'肃南裕固族自治县','/29/341/','',3,0,3,0,'20030916001254'),
	(3437,157,'长泰县','/14/157/','',3,0,3,0,'20030916002289'),
	(3438,157,'东山县','/14/157/','',3,0,3,0,'20030916002288'),
	(3439,157,'华安县','/14/157/','',3,0,3,0,'20030916002291'),
	(3440,157,'龙海市','/14/157/','',3,0,3,0,'20030916002284'),
	(3441,157,'龙文区','/14/157/','',3,0,3,0,'20030916002282'),
	(3442,157,'南靖县','/14/157/','',3,0,3,0,'20030916002285'),
	(3443,157,'平和县','/14/157/','',3,0,3,0,'20030916002290'),
	(3444,157,'芗城区','/14/157/','',3,0,2,0,'20030916002281'),
	(3445,157,'云霄县','/14/157/','',3,0,3,0,'20030916002283'),
	(3446,157,'漳浦县','/14/157/','',3,0,3,0,'20030916002286'),
	(3447,157,'诏安县','/14/157/','',3,0,3,0,'20030916002287'),
	(3448,306,'大关县','/26/306/','',3,0,3,0,'20030916001102'),
	(3449,306,'鲁甸县','/26/306/','',3,0,3,0,'20030916001099'),
	(3450,306,'巧家县','/26/306/','',3,0,3,0,'20030916001100'),
	(3451,306,'水富县','/26/306/','',3,0,3,0,'20030916000298'),
	(3452,306,'绥江县','/26/306/','',3,0,3,0,'20030916001104'),
	(3453,306,'威信县','/26/306/','',3,0,3,0,'20030916001106'),
	(3454,306,'盐津县','/26/306/','',3,0,3,0,'20030916001101'),
	(3455,306,'彝良县','/26/306/','',3,0,3,0,'20030916001105'),
	(3456,306,'永善县','/26/306/','',3,0,3,0,'20030916001103'),
	(3457,306,'昭阳区','/26/306/','',3,0,2,0,'20030916001098'),
	(3458,306,'镇雄县','/26/306/','',3,0,3,0,'20030916000491'),
	(3459,242,'德庆县','/20/242/','',3,0,2,0,'20030916000593'),
	(3460,242,'鼎湖区','/20/242/','',3,0,2,0,'GDADD00000000001'),
	(3461,242,'端州区','/20/242/','',3,0,2,0,'GDADD00000000002'),
	(3462,242,'封开县','/20/242/','',3,0,3,0,'20030916000596'),
	(3463,242,'高要市','/20/242/','',3,0,2,0,'20030916000597'),
	(3464,242,'广宁县','/20/242/','',3,0,3,0,'20030916000598'),
	(3465,242,'怀集县','/20/242/','',3,0,3,0,'20030916000599'),
	(3466,242,'四会市','/20/242/','',3,0,2,0,'GDADD00000000003'),
	(3467,121,'丹徒区','/11/121/','',3,0,3,0,'20030916002807'),
	(3468,121,'丹阳市','/11/121/','',3,0,3,0,'20030916002808'),
	(3469,121,'京口区','/11/121/','',3,0,2,0,'3000000137302818'),
	(3470,121,'句容市','/11/121/','',3,0,3,0,'20030916002810'),
	(3471,121,'润州区','/11/121/','',3,0,2,0,'20030916002806'),
	(3472,121,'扬中市','/11/121/','',3,0,3,0,'20030916002809'),
	(3473,189,'登封市','/17/189/','',3,0,2,0,'20030916002640'),
	(3474,189,'二七区','/17/189/','',3,0,1,0,'20030916002493'),
	(3475,189,'巩义市','/17/189/','',3,0,2,0,'20030916002501'),
	(3476,189,'管城回族区','/17/189/','',3,0,1,0,'20030916002494'),
	(3477,189,'惠济区','/17/189/','',3,0,1,0,'20030916002497'),
	(3478,189,'金水区','/17/189/','',3,0,1,0,'20030916002495'),
	(3479,189,'上街区','/17/189/','',3,0,1,0,'20030916002496'),
	(3480,189,'新密市','/17/189/','',3,0,2,0,'20030916002500'),
	(3481,189,'新郑市','/17/189/','',3,0,2,0,'20030916002498'),
	(3482,189,'荥阳市','/17/189/','',3,0,2,0,'20030916002502'),
	(3483,189,'中牟县','/17/189/','',3,0,3,0,'20030916002503'),
	(3484,189,'中原区','/17/189/','',3,0,1,0,'20030916002492'),
	(3485,250,'中山市','/20/250/','',3,0,2,0,'20030916000602'),
	(3486,361,'海原县（海城镇）','/31/361/','',3,0,3,0,'20030916002465'),
	(3487,361,'沙坡头区','/31/361/','',3,0,2,0,'20030916002460'),
	(3488,361,'中宁县（宁安镇）','/31/361/','',3,0,3,0,'20030916002461'),
	(3493,204,'川汇区','/17/204/','',3,0,2,0,'20030916002629'),
	(3494,204,'郸城县','/17/204/','',3,0,3,0,'20030916002636'),
	(3495,204,'扶沟县','/17/204/','',3,0,3,0,'20030916002631'),
	(3496,204,'淮阳县','/17/204/','',3,0,3,0,'20030916002637'),
	(3497,204,'鹿邑县','/17/204/','',3,0,3,0,'20030916002635'),
	(3498,204,'商水县','/17/204/','',3,0,3,0,'20030916002633'),
	(3499,204,'沈丘县','/17/204/','',3,0,3,0,'20030916002638'),
	(3500,204,'太康县','/17/204/','',3,0,3,0,'20030916002634'),
	(3501,204,'西华县','/17/204/','',3,0,3,0,'20030916002632'),
	(3502,204,'项城市','/17/204/','',3,0,3,0,'20030916002630'),
	(3503,220,'茶陵县','/19/220/','',3,0,3,0,'20030916000335'),
	(3504,220,'荷塘区','/19/220/','',3,0,2,0,'20030916000331'),
	(3505,220,'醴陵市','/19/220/','',3,0,2,0,'20030916000332'),
	(3506,220,'芦淞区','/19/220/','',3,0,2,0,'3000000137790395'),
	(3507,220,'石峰区','/19/220/','',3,0,2,0,'3000000137790486'),
	(3508,220,'天元区','/19/220/','',3,0,2,0,'3000000137790236'),
	(3509,220,'炎陵县','/19/220/','',3,0,3,0,'20030916000336'),
	(3510,220,'攸县','/19/220/','',3,0,3,0,'20030916000334'),
	(3511,220,'株洲县','/19/220/','',3,0,3,0,'20030916000333'),
	(3512,235,'斗门区','/20/235/','',3,0,3,0,'20030916000603'),
	(3513,235,'金湾区','/20/235/','',3,0,3,0,'20030916000604'),
	(3514,235,'香洲区','/20/235/','',3,0,2,0,'20030916000605'),
	(3515,205,'泌阳县','/17/205/','',3,0,3,0,'20030916002641'),
	(3516,205,'平舆县','/17/205/','',3,0,3,0,'20030916002646'),
	(3517,205,'确山县','/17/205/','',3,0,3,0,'20030916002499'),
	(3518,205,'汝南县','/17/205/','',3,0,3,0,'20030916002645'),
	(3519,205,'上蔡县','/17/205/','',3,0,3,0,'20030916002644'),
	(3520,205,'遂平县','/17/205/','',3,0,3,0,'20030916002642'),
	(3521,205,'西平县','/17/205/','',3,0,2,0,'20030916002643'),
	(3522,205,'新蔡县','/17/205/','',3,0,3,0,'20030916002647'),
	(3523,205,'驿城区','/17/205/','',3,0,2,0,'20030916002639'),
	(3524,205,'正阳县','/17/205/','',3,0,3,0,'20030916002648'),
	(3525,289,'安岳县','/24/289/','',3,0,3,0,'20030916000113'),
	(3526,289,'简阳市','/24/289/','',3,0,3,0,'20030916000111'),
	(3527,289,'乐至县','/24/289/','',3,0,3,0,'20030916000112'),
	(3528,289,'雁江区','/24/289/','',3,0,2,0,'20030916000110'),
	(3529,174,'博山区','/16/174/','',3,0,2,0,'20030916000971'),
	(3530,174,'高青县','/16/174/','',3,0,3,0,'20030916000972'),
	(3531,174,'桓台县','/16/174/','',3,0,3,0,'20030916000973'),
	(3532,174,'临淄区','/16/174/','',3,0,2,0,'20030916000974'),
	(3533,174,'沂源县','/16/174/','',3,0,3,0,'20030916000975'),
	(3534,174,'张店区','/16/174/','',3,0,2,0,'20030916000976'),
	(3535,174,'周村区','/16/174/','',3,0,2,0,'20030916000977'),
	(3536,174,'淄川区','/16/174/','',3,0,2,0,'20030916000978'),
	(3537,273,'大安区','/24/273/','',3,0,3,0,'20030916000098'),
	(3538,273,'富顺县','/24/273/','',3,0,5,0,'20030916000103'),
	(3539,273,'贡井区','/24/273/','',3,0,3,0,'20030916000099'),
	(3540,273,'荣县','/24/273/','',3,0,5,0,'20030916000102'),
	(3541,273,'沿滩区','/24/273/','',3,0,4,0,'20030916000101'),
	(3542,273,'自流井区','/24/273/','',3,0,3,0,'20030916000100'),
	(3543,295,'赤水市','/25/295/','',3,0,2,0,'20030916000419'),
	(3544,295,'道真仡佬族苗族自治县','/25/295/','',3,0,4,0,'20030916000429'),
	(3545,295,'凤冈县','/25/295/','',3,0,4,0,'20030916000425'),
	(3546,295,'红花岗区','/25/295/','',3,0,2,0,'20030916000418'),
	(3547,295,'汇川区','/25/295/','',3,0,2,0,'3000000137789046'),
	(3548,295,'湄潭县','/25/295/','',3,0,4,0,'20030916000426'),
	(3549,295,'仁怀市','/25/295/','',3,0,2,0,'20030916000420'),
	(3550,295,'绥阳县','/25/295/','',3,0,4,0,'20030916000423'),
	(3551,295,'桐梓县','/25/295/','',3,0,4,0,'20030916000422'),
	(3552,295,'务川仡佬族苗族自治县','/25/295/','',3,0,4,0,'20030916000430'),
	(3553,295,'习水县','/25/295/','',3,0,4,0,'20030916000428'),
	(3554,295,'余庆县','/25/295/','',3,0,4,0,'20030916000427'),
	(3555,295,'正安县','/25/295/','',3,0,4,0,'20030916000424'),
	(3556,295,'遵义县','/25/295/','',3,0,4,0,'20030916000421'),
	(3557,271,'渝中区','/23/271/','',3,0,1,0,'20030916000228'),
	(3558,271,'大渡口区','/23/271/','',3,0,1,0,'20030916000234'),
	(3559,271,'江北区','/23/271/','',3,0,1,0,'20030916000229'),
	(3560,271,'南岸区','/23/271/','',3,0,1,0,'20030916000233'),
	(3561,271,'沙坪坝区','/23/271/','',3,0,1,0,'20030916000230'),
	(3562,271,'九龙坡区','/23/271/','',3,0,1,0,'20030916000232'),
	(3563,271,'北碚区','/23/271/','',3,0,1,0,'20030916000235'),
	(3564,271,'万盛区','/23/271/','',3,0,2,0,'20030916000236'),
	(3565,271,'双桥区','/23/271/','',3,0,1,0,'20030916000237'),
	(3566,271,'渝北区','/23/271/','',3,0,1,0,'20030916000238'),
	(3567,271,'巴南区','/23/271/','',3,0,1,0,'20030916000240'),
	(3568,271,'万州区','/23/271/','',3,0,2,0,'20030916000250'),
	(3569,271,'涪陵区','/23/271/','',3,0,2,0,'20030916000259'),
	(3570,271,'黔江区','/23/271/','',3,0,1,0,'20030916000266'),
	(3571,271,'长寿区','/23/271/','',3,0,1,0,'20030916000239'),
	(3572,271,'江津区','/23/271/','',3,0,1,0,'20030916000244'),
	(3573,271,'合川区','/23/271/','',3,0,1,0,'20030916000242'),
	(3574,271,'永川区','/23/271/','',3,0,1,0,'20030916000243'),
	(3575,271,'南川区','/23/271/','',3,0,1,0,'20030916000263'),
	(3579,22,'海南省直辖市县','/22/','',2,0,0,0,''),
	(3580,269,'三亚市','/22/269/','',3,0,3,0,'20030916000869'),
	(3591,271,'綦江县','/23/271/','',3,0,3,0,'20030916000241'),
	(3592,271,'潼南县','/23/271/','',3,0,2,0,'20030916000248'),
	(3593,271,'铜梁县','/23/271/','',3,0,2,0,'20030916000247'),
	(3594,271,'大足县','/23/271/','',3,0,2,0,'20030916000245'),
	(3595,271,'荣昌县','/23/271/','',3,0,3,0,'20030916000246'),
	(3596,271,'璧山县','/23/271/','',3,0,2,0,'20030916000249'),
	(3597,271,'梁平县','/23/271/','',3,0,3,0,'20030916000255'),
	(3598,271,'城口县','/23/271/','',3,0,3,0,'20030916000258'),
	(3599,271,'丰都县','/23/271/','',3,0,3,0,'20030916000260'),
	(3600,271,'垫江县','/23/271/','',3,0,3,0,'20030916000262'),
	(3601,271,'武隆县','/23/271/','',3,0,3,0,'20030916000261'),
	(3602,271,'忠县','/23/271/','',3,0,3,0,'20030916000251'),
	(3603,271,'开县','/23/271/','',3,0,2,0,'20030916000256'),
	(3604,271,'云阳县','/23/271/','',3,0,2,0,'20030916000252'),
	(3605,271,'奉节县','/23/271/','',3,0,3,0,'20030916000253'),
	(3606,271,'巫山县','/23/271/','',3,0,3,0,'20030916000254'),
	(3607,271,'巫溪县','/23/271/','',3,0,3,0,'20030916000257'),
	(3608,271,'石柱自治县','/23/271/','',3,0,3,0,'20030916000264'),
	(3609,271,'秀山自治县','/23/271/','',3,0,3,0,'20030916000268'),
	(3610,271,'酉阳自治县','/23/271/','',3,0,3,0,'20030916000267'),
	(3611,271,'彭水自治县','/23/271/','',3,0,3,0,'20030916000265'),
	(3612,717,'大港区','/3/717/','',3,0,2,0,'20030916001861'),
	(3615,362,'米东区','/32/362/','',3,0,3,0,'20030916002169'),
	(3617,168,'井冈山市','/15/168/','',3,0,2,0,'20030916001375'),
	(46495,301,'都匀市','/25/301/','',3,0,3,0,'20030916000471'),
	(46496,301,'福泉市','/25/301/','',3,0,3,0,'20030916000472'),
	(46497,301,'荔波县','/25/301/','',3,0,3,0,'20030916000473'),
	(46498,301,'贵定县','/25/301/','',3,0,3,0,'20030916000474'),
	(46499,301,'瓮安县','/25/301/','',3,0,3,0,'20030916000475'),
	(46500,301,'独山县','/25/301/','',3,0,3,0,'20030916000476'),
	(46501,301,'平塘县','/25/301/','',3,0,3,0,'20030916000477'),
	(46502,301,'罗甸县','/25/301/','',3,0,3,0,'20030916000478'),
	(46503,301,'长顺县','/25/301/','',3,0,3,0,'20030916000479'),
	(46504,301,'龙里县','/25/301/','',3,0,3,0,'20030916000480'),
	(46505,301,'惠水县','/25/301/','',3,0,3,0,'20030916000481'),
	(46506,301,'三都水族自治县','/25/301/','',3,0,3,0,'20030916000482'),
	(46507,299,'兴义市','/25/299/','',3,0,3,0,'20030916000483'),
	(46508,299,'兴仁县','/25/299/','',3,0,3,0,'20030916000484'),
	(46509,299,'普安县','/25/299/','',3,0,3,0,'20030916000485'),
	(46510,299,'晴隆县','/25/299/','',3,0,3,0,'20030916000486'),
	(46511,299,'贞丰县','/25/299/','',3,0,3,0,'20030916000487'),
	(46512,299,'望谟县','/25/299/','',3,0,3,0,'20030916000488'),
	(46513,299,'册亨县','/25/299/','',3,0,3,0,'20030916000489'),
	(46514,299,'安龙县','/25/299/','',3,0,3,0,'20030916000490'),
	(46515,155,'建宁县','/14/155/','',3,0,3,0,'20030916001657'),
	(46517,9,'伊春','/9/','',2,0,0,0,''),
	(46520,46517,'乌伊岭区','/9/46517/','',3,0,0,0,'20030916000669'),
	(46521,46517,'伊春市红星区','/9/46517/','',3,0,0,0,'20030916000670'),
	(46522,46517,'伊春市上甘岭区','/9/46517/','',3,0,0,0,'20030916000671'),
	(46523,46517,'铁力市','/9/46517/','',3,0,0,0,'20030916000672'),
	(46524,46517,'嘉荫县','/9/46517/','',3,0,0,0,'20030916000673'),
	(46525,46517,'伊春市美溪区','/9/46517/','',3,0,0,0,'20030916000663'),
	(46526,46517,'伊春市南岔区','/9/46517/','',3,0,0,0,'20030916000658'),
	(46527,46517,'伊春市友好区','/9/46517/','',3,0,0,0,'20030916000659'),
	(46528,46517,'伊春市西林区','/9/46517/','',3,0,0,0,'20030916000660'),
	(46529,46517,'伊春市新青区','/9/46517/','',3,0,0,0,'20030916000662'),
	(46530,46517,'伊春市带岭区','/9/46517/','',3,0,0,0,'20030916000668'),
	(46531,46517,'伊春市翠峦区','/9/46517/','',3,0,0,0,'20030916000661'),
	(46532,46517,'伊春市金山屯区','/9/46517/','',3,0,0,0,'20030916000664'),
	(46533,46517,'伊春市五营区','/9/46517/','',3,0,0,0,'20030916000665'),
	(46534,46517,'伊春市乌马河区','/9/46517/','',3,0,0,0,'20030916000666'),
	(46535,46517,'伊春市汤旺河区','/9/46517/','',3,0,0,0,'20030916000667'),
	(46536,281,'乐山市','/24/281/','',3,0,0,0,'20030916000085'),
	(46537,280,'内江市','/24/280/','',3,0,0,0,'20030916000079'),
	(46538,292,'凉山州','/24/292/','',3,0,0,0,'20030916001188'),
	(46539,282,'南充市','/24/282/','',3,0,0,0,'20030916000064'),
	(46540,288,'巴中市','/24/288/','',3,0,0,0,'20030916000104'),
	(46541,278,'广元市','/24/278/','',3,0,0,0,'20030916000039'),
	(46542,286,'眉山市','/24/286/','',3,0,0,0,'20030916000114'),
	(46543,277,'绵阳市','/24/277/','',3,0,0,0,'20030916000047'),
	(46544,273,'自贡市','/24/273/','',3,0,0,0,'20030916000097'),
	(46545,289,'资阳市','/24/289/','',3,0,0,0,'20030916000109'),
	(46546,287,'雅安市','/24/287/','',3,0,0,0,'20030916000121'),
	(46547,318,'拉萨市','/27/318/','',3,0,0,0,'20030916002342'),
	(46548,324,'林芝县','/27/324/','',3,0,0,0,'20030916002372'),
	(46549,296,'安顺市','/25/296/','',3,0,0,0,'20030916000431'),
	(46550,349,'城南新区','/30/349/','',3,0,0,0,'3000000025702303'),
	(46551,135,'长丰县','/13/135/','',3,0,0,0,'20030916000747'),
	(46552,243,'惠州市','/20/243/','',3,0,0,0,'20030916000527'),
	(46553,245,'汕尾市','/20/245/','',3,0,0,0,'20030916000574'),
	(46554,239,'新会市','/20/239/','',3,0,0,0,'20030916000536'),
	(46555,246,'河源市','/20/246/','',3,0,0,0,'20030916000518'),
	(46556,366,'和田市','/32/366/','',3,0,0,0,'20030916002200'),
	(46557,370,'和硕县','/32/370/','',3,0,0,0,'20030916002234'),
	(46558,370,'博湖县','/32/370/','',3,0,0,0,'20030916002235'),
	(46559,370,'焉耆回族自治县','/32/370/','',3,0,0,0,'20030916002236'),
	(46560,370,'库尔勒市','/32/370/','',3,0,0,0,'20030916002228'),
	(46561,370,'轮台县','/32/370/','',3,0,0,0,'20030916002229'),
	(46562,370,'尉犁县','/32/370/','',3,0,0,0,'20030916002230'),
	(46563,370,'且末县','/32/370/','',3,0,0,0,'20030916002232'),
	(46564,127,'秀城区','/12/127/','',3,0,0,0,'20030916000906'),
	(46565,74,'新城子区','/7/74/','',3,0,0,0,'20030916001799'),
	(1380999,292,'东区','/24/292/','',3,0,0,0,'20030916001205'),
	(1381001,718,'上海区','/10/718/','',3,0,0,0,'3000000002564821'),
	(1381002,717,'塘沽区','/3/717/','',3,0,0,0,'20030916001859'),
	(1381003,717,'汉沽区','/3/717/','',3,0,0,0,'20030916001860'),
	(1381004,358,'石嘴山区','/31/358/','',3,0,0,0,'20030916002453'),
	(1381005,253,'云浮市','/20/253/','',3,0,0,0,'20030916000592'),
	(1381006,238,'佛山市','/20/238/','',3,0,0,0,'20030916000498'),
	(1381007,233,'广州市','/20/233/','',3,0,0,0,'20030916000508'),
	(1381008,252,'揭阳市','/20/252/','',3,0,0,0,'20030916000540'),
	(1381009,244,'梅州市','/20/244/','',3,0,0,0,'20030916000548'),
	(1381010,236,'汕头市','/20/236/','',3,0,0,0,'20030916000568'),
	(1381011,239,'江门市','/20/239/','',3,0,0,0,'20030916000532'),
	(1381012,248,'清远市','/20/248/','',3,0,0,0,'20030916000558'),
	(1381013,251,'潮州市','/20/251/','',3,0,0,0,'20030916000493'),
	(1381014,251,'潮州市','/20/251/','',3,0,0,0,'20030916000493'),
	(1381015,235,'珠海市','/20/235/','',3,0,0,0,'20030916000606'),
	(1381016,242,'肇庆市','/20/242/','',3,0,0,0,'20030916000601'),
	(1381017,241,'茂名市','/20/241/','',3,0,0,0,'20030916000874'),
	(1381018,32,'图木舒克','/32/','',2,0,0,0,''),
	(1381019,1381018,'图木舒克市','/32/1381018/','',3,0,0,0,'20030916002177'),
	(1381020,363,'和丰县','/32/363/','',3,0,0,0,'20030916002261'),
	(1381021,370,'马兰县','/32/370/','',3,0,0,0,'20030916002260'),
	(1381022,370,'和静县','/32/370/','',3,0,0,0,'20030916002233'),
	(1381023,370,'若羌县','/32/370/','',3,0,0,0,'20030916002231'),
	(1381024,209,'十堰市','/18/209/','',3,0,0,0,'20030916002136'),
	(1381025,212,'荆门市','/18/212/','',3,0,0,0,'20030916002155'),
	(1381026,208,'襄樊市','/18/208/','',3,0,0,0,'20030916002145'),
	(1381027,217,'随州市','/18/217/','',3,0,0,0,'20030916002160'),
	(1381028,341,'张掖市','/29/341/','',3,0,0,0,'20030916001248'),
	(1381029,340,'武威市','/29/340/','',3,0,0,0,'20030916001236'),
	(1381030,337,'金昌市','/29/337/','',3,0,0,0,'20030916001222'),
	(1381031,155,'三明','/14/155/','',3,0,0,0,'3000000024123400'),
	(1381032,158,'南平','/14/158/','',3,0,0,0,'3000000024123717'),
	(1381033,160,'宁德','/14/160/','',3,0,0,0,'3000000024124072'),
	(1381034,152,'福州市','/14/152/','',3,0,0,0,'3000000024109771'),
	(1381035,154,'莆田','/14/154/','',3,0,0,0,'3000000024124491'),
	(1381036,74,'新民市兴隆堡','/7/74/','',3,0,0,0,'3000000041909055'),
	(1381037,46517,'伊春市伊春区','/9/46517/','',3,0,0,0,'20030916000657');

/*!40000 ALTER TABLE `regions` ENABLE KEYS */;
UNLOCK TABLES;


# Dump of table search_keyword
# ------------------------------------------------------------

DROP TABLE IF EXISTS `search_keyword`;

CREATE TABLE `search_keyword` (
  `id` int(11) unsigned NOT NULL AUTO_INCREMENT,
  `keyword` varchar(10) NOT NULL DEFAULT '' COMMENT '关键字',
  `create_time` datetime NOT NULL COMMENT '添加时间',
  `create_id` int(11) NOT NULL,
  `create_name` varchar(50) NOT NULL DEFAULT '',
  `update_time` datetime NOT NULL,
  PRIMARY KEY (`id`)
) ENGINE=InnoDB DEFAULT CHARSET=utf8 COMMENT='搜索敏感词过滤';

LOCK TABLES `search_keyword` WRITE;
/*!40000 ALTER TABLE `search_keyword` DISABLE KEYS */;

INSERT INTO `search_keyword` (`id`, `keyword`, `create_time`, `create_id`, `create_name`, `update_time`)
VALUES
	(1,'阿扁推翻','2015-01-01 00:00:00',1,'admin','2015-01-01 00:00:00'),
	(2,'阿宾','2015-01-01 00:00:00',1,'admin','2015-01-01 00:00:00'),
	(3,'阿賓','2015-01-01 00:00:00',1,'admin','2015-01-01 00:00:00'),
	(4,'挨了一炮','2015-01-01 00:00:00',1,'admin','2015-01-01 00:00:00'),
	(5,'爱液横流','2015-01-01 00:00:00',1,'admin','2015-01-01 00:00:00'),
	(6,'安街逆','2015-01-01 00:00:00',1,'admin','2015-01-01 00:00:00'),
	(7,'安局办公楼','2015-01-01 00:00:00',1,'admin','2015-01-01 00:00:00'),
	(8,'安局豪华','2015-01-01 00:00:00',1,'admin','2015-01-01 00:00:00'),
	(9,'安门事','2015-01-01 00:00:00',1,'admin','2015-01-01 00:00:00'),
	(10,'安眠藥','2015-01-01 00:00:00',1,'admin','2015-01-01 00:00:00'),
	(11,'案的准确','2015-01-01 00:00:00',1,'admin','2015-01-01 00:00:00'),
	(12,'八九民','2015-01-01 00:00:00',1,'admin','2015-01-01 00:00:00'),
	(13,'八九学','2015-01-01 00:00:00',1,'admin','2015-01-01 00:00:00'),
	(14,'八九政治','2015-01-01 00:00:00',1,'admin','2015-01-01 00:00:00'),
	(15,'把病人整','2015-01-01 00:00:00',1,'admin','2015-01-01 00:00:00'),
	(16,'把邓小平','2015-01-01 00:00:00',1,'admin','2015-01-01 00:00:00'),
	(17,'把学生整','2015-01-01 00:00:00',1,'admin','2015-01-01 00:00:00'),
	(18,'罢工门','2015-01-01 00:00:00',1,'admin','2015-01-01 00:00:00'),
	(19,'白黄牙签','2015-01-01 00:00:00',1,'admin','2015-01-01 00:00:00'),
	(20,'败培训','2015-01-01 00:00:00',1,'admin','2015-01-01 00:00:00'),
	(21,'办本科','2015-01-01 00:00:00',1,'admin','2015-01-01 00:00:00'),
	(22,'办理本科','2015-01-01 00:00:00',1,'admin','2015-01-01 00:00:00'),
	(23,'办理各种','2015-01-01 00:00:00',1,'admin','2015-01-01 00:00:00'),
	(24,'办理票据','2015-01-01 00:00:00',1,'admin','2015-01-01 00:00:00'),
	(25,'办理文凭','2015-01-01 00:00:00',1,'admin','2015-01-01 00:00:00'),
	(26,'办理真实','2015-01-01 00:00:00',1,'admin','2015-01-01 00:00:00'),
	(27,'办理证书','2015-01-01 00:00:00',1,'admin','2015-01-01 00:00:00'),
	(28,'办理资格','2015-01-01 00:00:00',1,'admin','2015-01-01 00:00:00'),
	(29,'办文凭','2015-01-01 00:00:00',1,'admin','2015-01-01 00:00:00'),
	(30,'办怔','2015-01-01 00:00:00',1,'admin','2015-01-01 00:00:00'),
	(31,'办证','2015-01-01 00:00:00',1,'admin','2015-01-01 00:00:00'),
	(32,'半刺刀','2015-01-01 00:00:00',1,'admin','2015-01-01 00:00:00'),
	(33,'辦毕业','2015-01-01 00:00:00',1,'admin','2015-01-01 00:00:00'),
	(34,'辦證','2015-01-01 00:00:00',1,'admin','2015-01-01 00:00:00'),
	(35,'谤罪获刑','2015-01-01 00:00:00',1,'admin','2015-01-01 00:00:00'),
	(36,'磅解码器','2015-01-01 00:00:00',1,'admin','2015-01-01 00:00:00'),
	(37,'磅遥控器','2015-01-01 00:00:00',1,'admin','2015-01-01 00:00:00'),
	(38,'宝在甘肃修','2015-01-01 00:00:00',1,'admin','2015-01-01 00:00:00'),
	(39,'保过答案','2015-01-01 00:00:00',1,'admin','2015-01-01 00:00:00'),
	(40,'报复执法','2015-01-01 00:00:00',1,'admin','2015-01-01 00:00:00'),
	(41,'爆发骚','2015-01-01 00:00:00',1,'admin','2015-01-01 00:00:00'),
	(42,'北省委门','2015-01-01 00:00:00',1,'admin','2015-01-01 00:00:00'),
	(43,'被打死','2015-01-01 00:00:00',1,'admin','2015-01-01 00:00:00'),
	(44,'被指抄袭','2015-01-01 00:00:00',1,'admin','2015-01-01 00:00:00'),
	(45,'被中共','2015-01-01 00:00:00',1,'admin','2015-01-01 00:00:00'),
	(46,'本公司担','2015-01-01 00:00:00',1,'admin','2015-01-01 00:00:00'),
	(47,'本无码','2015-01-01 00:00:00',1,'admin','2015-01-01 00:00:00'),
	(48,'毕业證','2015-01-01 00:00:00',1,'admin','2015-01-01 00:00:00'),
	(49,'变牌绝','2015-01-01 00:00:00',1,'admin','2015-01-01 00:00:00'),
	(50,'辩词与梦','2015-01-01 00:00:00',1,'admin','2015-01-01 00:00:00'),
	(51,'冰毒','2015-01-01 00:00:00',1,'admin','2015-01-01 00:00:00'),
	(52,'冰火毒','2015-01-01 00:00:00',1,'admin','2015-01-01 00:00:00'),
	(53,'冰火佳','2015-01-01 00:00:00',1,'admin','2015-01-01 00:00:00'),
	(54,'冰火九重','2015-01-01 00:00:00',1,'admin','2015-01-01 00:00:00'),
	(55,'冰火漫','2015-01-01 00:00:00',1,'admin','2015-01-01 00:00:00'),
	(56,'冰淫传','2015-01-01 00:00:00',1,'admin','2015-01-01 00:00:00'),
	(57,'冰在火上','2015-01-01 00:00:00',1,'admin','2015-01-01 00:00:00'),
	(58,'波推龙','2015-01-01 00:00:00',1,'admin','2015-01-01 00:00:00'),
	(59,'博彩娱','2015-01-01 00:00:00',1,'admin','2015-01-01 00:00:00'),
	(60,'博会暂停','2015-01-01 00:00:00',1,'admin','2015-01-01 00:00:00'),
	(61,'博园区伪','2015-01-01 00:00:00',1,'admin','2015-01-01 00:00:00'),
	(62,'不查都','2015-01-01 00:00:00',1,'admin','2015-01-01 00:00:00'),
	(63,'不查全','2015-01-01 00:00:00',1,'admin','2015-01-01 00:00:00'),
	(64,'不思四化','2015-01-01 00:00:00',1,'admin','2015-01-01 00:00:00'),
	(65,'布卖淫女','2015-01-01 00:00:00',1,'admin','2015-01-01 00:00:00'),
	(66,'部忙组阁','2015-01-01 00:00:00',1,'admin','2015-01-01 00:00:00'),
	(67,'部是这样','2015-01-01 00:00:00',1,'admin','2015-01-01 00:00:00'),
	(68,'才知道只生','2015-01-01 00:00:00',1,'admin','2015-01-01 00:00:00'),
	(69,'财众科技','2015-01-01 00:00:00',1,'admin','2015-01-01 00:00:00'),
	(70,'采花堂','2015-01-01 00:00:00',1,'admin','2015-01-01 00:00:00'),
	(71,'踩踏事','2015-01-01 00:00:00',1,'admin','2015-01-01 00:00:00'),
	(72,'苍山兰','2015-01-01 00:00:00',1,'admin','2015-01-01 00:00:00'),
	(73,'苍蝇水','2015-01-01 00:00:00',1,'admin','2015-01-01 00:00:00'),
	(74,'藏春阁','2015-01-01 00:00:00',1,'admin','2015-01-01 00:00:00'),
	(75,'藏獨','2015-01-01 00:00:00',1,'admin','2015-01-01 00:00:00'),
	(76,'操了嫂','2015-01-01 00:00:00',1,'admin','2015-01-01 00:00:00'),
	(77,'操嫂子','2015-01-01 00:00:00',1,'admin','2015-01-01 00:00:00'),
	(78,'策没有不','2015-01-01 00:00:00',1,'admin','2015-01-01 00:00:00'),
	(79,'插屁屁','2015-01-01 00:00:00',1,'admin','2015-01-01 00:00:00'),
	(80,'察象蚂','2015-01-01 00:00:00',1,'admin','2015-01-01 00:00:00'),
	(81,'拆迁灭','2015-01-01 00:00:00',1,'admin','2015-01-01 00:00:00'),
	(82,'车牌隐','2015-01-01 00:00:00',1,'admin','2015-01-01 00:00:00'),
	(83,'成人电','2015-01-01 00:00:00',1,'admin','2015-01-01 00:00:00'),
	(84,'成人卡通','2015-01-01 00:00:00',1,'admin','2015-01-01 00:00:00'),
	(85,'成人聊','2015-01-01 00:00:00',1,'admin','2015-01-01 00:00:00'),
	(86,'成人片','2015-01-01 00:00:00',1,'admin','2015-01-01 00:00:00'),
	(87,'成人视','2015-01-01 00:00:00',1,'admin','2015-01-01 00:00:00'),
	(88,'成人图','2015-01-01 00:00:00',1,'admin','2015-01-01 00:00:00'),
	(89,'成人文','2015-01-01 00:00:00',1,'admin','2015-01-01 00:00:00'),
	(90,'成人小','2015-01-01 00:00:00',1,'admin','2015-01-01 00:00:00'),
	(91,'城管灭','2015-01-01 00:00:00',1,'admin','2015-01-01 00:00:00'),
	(92,'惩公安','2015-01-01 00:00:00',1,'admin','2015-01-01 00:00:00'),
	(93,'惩贪难','2015-01-01 00:00:00',1,'admin','2015-01-01 00:00:00'),
	(94,'充气娃','2015-01-01 00:00:00',1,'admin','2015-01-01 00:00:00'),
	(95,'冲凉死','2015-01-01 00:00:00',1,'admin','2015-01-01 00:00:00'),
	(96,'抽着大中','2015-01-01 00:00:00',1,'admin','2015-01-01 00:00:00'),
	(97,'抽着芙蓉','2015-01-01 00:00:00',1,'admin','2015-01-01 00:00:00'),
	(98,'出成绩付','2015-01-01 00:00:00',1,'admin','2015-01-01 00:00:00'),
	(99,'出售发票','2015-01-01 00:00:00',1,'admin','2015-01-01 00:00:00'),
	(100,'出售军','2015-01-01 00:00:00',1,'admin','2015-01-01 00:00:00'),
	(101,'穿透仪器','2015-01-01 00:00:00',1,'admin','2015-01-01 00:00:00'),
	(102,'春水横溢','2015-01-01 00:00:00',1,'admin','2015-01-01 00:00:00'),
	(103,'纯度白','2015-01-01 00:00:00',1,'admin','2015-01-01 00:00:00'),
	(104,'纯度黄','2015-01-01 00:00:00',1,'admin','2015-01-01 00:00:00'),
	(105,'次通过考','2015-01-01 00:00:00',1,'admin','2015-01-01 00:00:00'),
	(106,'催眠水','2015-01-01 00:00:00',1,'admin','2015-01-01 00:00:00'),
	(107,'催情粉','2015-01-01 00:00:00',1,'admin','2015-01-01 00:00:00'),
	(108,'催情药','2015-01-01 00:00:00',1,'admin','2015-01-01 00:00:00'),
	(109,'催情藥','2015-01-01 00:00:00',1,'admin','2015-01-01 00:00:00'),
	(110,'挫仑','2015-01-01 00:00:00',1,'admin','2015-01-01 00:00:00'),
	(111,'达毕业证','2015-01-01 00:00:00',1,'admin','2015-01-01 00:00:00'),
	(112,'答案包','2015-01-01 00:00:00',1,'admin','2015-01-01 00:00:00'),
	(113,'答案提供','2015-01-01 00:00:00',1,'admin','2015-01-01 00:00:00'),
	(114,'打标语','2015-01-01 00:00:00',1,'admin','2015-01-01 00:00:00'),
	(115,'打错门','2015-01-01 00:00:00',1,'admin','2015-01-01 00:00:00'),
	(116,'打飞机专','2015-01-01 00:00:00',1,'admin','2015-01-01 00:00:00'),
	(117,'打死经过','2015-01-01 00:00:00',1,'admin','2015-01-01 00:00:00'),
	(118,'打死人','2015-01-01 00:00:00',1,'admin','2015-01-01 00:00:00'),
	(119,'打砸办公','2015-01-01 00:00:00',1,'admin','2015-01-01 00:00:00'),
	(120,'大鸡巴','2015-01-01 00:00:00',1,'admin','2015-01-01 00:00:00'),
	(121,'大雞巴','2015-01-01 00:00:00',1,'admin','2015-01-01 00:00:00'),
	(122,'大纪元','2015-01-01 00:00:00',1,'admin','2015-01-01 00:00:00'),
	(123,'大揭露','2015-01-01 00:00:00',1,'admin','2015-01-01 00:00:00'),
	(124,'大奶子','2015-01-01 00:00:00',1,'admin','2015-01-01 00:00:00'),
	(125,'大批贪官','2015-01-01 00:00:00',1,'admin','2015-01-01 00:00:00'),
	(126,'大肉棒','2015-01-01 00:00:00',1,'admin','2015-01-01 00:00:00'),
	(127,'大嘴歌','2015-01-01 00:00:00',1,'admin','2015-01-01 00:00:00'),
	(128,'代办发票','2015-01-01 00:00:00',1,'admin','2015-01-01 00:00:00'),
	(129,'代办各','2015-01-01 00:00:00',1,'admin','2015-01-01 00:00:00'),
	(130,'代办文','2015-01-01 00:00:00',1,'admin','2015-01-01 00:00:00'),
	(131,'代办学','2015-01-01 00:00:00',1,'admin','2015-01-01 00:00:00'),
	(132,'代办制','2015-01-01 00:00:00',1,'admin','2015-01-01 00:00:00'),
	(133,'代辦','2015-01-01 00:00:00',1,'admin','2015-01-01 00:00:00'),
	(134,'代表烦','2015-01-01 00:00:00',1,'admin','2015-01-01 00:00:00'),
	(135,'代開','2015-01-01 00:00:00',1,'admin','2015-01-01 00:00:00'),
	(136,'代考','2015-01-01 00:00:00',1,'admin','2015-01-01 00:00:00'),
	(137,'代理发票','2015-01-01 00:00:00',1,'admin','2015-01-01 00:00:00'),
	(138,'代理票据','2015-01-01 00:00:00',1,'admin','2015-01-01 00:00:00'),
	(139,'代您考','2015-01-01 00:00:00',1,'admin','2015-01-01 00:00:00'),
	(140,'代您考','2015-01-01 00:00:00',1,'admin','2015-01-01 00:00:00'),
	(141,'代写毕','2015-01-01 00:00:00',1,'admin','2015-01-01 00:00:00'),
	(142,'代写论','2015-01-01 00:00:00',1,'admin','2015-01-01 00:00:00'),
	(143,'代孕','2015-01-01 00:00:00',1,'admin','2015-01-01 00:00:00'),
	(144,'贷办','2015-01-01 00:00:00',1,'admin','2015-01-01 00:00:00'),
	(145,'贷借款','2015-01-01 00:00:00',1,'admin','2015-01-01 00:00:00'),
	(146,'贷开','2015-01-01 00:00:00',1,'admin','2015-01-01 00:00:00'),
	(147,'戴海静','2015-01-01 00:00:00',1,'admin','2015-01-01 00:00:00'),
	(148,'当代七整','2015-01-01 00:00:00',1,'admin','2015-01-01 00:00:00'),
	(149,'当官要精','2015-01-01 00:00:00',1,'admin','2015-01-01 00:00:00'),
	(150,'当官在于','2015-01-01 00:00:00',1,'admin','2015-01-01 00:00:00'),
	(151,'党的官','2015-01-01 00:00:00',1,'admin','2015-01-01 00:00:00'),
	(152,'党后萎','2015-01-01 00:00:00',1,'admin','2015-01-01 00:00:00'),
	(153,'党前干劲','2015-01-01 00:00:00',1,'admin','2015-01-01 00:00:00'),
	(154,'刀架保安','2015-01-01 00:00:00',1,'admin','2015-01-01 00:00:00'),
	(155,'导的情人','2015-01-01 00:00:00',1,'admin','2015-01-01 00:00:00'),
	(156,'导叫失','2015-01-01 00:00:00',1,'admin','2015-01-01 00:00:00'),
	(157,'导人的最','2015-01-01 00:00:00',1,'admin','2015-01-01 00:00:00'),
	(158,'导人最','2015-01-01 00:00:00',1,'admin','2015-01-01 00:00:00'),
	(159,'导小商','2015-01-01 00:00:00',1,'admin','2015-01-01 00:00:00'),
	(160,'到花心','2015-01-01 00:00:00',1,'admin','2015-01-01 00:00:00'),
	(161,'得财兼','2015-01-01 00:00:00',1,'admin','2015-01-01 00:00:00'),
	(162,'的同修','2015-01-01 00:00:00',1,'admin','2015-01-01 00:00:00'),
	(163,'灯草和','2015-01-01 00:00:00',1,'admin','2015-01-01 00:00:00'),
	(164,'等级證','2015-01-01 00:00:00',1,'admin','2015-01-01 00:00:00'),
	(165,'等屁民','2015-01-01 00:00:00',1,'admin','2015-01-01 00:00:00'),
	(166,'等人老百','2015-01-01 00:00:00',1,'admin','2015-01-01 00:00:00'),
	(167,'等人是老','2015-01-01 00:00:00',1,'admin','2015-01-01 00:00:00'),
	(168,'等人手术','2015-01-01 00:00:00',1,'admin','2015-01-01 00:00:00'),
	(169,'邓爷爷转','2015-01-01 00:00:00',1,'admin','2015-01-01 00:00:00'),
	(170,'邓玉娇','2015-01-01 00:00:00',1,'admin','2015-01-01 00:00:00'),
	(171,'地产之歌','2015-01-01 00:00:00',1,'admin','2015-01-01 00:00:00'),
	(172,'地下先烈','2015-01-01 00:00:00',1,'admin','2015-01-01 00:00:00'),
	(173,'地震哥','2015-01-01 00:00:00',1,'admin','2015-01-01 00:00:00'),
	(174,'帝国之梦','2015-01-01 00:00:00',1,'admin','2015-01-01 00:00:00'),
	(175,'递纸死','2015-01-01 00:00:00',1,'admin','2015-01-01 00:00:00'),
	(176,'点数优惠','2015-01-01 00:00:00',1,'admin','2015-01-01 00:00:00'),
	(177,'电狗','2015-01-01 00:00:00',1,'admin','2015-01-01 00:00:00'),
	(178,'电话监','2015-01-01 00:00:00',1,'admin','2015-01-01 00:00:00'),
	(179,'电鸡','2015-01-01 00:00:00',1,'admin','2015-01-01 00:00:00'),
	(180,'甸果敢','2015-01-01 00:00:00',1,'admin','2015-01-01 00:00:00'),
	(181,'蝶舞按','2015-01-01 00:00:00',1,'admin','2015-01-01 00:00:00'),
	(182,'丁香社','2015-01-01 00:00:00',1,'admin','2015-01-01 00:00:00'),
	(183,'丁子霖','2015-01-01 00:00:00',1,'admin','2015-01-01 00:00:00'),
	(184,'顶花心','2015-01-01 00:00:00',1,'admin','2015-01-01 00:00:00'),
	(185,'东北独立','2015-01-01 00:00:00',1,'admin','2015-01-01 00:00:00'),
	(186,'东复活','2015-01-01 00:00:00',1,'admin','2015-01-01 00:00:00'),
	(187,'东京热','2015-01-01 00:00:00',1,'admin','2015-01-01 00:00:00'),
	(188,'東京熱','2015-01-01 00:00:00',1,'admin','2015-01-01 00:00:00'),
	(189,'洞小口紧','2015-01-01 00:00:00',1,'admin','2015-01-01 00:00:00'),
	(190,'都当警','2015-01-01 00:00:00',1,'admin','2015-01-01 00:00:00'),
	(191,'都当小姐','2015-01-01 00:00:00',1,'admin','2015-01-01 00:00:00'),
	(192,'都进中央','2015-01-01 00:00:00',1,'admin','2015-01-01 00:00:00'),
	(193,'毒蛇钻','2015-01-01 00:00:00',1,'admin','2015-01-01 00:00:00'),
	(194,'独立台湾','2015-01-01 00:00:00',1,'admin','2015-01-01 00:00:00'),
	(195,'赌球网','2015-01-01 00:00:00',1,'admin','2015-01-01 00:00:00'),
	(196,'短信截','2015-01-01 00:00:00',1,'admin','2015-01-01 00:00:00'),
	(197,'对日强硬','2015-01-01 00:00:00',1,'admin','2015-01-01 00:00:00'),
	(198,'多美康','2015-01-01 00:00:00',1,'admin','2015-01-01 00:00:00'),
	(199,'躲猫猫','2015-01-01 00:00:00',1,'admin','2015-01-01 00:00:00'),
	(200,'俄羅斯','2015-01-01 00:00:00',1,'admin','2015-01-01 00:00:00'),
	(201,'恶势力操','2015-01-01 00:00:00',1,'admin','2015-01-01 00:00:00'),
	(202,'恶势力插','2015-01-01 00:00:00',1,'admin','2015-01-01 00:00:00'),
	(203,'恩氟烷','2015-01-01 00:00:00',1,'admin','2015-01-01 00:00:00'),
	(204,'儿园惨','2015-01-01 00:00:00',1,'admin','2015-01-01 00:00:00'),
	(205,'儿园砍','2015-01-01 00:00:00',1,'admin','2015-01-01 00:00:00'),
	(206,'儿园杀','2015-01-01 00:00:00',1,'admin','2015-01-01 00:00:00'),
	(207,'儿园凶','2015-01-01 00:00:00',1,'admin','2015-01-01 00:00:00'),
	(208,'二奶大','2015-01-01 00:00:00',1,'admin','2015-01-01 00:00:00'),
	(209,'发牌绝','2015-01-01 00:00:00',1,'admin','2015-01-01 00:00:00'),
	(210,'发票出','2015-01-01 00:00:00',1,'admin','2015-01-01 00:00:00'),
	(211,'发票代','2015-01-01 00:00:00',1,'admin','2015-01-01 00:00:00'),
	(212,'发票销','2015-01-01 00:00:00',1,'admin','2015-01-01 00:00:00'),
	(213,'發票','2015-01-01 00:00:00',1,'admin','2015-01-01 00:00:00'),
	(214,'法车仑','2015-01-01 00:00:00',1,'admin','2015-01-01 00:00:00'),
	(215,'法伦功','2015-01-01 00:00:00',1,'admin','2015-01-01 00:00:00'),
	(216,'法轮','2015-01-01 00:00:00',1,'admin','2015-01-01 00:00:00'),
	(217,'法轮佛','2015-01-01 00:00:00',1,'admin','2015-01-01 00:00:00'),
	(218,'法维权','2015-01-01 00:00:00',1,'admin','2015-01-01 00:00:00'),
	(219,'法一轮','2015-01-01 00:00:00',1,'admin','2015-01-01 00:00:00'),
	(220,'法院给废','2015-01-01 00:00:00',1,'admin','2015-01-01 00:00:00'),
	(221,'法正乾','2015-01-01 00:00:00',1,'admin','2015-01-01 00:00:00'),
	(222,'反测速雷','2015-01-01 00:00:00',1,'admin','2015-01-01 00:00:00'),
	(223,'反雷达测','2015-01-01 00:00:00',1,'admin','2015-01-01 00:00:00'),
	(224,'反屏蔽','2015-01-01 00:00:00',1,'admin','2015-01-01 00:00:00'),
	(225,'范燕琼','2015-01-01 00:00:00',1,'admin','2015-01-01 00:00:00'),
	(226,'方迷香','2015-01-01 00:00:00',1,'admin','2015-01-01 00:00:00'),
	(227,'防电子眼','2015-01-01 00:00:00',1,'admin','2015-01-01 00:00:00'),
	(228,'防身药水','2015-01-01 00:00:00',1,'admin','2015-01-01 00:00:00'),
	(229,'房贷给废','2015-01-01 00:00:00',1,'admin','2015-01-01 00:00:00'),
	(230,'仿真枪','2015-01-01 00:00:00',1,'admin','2015-01-01 00:00:00'),
	(231,'仿真证','2015-01-01 00:00:00',1,'admin','2015-01-01 00:00:00'),
	(232,'诽谤罪','2015-01-01 00:00:00',1,'admin','2015-01-01 00:00:00'),
	(233,'费私服','2015-01-01 00:00:00',1,'admin','2015-01-01 00:00:00'),
	(234,'封锁消','2015-01-01 00:00:00',1,'admin','2015-01-01 00:00:00'),
	(235,'佛同修','2015-01-01 00:00:00',1,'admin','2015-01-01 00:00:00'),
	(236,'夫妻交换','2015-01-01 00:00:00',1,'admin','2015-01-01 00:00:00'),
	(237,'福尔马林','2015-01-01 00:00:00',1,'admin','2015-01-01 00:00:00'),
	(238,'福娃的預','2015-01-01 00:00:00',1,'admin','2015-01-01 00:00:00'),
	(239,'福娃頭上','2015-01-01 00:00:00',1,'admin','2015-01-01 00:00:00'),
	(240,'福香巴','2015-01-01 00:00:00',1,'admin','2015-01-01 00:00:00'),
	(241,'府包庇','2015-01-01 00:00:00',1,'admin','2015-01-01 00:00:00'),
	(242,'府集中领','2015-01-01 00:00:00',1,'admin','2015-01-01 00:00:00'),
	(243,'妇销魂','2015-01-01 00:00:00',1,'admin','2015-01-01 00:00:00'),
	(244,'附送枪','2015-01-01 00:00:00',1,'admin','2015-01-01 00:00:00'),
	(245,'复印件生','2015-01-01 00:00:00',1,'admin','2015-01-01 00:00:00'),
	(246,'复印件制','2015-01-01 00:00:00',1,'admin','2015-01-01 00:00:00'),
	(247,'富民穷','2015-01-01 00:00:00',1,'admin','2015-01-01 00:00:00'),
	(248,'富婆给废','2015-01-01 00:00:00',1,'admin','2015-01-01 00:00:00'),
	(249,'改号软件','2015-01-01 00:00:00',1,'admin','2015-01-01 00:00:00'),
	(250,'感扑克','2015-01-01 00:00:00',1,'admin','2015-01-01 00:00:00'),
	(251,'冈本真','2015-01-01 00:00:00',1,'admin','2015-01-01 00:00:00'),
	(252,'肛交','2015-01-01 00:00:00',1,'admin','2015-01-01 00:00:00'),
	(253,'肛门是邻','2015-01-01 00:00:00',1,'admin','2015-01-01 00:00:00'),
	(254,'岡本真','2015-01-01 00:00:00',1,'admin','2015-01-01 00:00:00'),
	(255,'钢针狗','2015-01-01 00:00:00',1,'admin','2015-01-01 00:00:00'),
	(256,'钢珠枪','2015-01-01 00:00:00',1,'admin','2015-01-01 00:00:00'),
	(257,'港澳博球','2015-01-01 00:00:00',1,'admin','2015-01-01 00:00:00'),
	(258,'港馬會','2015-01-01 00:00:00',1,'admin','2015-01-01 00:00:00'),
	(259,'港鑫華','2015-01-01 00:00:00',1,'admin','2015-01-01 00:00:00'),
	(260,'高就在政','2015-01-01 00:00:00',1,'admin','2015-01-01 00:00:00'),
	(261,'高考黑','2015-01-01 00:00:00',1,'admin','2015-01-01 00:00:00'),
	(262,'高莺莺','2015-01-01 00:00:00',1,'admin','2015-01-01 00:00:00'),
	(263,'搞媛交','2015-01-01 00:00:00',1,'admin','2015-01-01 00:00:00'),
	(264,'告长期','2015-01-01 00:00:00',1,'admin','2015-01-01 00:00:00'),
	(265,'告洋状','2015-01-01 00:00:00',1,'admin','2015-01-01 00:00:00'),
	(266,'格证考试','2015-01-01 00:00:00',1,'admin','2015-01-01 00:00:00'),
	(267,'各类考试','2015-01-01 00:00:00',1,'admin','2015-01-01 00:00:00'),
	(268,'各类文凭','2015-01-01 00:00:00',1,'admin','2015-01-01 00:00:00'),
	(269,'跟踪器','2015-01-01 00:00:00',1,'admin','2015-01-01 00:00:00'),
	(270,'工程吞得','2015-01-01 00:00:00',1,'admin','2015-01-01 00:00:00'),
	(271,'工力人','2015-01-01 00:00:00',1,'admin','2015-01-01 00:00:00'),
	(272,'公安错打','2015-01-01 00:00:00',1,'admin','2015-01-01 00:00:00'),
	(273,'公安网监','2015-01-01 00:00:00',1,'admin','2015-01-01 00:00:00'),
	(274,'公开小姐','2015-01-01 00:00:00',1,'admin','2015-01-01 00:00:00'),
	(275,'攻官小姐','2015-01-01 00:00:00',1,'admin','2015-01-01 00:00:00'),
	(276,'共狗','2015-01-01 00:00:00',1,'admin','2015-01-01 00:00:00'),
	(277,'共王储','2015-01-01 00:00:00',1,'admin','2015-01-01 00:00:00'),
	(278,'狗粮','2015-01-01 00:00:00',1,'admin','2015-01-01 00:00:00'),
	(279,'狗屁专家','2015-01-01 00:00:00',1,'admin','2015-01-01 00:00:00'),
	(280,'鼓动一些','2015-01-01 00:00:00',1,'admin','2015-01-01 00:00:00'),
	(281,'乖乖粉','2015-01-01 00:00:00',1,'admin','2015-01-01 00:00:00'),
	(282,'官商勾','2015-01-01 00:00:00',1,'admin','2015-01-01 00:00:00'),
	(283,'官也不容','2015-01-01 00:00:00',1,'admin','2015-01-01 00:00:00'),
	(284,'官因发帖','2015-01-01 00:00:00',1,'admin','2015-01-01 00:00:00'),
	(285,'光学真题','2015-01-01 00:00:00',1,'admin','2015-01-01 00:00:00'),
	(286,'跪真相','2015-01-01 00:00:00',1,'admin','2015-01-01 00:00:00'),
	(287,'滚圆大乳','2015-01-01 00:00:00',1,'admin','2015-01-01 00:00:00'),
	(288,'国际投注','2015-01-01 00:00:00',1,'admin','2015-01-01 00:00:00'),
	(289,'国家妓','2015-01-01 00:00:00',1,'admin','2015-01-01 00:00:00'),
	(290,'国家软弱','2015-01-01 00:00:00',1,'admin','2015-01-01 00:00:00'),
	(291,'国家吞得','2015-01-01 00:00:00',1,'admin','2015-01-01 00:00:00'),
	(292,'国库折','2015-01-01 00:00:00',1,'admin','2015-01-01 00:00:00'),
	(293,'国一九五七','2015-01-01 00:00:00',1,'admin','2015-01-01 00:00:00'),
	(294,'國內美','2015-01-01 00:00:00',1,'admin','2015-01-01 00:00:00'),
	(295,'哈药直销','2015-01-01 00:00:00',1,'admin','2015-01-01 00:00:00'),
	(296,'海访民','2015-01-01 00:00:00',1,'admin','2015-01-01 00:00:00'),
	(297,'豪圈钱','2015-01-01 00:00:00',1,'admin','2015-01-01 00:00:00'),
	(298,'号屏蔽器','2015-01-01 00:00:00',1,'admin','2015-01-01 00:00:00'),
	(299,'和狗交','2015-01-01 00:00:00',1,'admin','2015-01-01 00:00:00'),
	(300,'和狗性','2015-01-01 00:00:00',1,'admin','2015-01-01 00:00:00'),
	(301,'和狗做','2015-01-01 00:00:00',1,'admin','2015-01-01 00:00:00'),
	(302,'黑火药的','2015-01-01 00:00:00',1,'admin','2015-01-01 00:00:00'),
	(303,'红色恐怖','2015-01-01 00:00:00',1,'admin','2015-01-01 00:00:00'),
	(304,'红外透视','2015-01-01 00:00:00',1,'admin','2015-01-01 00:00:00'),
	(305,'紅色恐','2015-01-01 00:00:00',1,'admin','2015-01-01 00:00:00'),
	(306,'胡江内斗','2015-01-01 00:00:00',1,'admin','2015-01-01 00:00:00'),
	(307,'胡紧套','2015-01-01 00:00:00',1,'admin','2015-01-01 00:00:00'),
	(308,'胡錦濤','2015-01-01 00:00:00',1,'admin','2015-01-01 00:00:00'),
	(309,'胡适眼','2015-01-01 00:00:00',1,'admin','2015-01-01 00:00:00'),
	(310,'胡耀邦','2015-01-01 00:00:00',1,'admin','2015-01-01 00:00:00'),
	(311,'湖淫娘','2015-01-01 00:00:00',1,'admin','2015-01-01 00:00:00'),
	(312,'虎头猎','2015-01-01 00:00:00',1,'admin','2015-01-01 00:00:00'),
	(313,'华国锋','2015-01-01 00:00:00',1,'admin','2015-01-01 00:00:00'),
	(314,'华门开','2015-01-01 00:00:00',1,'admin','2015-01-01 00:00:00'),
	(315,'化学扫盲','2015-01-01 00:00:00',1,'admin','2015-01-01 00:00:00'),
	(316,'划老公','2015-01-01 00:00:00',1,'admin','2015-01-01 00:00:00'),
	(317,'还会吹萧','2015-01-01 00:00:00',1,'admin','2015-01-01 00:00:00'),
	(318,'还看锦涛','2015-01-01 00:00:00',1,'admin','2015-01-01 00:00:00'),
	(319,'环球证件','2015-01-01 00:00:00',1,'admin','2015-01-01 00:00:00'),
	(320,'换妻','2015-01-01 00:00:00',1,'admin','2015-01-01 00:00:00'),
	(321,'皇冠投注','2015-01-01 00:00:00',1,'admin','2015-01-01 00:00:00'),
	(322,'黄冰','2015-01-01 00:00:00',1,'admin','2015-01-01 00:00:00'),
	(323,'浑圆豪乳','2015-01-01 00:00:00',1,'admin','2015-01-01 00:00:00'),
	(324,'活不起','2015-01-01 00:00:00',1,'admin','2015-01-01 00:00:00'),
	(325,'火车也疯','2015-01-01 00:00:00',1,'admin','2015-01-01 00:00:00'),
	(326,'机定位器','2015-01-01 00:00:00',1,'admin','2015-01-01 00:00:00'),
	(327,'机号定','2015-01-01 00:00:00',1,'admin','2015-01-01 00:00:00'),
	(328,'机号卫','2015-01-01 00:00:00',1,'admin','2015-01-01 00:00:00'),
	(329,'机卡密','2015-01-01 00:00:00',1,'admin','2015-01-01 00:00:00'),
	(330,'机屏蔽器','2015-01-01 00:00:00',1,'admin','2015-01-01 00:00:00'),
	(331,'基本靠吼','2015-01-01 00:00:00',1,'admin','2015-01-01 00:00:00'),
	(332,'绩过后付','2015-01-01 00:00:00',1,'admin','2015-01-01 00:00:00'),
	(333,'激情电','2015-01-01 00:00:00',1,'admin','2015-01-01 00:00:00'),
	(334,'激情短','2015-01-01 00:00:00',1,'admin','2015-01-01 00:00:00'),
	(335,'激情妹','2015-01-01 00:00:00',1,'admin','2015-01-01 00:00:00'),
	(336,'激情炮','2015-01-01 00:00:00',1,'admin','2015-01-01 00:00:00'),
	(337,'级办理','2015-01-01 00:00:00',1,'admin','2015-01-01 00:00:00'),
	(338,'级答案','2015-01-01 00:00:00',1,'admin','2015-01-01 00:00:00'),
	(339,'急需嫖','2015-01-01 00:00:00',1,'admin','2015-01-01 00:00:00'),
	(340,'集体打砸','2015-01-01 00:00:00',1,'admin','2015-01-01 00:00:00'),
	(341,'集体腐','2015-01-01 00:00:00',1,'admin','2015-01-01 00:00:00'),
	(342,'挤乳汁','2015-01-01 00:00:00',1,'admin','2015-01-01 00:00:00'),
	(343,'擠乳汁','2015-01-01 00:00:00',1,'admin','2015-01-01 00:00:00'),
	(344,'佳静安定','2015-01-01 00:00:00',1,'admin','2015-01-01 00:00:00'),
	(345,'家一样饱','2015-01-01 00:00:00',1,'admin','2015-01-01 00:00:00'),
	(346,'家属被打','2015-01-01 00:00:00',1,'admin','2015-01-01 00:00:00'),
	(347,'甲虫跳','2015-01-01 00:00:00',1,'admin','2015-01-01 00:00:00'),
	(348,'甲流了','2015-01-01 00:00:00',1,'admin','2015-01-01 00:00:00'),
	(349,'奸成瘾','2015-01-01 00:00:00',1,'admin','2015-01-01 00:00:00'),
	(350,'兼职上门','2015-01-01 00:00:00',1,'admin','2015-01-01 00:00:00'),
	(351,'监听器','2015-01-01 00:00:00',1,'admin','2015-01-01 00:00:00'),
	(352,'监听王','2015-01-01 00:00:00',1,'admin','2015-01-01 00:00:00'),
	(353,'简易炸','2015-01-01 00:00:00',1,'admin','2015-01-01 00:00:00'),
	(354,'江胡内斗','2015-01-01 00:00:00',1,'admin','2015-01-01 00:00:00'),
	(355,'江太上','2015-01-01 00:00:00',1,'admin','2015-01-01 00:00:00'),
	(356,'江系人','2015-01-01 00:00:00',1,'admin','2015-01-01 00:00:00'),
	(357,'江贼民','2015-01-01 00:00:00',1,'admin','2015-01-01 00:00:00'),
	(358,'疆獨','2015-01-01 00:00:00',1,'admin','2015-01-01 00:00:00'),
	(359,'蒋彦永','2015-01-01 00:00:00',1,'admin','2015-01-01 00:00:00'),
	(360,'叫自慰','2015-01-01 00:00:00',1,'admin','2015-01-01 00:00:00'),
	(361,'揭贪难','2015-01-01 00:00:00',1,'admin','2015-01-01 00:00:00'),
	(362,'姐包夜','2015-01-01 00:00:00',1,'admin','2015-01-01 00:00:00'),
	(363,'姐服务','2015-01-01 00:00:00',1,'admin','2015-01-01 00:00:00'),
	(364,'姐兼职','2015-01-01 00:00:00',1,'admin','2015-01-01 00:00:00'),
	(365,'姐上门','2015-01-01 00:00:00',1,'admin','2015-01-01 00:00:00'),
	(366,'金扎金','2015-01-01 00:00:00',1,'admin','2015-01-01 00:00:00'),
	(367,'金钟气','2015-01-01 00:00:00',1,'admin','2015-01-01 00:00:00'),
	(368,'津大地震','2015-01-01 00:00:00',1,'admin','2015-01-01 00:00:00'),
	(369,'津地震','2015-01-01 00:00:00',1,'admin','2015-01-01 00:00:00'),
	(370,'进来的罪','2015-01-01 00:00:00',1,'admin','2015-01-01 00:00:00'),
	(371,'京地震','2015-01-01 00:00:00',1,'admin','2015-01-01 00:00:00'),
	(372,'京要地震','2015-01-01 00:00:00',1,'admin','2015-01-01 00:00:00'),
	(373,'经典谎言','2015-01-01 00:00:00',1,'admin','2015-01-01 00:00:00'),
	(374,'精子射在','2015-01-01 00:00:00',1,'admin','2015-01-01 00:00:00'),
	(375,'警察被','2015-01-01 00:00:00',1,'admin','2015-01-01 00:00:00'),
	(376,'警察的幌','2015-01-01 00:00:00',1,'admin','2015-01-01 00:00:00'),
	(377,'警察殴打','2015-01-01 00:00:00',1,'admin','2015-01-01 00:00:00'),
	(378,'警察说保','2015-01-01 00:00:00',1,'admin','2015-01-01 00:00:00'),
	(379,'警车雷达','2015-01-01 00:00:00',1,'admin','2015-01-01 00:00:00'),
	(380,'警方包庇','2015-01-01 00:00:00',1,'admin','2015-01-01 00:00:00'),
	(381,'警用品','2015-01-01 00:00:00',1,'admin','2015-01-01 00:00:00'),
	(382,'径步枪','2015-01-01 00:00:00',1,'admin','2015-01-01 00:00:00'),
	(383,'敬请忍','2015-01-01 00:00:00',1,'admin','2015-01-01 00:00:00'),
	(384,'究生答案','2015-01-01 00:00:00',1,'admin','2015-01-01 00:00:00'),
	(385,'九龙论坛','2015-01-01 00:00:00',1,'admin','2015-01-01 00:00:00'),
	(386,'九评共','2015-01-01 00:00:00',1,'admin','2015-01-01 00:00:00'),
	(387,'酒象喝汤','2015-01-01 00:00:00',1,'admin','2015-01-01 00:00:00'),
	(388,'酒像喝汤','2015-01-01 00:00:00',1,'admin','2015-01-01 00:00:00'),
	(389,'就爱插','2015-01-01 00:00:00',1,'admin','2015-01-01 00:00:00'),
	(390,'就要色','2015-01-01 00:00:00',1,'admin','2015-01-01 00:00:00'),
	(391,'举国体','2015-01-01 00:00:00',1,'admin','2015-01-01 00:00:00'),
	(392,'巨乳','2015-01-01 00:00:00',1,'admin','2015-01-01 00:00:00'),
	(393,'据说全民','2015-01-01 00:00:00',1,'admin','2015-01-01 00:00:00'),
	(394,'绝食声','2015-01-01 00:00:00',1,'admin','2015-01-01 00:00:00'),
	(395,'军长发威','2015-01-01 00:00:00',1,'admin','2015-01-01 00:00:00'),
	(396,'军刺','2015-01-01 00:00:00',1,'admin','2015-01-01 00:00:00'),
	(397,'军品特','2015-01-01 00:00:00',1,'admin','2015-01-01 00:00:00'),
	(398,'军用手','2015-01-01 00:00:00',1,'admin','2015-01-01 00:00:00'),
	(399,'开邓选','2015-01-01 00:00:00',1,'admin','2015-01-01 00:00:00'),
	(400,'开锁工具','2015-01-01 00:00:00',1,'admin','2015-01-01 00:00:00'),
	(401,'開碼','2015-01-01 00:00:00',1,'admin','2015-01-01 00:00:00'),
	(402,'開票','2015-01-01 00:00:00',1,'admin','2015-01-01 00:00:00'),
	(403,'砍杀幼','2015-01-01 00:00:00',1,'admin','2015-01-01 00:00:00'),
	(404,'砍伤儿','2015-01-01 00:00:00',1,'admin','2015-01-01 00:00:00'),
	(405,'康没有不','2015-01-01 00:00:00',1,'admin','2015-01-01 00:00:00'),
	(406,'康跳楼','2015-01-01 00:00:00',1,'admin','2015-01-01 00:00:00'),
	(407,'考答案','2015-01-01 00:00:00',1,'admin','2015-01-01 00:00:00'),
	(408,'考后付款','2015-01-01 00:00:00',1,'admin','2015-01-01 00:00:00'),
	(409,'考机构','2015-01-01 00:00:00',1,'admin','2015-01-01 00:00:00'),
	(410,'考考邓','2015-01-01 00:00:00',1,'admin','2015-01-01 00:00:00'),
	(411,'考联盟','2015-01-01 00:00:00',1,'admin','2015-01-01 00:00:00'),
	(412,'考前答','2015-01-01 00:00:00',1,'admin','2015-01-01 00:00:00'),
	(413,'考前答案','2015-01-01 00:00:00',1,'admin','2015-01-01 00:00:00'),
	(414,'考前付','2015-01-01 00:00:00',1,'admin','2015-01-01 00:00:00'),
	(415,'考设备','2015-01-01 00:00:00',1,'admin','2015-01-01 00:00:00'),
	(416,'考试包过','2015-01-01 00:00:00',1,'admin','2015-01-01 00:00:00'),
	(417,'考试保','2015-01-01 00:00:00',1,'admin','2015-01-01 00:00:00'),
	(418,'考试答案','2015-01-01 00:00:00',1,'admin','2015-01-01 00:00:00'),
	(419,'考试机构','2015-01-01 00:00:00',1,'admin','2015-01-01 00:00:00'),
	(420,'考试联盟','2015-01-01 00:00:00',1,'admin','2015-01-01 00:00:00'),
	(421,'考试枪','2015-01-01 00:00:00',1,'admin','2015-01-01 00:00:00'),
	(422,'考研考中','2015-01-01 00:00:00',1,'admin','2015-01-01 00:00:00'),
	(423,'考中答案','2015-01-01 00:00:00',1,'admin','2015-01-01 00:00:00'),
	(424,'磕彰','2015-01-01 00:00:00',1,'admin','2015-01-01 00:00:00'),
	(425,'克分析','2015-01-01 00:00:00',1,'admin','2015-01-01 00:00:00'),
	(426,'克千术','2015-01-01 00:00:00',1,'admin','2015-01-01 00:00:00'),
	(427,'克透视','2015-01-01 00:00:00',1,'admin','2015-01-01 00:00:00'),
	(428,'空和雅典','2015-01-01 00:00:00',1,'admin','2015-01-01 00:00:00'),
	(429,'孔摄像','2015-01-01 00:00:00',1,'admin','2015-01-01 00:00:00'),
	(430,'控诉世博','2015-01-01 00:00:00',1,'admin','2015-01-01 00:00:00'),
	(431,'控制媒','2015-01-01 00:00:00',1,'admin','2015-01-01 00:00:00'),
	(432,'口手枪','2015-01-01 00:00:00',1,'admin','2015-01-01 00:00:00'),
	(433,'骷髅死','2015-01-01 00:00:00',1,'admin','2015-01-01 00:00:00'),
	(434,'快速办','2015-01-01 00:00:00',1,'admin','2015-01-01 00:00:00'),
	(435,'矿难不公','2015-01-01 00:00:00',1,'admin','2015-01-01 00:00:00'),
	(436,'拉登说','2015-01-01 00:00:00',1,'admin','2015-01-01 00:00:00'),
	(437,'拉开水晶','2015-01-01 00:00:00',1,'admin','2015-01-01 00:00:00'),
	(438,'来福猎','2015-01-01 00:00:00',1,'admin','2015-01-01 00:00:00'),
	(439,'拦截器','2015-01-01 00:00:00',1,'admin','2015-01-01 00:00:00'),
	(440,'狼全部跪','2015-01-01 00:00:00',1,'admin','2015-01-01 00:00:00'),
	(441,'浪穴','2015-01-01 00:00:00',1,'admin','2015-01-01 00:00:00'),
	(442,'老虎机','2015-01-01 00:00:00',1,'admin','2015-01-01 00:00:00'),
	(443,'雷人女官','2015-01-01 00:00:00',1,'admin','2015-01-01 00:00:00'),
	(444,'类准确答','2015-01-01 00:00:00',1,'admin','2015-01-01 00:00:00'),
	(445,'黎阳平','2015-01-01 00:00:00',1,'admin','2015-01-01 00:00:00'),
	(446,'李洪志','2015-01-01 00:00:00',1,'admin','2015-01-01 00:00:00'),
	(447,'李咏曰','2015-01-01 00:00:00',1,'admin','2015-01-01 00:00:00'),
	(448,'理各种证','2015-01-01 00:00:00',1,'admin','2015-01-01 00:00:00'),
	(449,'理是影帝','2015-01-01 00:00:00',1,'admin','2015-01-01 00:00:00'),
	(450,'理证件','2015-01-01 00:00:00',1,'admin','2015-01-01 00:00:00'),
	(451,'理做帐报','2015-01-01 00:00:00',1,'admin','2015-01-01 00:00:00'),
	(452,'力骗中央','2015-01-01 00:00:00',1,'admin','2015-01-01 00:00:00'),
	(453,'力月西','2015-01-01 00:00:00',1,'admin','2015-01-01 00:00:00'),
	(454,'丽媛离','2015-01-01 00:00:00',1,'admin','2015-01-01 00:00:00'),
	(455,'利他林','2015-01-01 00:00:00',1,'admin','2015-01-01 00:00:00'),
	(456,'连发手','2015-01-01 00:00:00',1,'admin','2015-01-01 00:00:00'),
	(457,'聯繫電','2015-01-01 00:00:00',1,'admin','2015-01-01 00:00:00'),
	(458,'炼大法','2015-01-01 00:00:00',1,'admin','2015-01-01 00:00:00'),
	(459,'两岸才子','2015-01-01 00:00:00',1,'admin','2015-01-01 00:00:00'),
	(460,'两会代','2015-01-01 00:00:00',1,'admin','2015-01-01 00:00:00'),
	(461,'两会又三','2015-01-01 00:00:00',1,'admin','2015-01-01 00:00:00'),
	(462,'聊视频','2015-01-01 00:00:00',1,'admin','2015-01-01 00:00:00'),
	(463,'聊斋艳','2015-01-01 00:00:00',1,'admin','2015-01-01 00:00:00'),
	(464,'了件渔袍','2015-01-01 00:00:00',1,'admin','2015-01-01 00:00:00'),
	(465,'猎好帮手','2015-01-01 00:00:00',1,'admin','2015-01-01 00:00:00'),
	(466,'猎枪销','2015-01-01 00:00:00',1,'admin','2015-01-01 00:00:00'),
	(467,'猎槍','2015-01-01 00:00:00',1,'admin','2015-01-01 00:00:00'),
	(468,'獵槍','2015-01-01 00:00:00',1,'admin','2015-01-01 00:00:00'),
	(469,'领土拿','2015-01-01 00:00:00',1,'admin','2015-01-01 00:00:00'),
	(470,'流血事','2015-01-01 00:00:00',1,'admin','2015-01-01 00:00:00'),
	(471,'六合彩','2015-01-01 00:00:00',1,'admin','2015-01-01 00:00:00'),
	(472,'六死','2015-01-01 00:00:00',1,'admin','2015-01-01 00:00:00'),
	(473,'六四事','2015-01-01 00:00:00',1,'admin','2015-01-01 00:00:00'),
	(474,'六月联盟','2015-01-01 00:00:00',1,'admin','2015-01-01 00:00:00'),
	(475,'龙湾事件','2015-01-01 00:00:00',1,'admin','2015-01-01 00:00:00'),
	(476,'隆手指','2015-01-01 00:00:00',1,'admin','2015-01-01 00:00:00'),
	(477,'陆封锁','2015-01-01 00:00:00',1,'admin','2015-01-01 00:00:00'),
	(478,'陆同修','2015-01-01 00:00:00',1,'admin','2015-01-01 00:00:00'),
	(479,'氯胺酮','2015-01-01 00:00:00',1,'admin','2015-01-01 00:00:00'),
	(480,'乱奸','2015-01-01 00:00:00',1,'admin','2015-01-01 00:00:00'),
	(481,'乱伦类','2015-01-01 00:00:00',1,'admin','2015-01-01 00:00:00'),
	(482,'乱伦小','2015-01-01 00:00:00',1,'admin','2015-01-01 00:00:00'),
	(483,'亂倫','2015-01-01 00:00:00',1,'admin','2015-01-01 00:00:00'),
	(484,'伦理大','2015-01-01 00:00:00',1,'admin','2015-01-01 00:00:00'),
	(485,'伦理电影','2015-01-01 00:00:00',1,'admin','2015-01-01 00:00:00'),
	(486,'伦理毛','2015-01-01 00:00:00',1,'admin','2015-01-01 00:00:00'),
	(487,'伦理片','2015-01-01 00:00:00',1,'admin','2015-01-01 00:00:00'),
	(488,'轮功','2015-01-01 00:00:00',1,'admin','2015-01-01 00:00:00'),
	(489,'轮手枪','2015-01-01 00:00:00',1,'admin','2015-01-01 00:00:00'),
	(490,'论文代','2015-01-01 00:00:00',1,'admin','2015-01-01 00:00:00'),
	(491,'罗斯小姐','2015-01-01 00:00:00',1,'admin','2015-01-01 00:00:00'),
	(492,'裸聊网','2015-01-01 00:00:00',1,'admin','2015-01-01 00:00:00'),
	(493,'裸舞视','2015-01-01 00:00:00',1,'admin','2015-01-01 00:00:00'),
	(494,'落霞缀','2015-01-01 00:00:00',1,'admin','2015-01-01 00:00:00'),
	(495,'麻古','2015-01-01 00:00:00',1,'admin','2015-01-01 00:00:00'),
	(496,'麻果配','2015-01-01 00:00:00',1,'admin','2015-01-01 00:00:00'),
	(497,'麻果丸','2015-01-01 00:00:00',1,'admin','2015-01-01 00:00:00'),
	(498,'麻将透','2015-01-01 00:00:00',1,'admin','2015-01-01 00:00:00'),
	(499,'麻醉狗','2015-01-01 00:00:00',1,'admin','2015-01-01 00:00:00'),
	(500,'麻醉枪','2015-01-01 00:00:00',1,'admin','2015-01-01 00:00:00'),
	(501,'麻醉槍','2015-01-01 00:00:00',1,'admin','2015-01-01 00:00:00'),
	(502,'麻醉藥','2015-01-01 00:00:00',1,'admin','2015-01-01 00:00:00'),
	(503,'蟆叫专家','2015-01-01 00:00:00',1,'admin','2015-01-01 00:00:00'),
	(504,'卖地财政','2015-01-01 00:00:00',1,'admin','2015-01-01 00:00:00'),
	(505,'卖发票','2015-01-01 00:00:00',1,'admin','2015-01-01 00:00:00'),
	(506,'卖银行卡','2015-01-01 00:00:00',1,'admin','2015-01-01 00:00:00'),
	(507,'卖自考','2015-01-01 00:00:00',1,'admin','2015-01-01 00:00:00'),
	(508,'漫步丝','2015-01-01 00:00:00',1,'admin','2015-01-01 00:00:00'),
	(509,'忙爱国','2015-01-01 00:00:00',1,'admin','2015-01-01 00:00:00'),
	(510,'猫眼工具','2015-01-01 00:00:00',1,'admin','2015-01-01 00:00:00'),
	(511,'毛一鲜','2015-01-01 00:00:00',1,'admin','2015-01-01 00:00:00'),
	(512,'媒体封锁','2015-01-01 00:00:00',1,'admin','2015-01-01 00:00:00'),
	(513,'每周一死','2015-01-01 00:00:00',1,'admin','2015-01-01 00:00:00'),
	(514,'美艳少妇','2015-01-01 00:00:00',1,'admin','2015-01-01 00:00:00'),
	(515,'妹按摩','2015-01-01 00:00:00',1,'admin','2015-01-01 00:00:00'),
	(516,'妹上门','2015-01-01 00:00:00',1,'admin','2015-01-01 00:00:00'),
	(517,'门按摩','2015-01-01 00:00:00',1,'admin','2015-01-01 00:00:00'),
	(518,'门保健','2015-01-01 00:00:00',1,'admin','2015-01-01 00:00:00'),
	(519,'門服務','2015-01-01 00:00:00',1,'admin','2015-01-01 00:00:00'),
	(520,'氓培训','2015-01-01 00:00:00',1,'admin','2015-01-01 00:00:00'),
	(521,'蒙汗药','2015-01-01 00:00:00',1,'admin','2015-01-01 00:00:00'),
	(522,'迷幻型','2015-01-01 00:00:00',1,'admin','2015-01-01 00:00:00'),
	(523,'迷幻药','2015-01-01 00:00:00',1,'admin','2015-01-01 00:00:00'),
	(524,'迷幻藥','2015-01-01 00:00:00',1,'admin','2015-01-01 00:00:00'),
	(525,'迷昏口','2015-01-01 00:00:00',1,'admin','2015-01-01 00:00:00'),
	(526,'迷昏药','2015-01-01 00:00:00',1,'admin','2015-01-01 00:00:00'),
	(527,'迷昏藥','2015-01-01 00:00:00',1,'admin','2015-01-01 00:00:00'),
	(528,'迷魂香','2015-01-01 00:00:00',1,'admin','2015-01-01 00:00:00'),
	(529,'迷魂药','2015-01-01 00:00:00',1,'admin','2015-01-01 00:00:00'),
	(530,'迷魂藥','2015-01-01 00:00:00',1,'admin','2015-01-01 00:00:00'),
	(531,'迷奸药','2015-01-01 00:00:00',1,'admin','2015-01-01 00:00:00'),
	(532,'迷情水','2015-01-01 00:00:00',1,'admin','2015-01-01 00:00:00'),
	(533,'迷情药','2015-01-01 00:00:00',1,'admin','2015-01-01 00:00:00'),
	(534,'迷藥','2015-01-01 00:00:00',1,'admin','2015-01-01 00:00:00'),
	(535,'谜奸药','2015-01-01 00:00:00',1,'admin','2015-01-01 00:00:00'),
	(536,'蜜穴','2015-01-01 00:00:00',1,'admin','2015-01-01 00:00:00'),
	(537,'灭绝罪','2015-01-01 00:00:00',1,'admin','2015-01-01 00:00:00'),
	(538,'民储害','2015-01-01 00:00:00',1,'admin','2015-01-01 00:00:00'),
	(539,'民九亿商','2015-01-01 00:00:00',1,'admin','2015-01-01 00:00:00'),
	(540,'民抗议','2015-01-01 00:00:00',1,'admin','2015-01-01 00:00:00'),
	(541,'明慧网','2015-01-01 00:00:00',1,'admin','2015-01-01 00:00:00'),
	(542,'铭记印尼','2015-01-01 00:00:00',1,'admin','2015-01-01 00:00:00'),
	(543,'摩小姐','2015-01-01 00:00:00',1,'admin','2015-01-01 00:00:00'),
	(544,'母乳家','2015-01-01 00:00:00',1,'admin','2015-01-01 00:00:00'),
	(545,'木齐针','2015-01-01 00:00:00',1,'admin','2015-01-01 00:00:00'),
	(546,'幕没有不','2015-01-01 00:00:00',1,'admin','2015-01-01 00:00:00'),
	(547,'幕前戲','2015-01-01 00:00:00',1,'admin','2015-01-01 00:00:00'),
	(548,'内射','2015-01-01 00:00:00',1,'admin','2015-01-01 00:00:00'),
	(549,'南充针','2015-01-01 00:00:00',1,'admin','2015-01-01 00:00:00'),
	(550,'嫩穴','2015-01-01 00:00:00',1,'admin','2015-01-01 00:00:00'),
	(551,'嫩阴','2015-01-01 00:00:00',1,'admin','2015-01-01 00:00:00'),
	(552,'泥马之歌','2015-01-01 00:00:00',1,'admin','2015-01-01 00:00:00'),
	(553,'你的西域','2015-01-01 00:00:00',1,'admin','2015-01-01 00:00:00'),
	(554,'拟涛哥','2015-01-01 00:00:00',1,'admin','2015-01-01 00:00:00'),
	(555,'娘两腿之间','2015-01-01 00:00:00',1,'admin','2015-01-01 00:00:00'),
	(556,'妞上门','2015-01-01 00:00:00',1,'admin','2015-01-01 00:00:00'),
	(557,'浓精','2015-01-01 00:00:00',1,'admin','2015-01-01 00:00:00'),
	(558,'怒的志愿','2015-01-01 00:00:00',1,'admin','2015-01-01 00:00:00'),
	(559,'女被人家搞','2015-01-01 00:00:00',1,'admin','2015-01-01 00:00:00'),
	(560,'女激情','2015-01-01 00:00:00',1,'admin','2015-01-01 00:00:00'),
	(561,'女技师','2015-01-01 00:00:00',1,'admin','2015-01-01 00:00:00'),
	(562,'女人和狗','2015-01-01 00:00:00',1,'admin','2015-01-01 00:00:00'),
	(563,'女任职名','2015-01-01 00:00:00',1,'admin','2015-01-01 00:00:00'),
	(564,'女上门','2015-01-01 00:00:00',1,'admin','2015-01-01 00:00:00'),
	(565,'女優','2015-01-01 00:00:00',1,'admin','2015-01-01 00:00:00'),
	(566,'鸥之歌','2015-01-01 00:00:00',1,'admin','2015-01-01 00:00:00'),
	(567,'拍肩神药','2015-01-01 00:00:00',1,'admin','2015-01-01 00:00:00'),
	(568,'拍肩型','2015-01-01 00:00:00',1,'admin','2015-01-01 00:00:00'),
	(569,'牌分析','2015-01-01 00:00:00',1,'admin','2015-01-01 00:00:00'),
	(570,'牌技网','2015-01-01 00:00:00',1,'admin','2015-01-01 00:00:00'),
	(571,'炮的小蜜','2015-01-01 00:00:00',1,'admin','2015-01-01 00:00:00'),
	(572,'陪考枪','2015-01-01 00:00:00',1,'admin','2015-01-01 00:00:00'),
	(573,'配有消','2015-01-01 00:00:00',1,'admin','2015-01-01 00:00:00'),
	(574,'喷尿','2015-01-01 00:00:00',1,'admin','2015-01-01 00:00:00'),
	(575,'嫖俄罗','2015-01-01 00:00:00',1,'admin','2015-01-01 00:00:00'),
	(576,'嫖鸡','2015-01-01 00:00:00',1,'admin','2015-01-01 00:00:00'),
	(577,'平惨案','2015-01-01 00:00:00',1,'admin','2015-01-01 00:00:00'),
	(578,'平叫到床','2015-01-01 00:00:00',1,'admin','2015-01-01 00:00:00'),
	(579,'仆不怕饮','2015-01-01 00:00:00',1,'admin','2015-01-01 00:00:00'),
	(580,'普通嘌','2015-01-01 00:00:00',1,'admin','2015-01-01 00:00:00'),
	(581,'期货配','2015-01-01 00:00:00',1,'admin','2015-01-01 00:00:00'),
	(582,'奇迹的黄','2015-01-01 00:00:00',1,'admin','2015-01-01 00:00:00'),
	(583,'奇淫散','2015-01-01 00:00:00',1,'admin','2015-01-01 00:00:00'),
	(584,'骑单车出','2015-01-01 00:00:00',1,'admin','2015-01-01 00:00:00'),
	(585,'气狗','2015-01-01 00:00:00',1,'admin','2015-01-01 00:00:00'),
	(586,'气枪','2015-01-01 00:00:00',1,'admin','2015-01-01 00:00:00'),
	(587,'汽狗','2015-01-01 00:00:00',1,'admin','2015-01-01 00:00:00'),
	(588,'汽枪','2015-01-01 00:00:00',1,'admin','2015-01-01 00:00:00'),
	(589,'氣槍','2015-01-01 00:00:00',1,'admin','2015-01-01 00:00:00'),
	(590,'铅弹','2015-01-01 00:00:00',1,'admin','2015-01-01 00:00:00'),
	(591,'钱三字经','2015-01-01 00:00:00',1,'admin','2015-01-01 00:00:00'),
	(592,'枪出售','2015-01-01 00:00:00',1,'admin','2015-01-01 00:00:00'),
	(593,'枪的参','2015-01-01 00:00:00',1,'admin','2015-01-01 00:00:00'),
	(594,'枪的分','2015-01-01 00:00:00',1,'admin','2015-01-01 00:00:00'),
	(595,'枪的结','2015-01-01 00:00:00',1,'admin','2015-01-01 00:00:00'),
	(596,'枪的制','2015-01-01 00:00:00',1,'admin','2015-01-01 00:00:00'),
	(597,'枪货到','2015-01-01 00:00:00',1,'admin','2015-01-01 00:00:00'),
	(598,'枪决女犯','2015-01-01 00:00:00',1,'admin','2015-01-01 00:00:00'),
	(599,'枪决现场','2015-01-01 00:00:00',1,'admin','2015-01-01 00:00:00'),
	(600,'枪模','2015-01-01 00:00:00',1,'admin','2015-01-01 00:00:00'),
	(601,'枪手队','2015-01-01 00:00:00',1,'admin','2015-01-01 00:00:00'),
	(602,'枪手网','2015-01-01 00:00:00',1,'admin','2015-01-01 00:00:00'),
	(603,'枪销售','2015-01-01 00:00:00',1,'admin','2015-01-01 00:00:00'),
	(604,'枪械制','2015-01-01 00:00:00',1,'admin','2015-01-01 00:00:00'),
	(605,'枪子弹','2015-01-01 00:00:00',1,'admin','2015-01-01 00:00:00'),
	(606,'强权政府','2015-01-01 00:00:00',1,'admin','2015-01-01 00:00:00'),
	(607,'强硬发言','2015-01-01 00:00:00',1,'admin','2015-01-01 00:00:00'),
	(608,'抢其火炬','2015-01-01 00:00:00',1,'admin','2015-01-01 00:00:00'),
	(609,'切听器','2015-01-01 00:00:00',1,'admin','2015-01-01 00:00:00'),
	(610,'窃听器','2015-01-01 00:00:00',1,'admin','2015-01-01 00:00:00'),
	(611,'禽流感了','2015-01-01 00:00:00',1,'admin','2015-01-01 00:00:00'),
	(612,'勤捞致','2015-01-01 00:00:00',1,'admin','2015-01-01 00:00:00'),
	(613,'氢弹手','2015-01-01 00:00:00',1,'admin','2015-01-01 00:00:00'),
	(614,'清除负面','2015-01-01 00:00:00',1,'admin','2015-01-01 00:00:00'),
	(615,'清純壆','2015-01-01 00:00:00',1,'admin','2015-01-01 00:00:00'),
	(616,'情聊天室','2015-01-01 00:00:00',1,'admin','2015-01-01 00:00:00'),
	(617,'情妹妹','2015-01-01 00:00:00',1,'admin','2015-01-01 00:00:00'),
	(618,'情视频','2015-01-01 00:00:00',1,'admin','2015-01-01 00:00:00'),
	(619,'情自拍','2015-01-01 00:00:00',1,'admin','2015-01-01 00:00:00'),
	(620,'氰化钾','2015-01-01 00:00:00',1,'admin','2015-01-01 00:00:00'),
	(621,'氰化钠','2015-01-01 00:00:00',1,'admin','2015-01-01 00:00:00'),
	(622,'请集会','2015-01-01 00:00:00',1,'admin','2015-01-01 00:00:00'),
	(623,'请示威','2015-01-01 00:00:00',1,'admin','2015-01-01 00:00:00'),
	(624,'请愿','2015-01-01 00:00:00',1,'admin','2015-01-01 00:00:00'),
	(625,'琼花问','2015-01-01 00:00:00',1,'admin','2015-01-01 00:00:00'),
	(626,'区的雷人','2015-01-01 00:00:00',1,'admin','2015-01-01 00:00:00'),
	(627,'娶韩国','2015-01-01 00:00:00',1,'admin','2015-01-01 00:00:00'),
	(628,'全真证','2015-01-01 00:00:00',1,'admin','2015-01-01 00:00:00'),
	(629,'群奸暴','2015-01-01 00:00:00',1,'admin','2015-01-01 00:00:00'),
	(630,'群起抗暴','2015-01-01 00:00:00',1,'admin','2015-01-01 00:00:00'),
	(631,'群体性事','2015-01-01 00:00:00',1,'admin','2015-01-01 00:00:00'),
	(632,'绕过封锁','2015-01-01 00:00:00',1,'admin','2015-01-01 00:00:00'),
	(633,'惹的国','2015-01-01 00:00:00',1,'admin','2015-01-01 00:00:00'),
	(634,'人权律','2015-01-01 00:00:00',1,'admin','2015-01-01 00:00:00'),
	(635,'人体艺','2015-01-01 00:00:00',1,'admin','2015-01-01 00:00:00'),
	(636,'人游行','2015-01-01 00:00:00',1,'admin','2015-01-01 00:00:00'),
	(637,'人在云上','2015-01-01 00:00:00',1,'admin','2015-01-01 00:00:00'),
	(638,'人真钱','2015-01-01 00:00:00',1,'admin','2015-01-01 00:00:00'),
	(639,'认牌绝','2015-01-01 00:00:00',1,'admin','2015-01-01 00:00:00'),
	(640,'任于斯国','2015-01-01 00:00:00',1,'admin','2015-01-01 00:00:00'),
	(641,'柔胸粉','2015-01-01 00:00:00',1,'admin','2015-01-01 00:00:00'),
	(642,'肉洞','2015-01-01 00:00:00',1,'admin','2015-01-01 00:00:00'),
	(643,'肉棍','2015-01-01 00:00:00',1,'admin','2015-01-01 00:00:00'),
	(644,'如厕死','2015-01-01 00:00:00',1,'admin','2015-01-01 00:00:00'),
	(645,'乳交','2015-01-01 00:00:00',1,'admin','2015-01-01 00:00:00'),
	(646,'软弱的国','2015-01-01 00:00:00',1,'admin','2015-01-01 00:00:00'),
	(647,'赛后骚','2015-01-01 00:00:00',1,'admin','2015-01-01 00:00:00'),
	(648,'三挫','2015-01-01 00:00:00',1,'admin','2015-01-01 00:00:00'),
	(649,'三级片','2015-01-01 00:00:00',1,'admin','2015-01-01 00:00:00'),
	(650,'三秒倒','2015-01-01 00:00:00',1,'admin','2015-01-01 00:00:00'),
	(651,'三网友','2015-01-01 00:00:00',1,'admin','2015-01-01 00:00:00'),
	(652,'三唑','2015-01-01 00:00:00',1,'admin','2015-01-01 00:00:00'),
	(653,'骚妇','2015-01-01 00:00:00',1,'admin','2015-01-01 00:00:00'),
	(654,'骚浪','2015-01-01 00:00:00',1,'admin','2015-01-01 00:00:00'),
	(655,'骚穴','2015-01-01 00:00:00',1,'admin','2015-01-01 00:00:00'),
	(656,'骚嘴','2015-01-01 00:00:00',1,'admin','2015-01-01 00:00:00'),
	(657,'扫了爷爷','2015-01-01 00:00:00',1,'admin','2015-01-01 00:00:00'),
	(658,'色电影','2015-01-01 00:00:00',1,'admin','2015-01-01 00:00:00'),
	(659,'色妹妹','2015-01-01 00:00:00',1,'admin','2015-01-01 00:00:00'),
	(660,'色视频','2015-01-01 00:00:00',1,'admin','2015-01-01 00:00:00'),
	(661,'色小说','2015-01-01 00:00:00',1,'admin','2015-01-01 00:00:00'),
	(662,'杀指南','2015-01-01 00:00:00',1,'admin','2015-01-01 00:00:00'),
	(663,'山涉黑','2015-01-01 00:00:00',1,'admin','2015-01-01 00:00:00'),
	(664,'煽动不明','2015-01-01 00:00:00',1,'admin','2015-01-01 00:00:00'),
	(665,'煽动群众','2015-01-01 00:00:00',1,'admin','2015-01-01 00:00:00'),
	(666,'上门激','2015-01-01 00:00:00',1,'admin','2015-01-01 00:00:00'),
	(667,'烧公安局','2015-01-01 00:00:00',1,'admin','2015-01-01 00:00:00'),
	(668,'烧瓶的','2015-01-01 00:00:00',1,'admin','2015-01-01 00:00:00'),
	(669,'韶关斗','2015-01-01 00:00:00',1,'admin','2015-01-01 00:00:00'),
	(670,'韶关玩','2015-01-01 00:00:00',1,'admin','2015-01-01 00:00:00'),
	(671,'韶关旭','2015-01-01 00:00:00',1,'admin','2015-01-01 00:00:00'),
	(672,'射网枪','2015-01-01 00:00:00',1,'admin','2015-01-01 00:00:00'),
	(673,'涉嫌抄袭','2015-01-01 00:00:00',1,'admin','2015-01-01 00:00:00'),
	(674,'深喉冰','2015-01-01 00:00:00',1,'admin','2015-01-01 00:00:00'),
	(675,'神七假','2015-01-01 00:00:00',1,'admin','2015-01-01 00:00:00'),
	(676,'神韵艺术','2015-01-01 00:00:00',1,'admin','2015-01-01 00:00:00'),
	(677,'生被砍','2015-01-01 00:00:00',1,'admin','2015-01-01 00:00:00'),
	(678,'生踩踏','2015-01-01 00:00:00',1,'admin','2015-01-01 00:00:00'),
	(679,'生肖中特','2015-01-01 00:00:00',1,'admin','2015-01-01 00:00:00'),
	(680,'圣战不息','2015-01-01 00:00:00',1,'admin','2015-01-01 00:00:00'),
	(681,'盛行在舞','2015-01-01 00:00:00',1,'admin','2015-01-01 00:00:00'),
	(682,'尸博','2015-01-01 00:00:00',1,'admin','2015-01-01 00:00:00'),
	(683,'失身水','2015-01-01 00:00:00',1,'admin','2015-01-01 00:00:00'),
	(684,'失意药','2015-01-01 00:00:00',1,'admin','2015-01-01 00:00:00'),
	(685,'狮子旗','2015-01-01 00:00:00',1,'admin','2015-01-01 00:00:00'),
	(686,'十八等','2015-01-01 00:00:00',1,'admin','2015-01-01 00:00:00'),
	(687,'十大谎','2015-01-01 00:00:00',1,'admin','2015-01-01 00:00:00'),
	(688,'十大禁','2015-01-01 00:00:00',1,'admin','2015-01-01 00:00:00'),
	(689,'十个预言','2015-01-01 00:00:00',1,'admin','2015-01-01 00:00:00'),
	(690,'十类人不','2015-01-01 00:00:00',1,'admin','2015-01-01 00:00:00'),
	(691,'十七大幕','2015-01-01 00:00:00',1,'admin','2015-01-01 00:00:00'),
	(692,'实毕业证','2015-01-01 00:00:00',1,'admin','2015-01-01 00:00:00'),
	(693,'实体娃','2015-01-01 00:00:00',1,'admin','2015-01-01 00:00:00'),
	(694,'实学历文','2015-01-01 00:00:00',1,'admin','2015-01-01 00:00:00'),
	(695,'士康事件','2015-01-01 00:00:00',1,'admin','2015-01-01 00:00:00'),
	(696,'式粉推','2015-01-01 00:00:00',1,'admin','2015-01-01 00:00:00'),
	(697,'视解密','2015-01-01 00:00:00',1,'admin','2015-01-01 00:00:00'),
	(698,'是躲猫','2015-01-01 00:00:00',1,'admin','2015-01-01 00:00:00'),
	(699,'手变牌','2015-01-01 00:00:00',1,'admin','2015-01-01 00:00:00'),
	(700,'手答案','2015-01-01 00:00:00',1,'admin','2015-01-01 00:00:00'),
	(701,'手狗','2015-01-01 00:00:00',1,'admin','2015-01-01 00:00:00'),
	(702,'手机跟','2015-01-01 00:00:00',1,'admin','2015-01-01 00:00:00'),
	(703,'手机监','2015-01-01 00:00:00',1,'admin','2015-01-01 00:00:00'),
	(704,'手机窃','2015-01-01 00:00:00',1,'admin','2015-01-01 00:00:00'),
	(705,'手机追','2015-01-01 00:00:00',1,'admin','2015-01-01 00:00:00'),
	(706,'手拉鸡','2015-01-01 00:00:00',1,'admin','2015-01-01 00:00:00'),
	(707,'手木仓','2015-01-01 00:00:00',1,'admin','2015-01-01 00:00:00'),
	(708,'手槍','2015-01-01 00:00:00',1,'admin','2015-01-01 00:00:00'),
	(709,'守所死法','2015-01-01 00:00:00',1,'admin','2015-01-01 00:00:00'),
	(710,'兽交','2015-01-01 00:00:00',1,'admin','2015-01-01 00:00:00'),
	(711,'售步枪','2015-01-01 00:00:00',1,'admin','2015-01-01 00:00:00'),
	(712,'售纯度','2015-01-01 00:00:00',1,'admin','2015-01-01 00:00:00'),
	(713,'售单管','2015-01-01 00:00:00',1,'admin','2015-01-01 00:00:00'),
	(714,'售弹簧刀','2015-01-01 00:00:00',1,'admin','2015-01-01 00:00:00'),
	(715,'售防身','2015-01-01 00:00:00',1,'admin','2015-01-01 00:00:00'),
	(716,'售狗子','2015-01-01 00:00:00',1,'admin','2015-01-01 00:00:00'),
	(717,'售虎头','2015-01-01 00:00:00',1,'admin','2015-01-01 00:00:00'),
	(718,'售火药','2015-01-01 00:00:00',1,'admin','2015-01-01 00:00:00'),
	(719,'售假币','2015-01-01 00:00:00',1,'admin','2015-01-01 00:00:00'),
	(720,'售健卫','2015-01-01 00:00:00',1,'admin','2015-01-01 00:00:00'),
	(721,'售军用','2015-01-01 00:00:00',1,'admin','2015-01-01 00:00:00'),
	(722,'售猎枪','2015-01-01 00:00:00',1,'admin','2015-01-01 00:00:00'),
	(723,'售氯胺','2015-01-01 00:00:00',1,'admin','2015-01-01 00:00:00'),
	(724,'售麻醉','2015-01-01 00:00:00',1,'admin','2015-01-01 00:00:00'),
	(725,'售冒名','2015-01-01 00:00:00',1,'admin','2015-01-01 00:00:00'),
	(726,'售枪支','2015-01-01 00:00:00',1,'admin','2015-01-01 00:00:00'),
	(727,'售热武','2015-01-01 00:00:00',1,'admin','2015-01-01 00:00:00'),
	(728,'售三棱','2015-01-01 00:00:00',1,'admin','2015-01-01 00:00:00'),
	(729,'售手枪','2015-01-01 00:00:00',1,'admin','2015-01-01 00:00:00'),
	(730,'售五四','2015-01-01 00:00:00',1,'admin','2015-01-01 00:00:00'),
	(731,'售信用','2015-01-01 00:00:00',1,'admin','2015-01-01 00:00:00'),
	(732,'售一元硬','2015-01-01 00:00:00',1,'admin','2015-01-01 00:00:00'),
	(733,'售子弹','2015-01-01 00:00:00',1,'admin','2015-01-01 00:00:00'),
	(734,'售左轮','2015-01-01 00:00:00',1,'admin','2015-01-01 00:00:00'),
	(735,'书办理','2015-01-01 00:00:00',1,'admin','2015-01-01 00:00:00'),
	(736,'熟妇','2015-01-01 00:00:00',1,'admin','2015-01-01 00:00:00'),
	(737,'术牌具','2015-01-01 00:00:00',1,'admin','2015-01-01 00:00:00'),
	(738,'双管立','2015-01-01 00:00:00',1,'admin','2015-01-01 00:00:00'),
	(739,'双管平','2015-01-01 00:00:00',1,'admin','2015-01-01 00:00:00'),
	(740,'水阎王','2015-01-01 00:00:00',1,'admin','2015-01-01 00:00:00'),
	(741,'丝护士','2015-01-01 00:00:00',1,'admin','2015-01-01 00:00:00'),
	(742,'丝情侣','2015-01-01 00:00:00',1,'admin','2015-01-01 00:00:00'),
	(743,'丝袜保','2015-01-01 00:00:00',1,'admin','2015-01-01 00:00:00'),
	(744,'丝袜恋','2015-01-01 00:00:00',1,'admin','2015-01-01 00:00:00'),
	(745,'丝袜美','2015-01-01 00:00:00',1,'admin','2015-01-01 00:00:00'),
	(746,'丝袜妹','2015-01-01 00:00:00',1,'admin','2015-01-01 00:00:00'),
	(747,'丝袜网','2015-01-01 00:00:00',1,'admin','2015-01-01 00:00:00'),
	(748,'丝足按','2015-01-01 00:00:00',1,'admin','2015-01-01 00:00:00'),
	(749,'司长期有','2015-01-01 00:00:00',1,'admin','2015-01-01 00:00:00'),
	(750,'司法黑','2015-01-01 00:00:00',1,'admin','2015-01-01 00:00:00'),
	(751,'私房写真','2015-01-01 00:00:00',1,'admin','2015-01-01 00:00:00'),
	(752,'死法分布','2015-01-01 00:00:00',1,'admin','2015-01-01 00:00:00'),
	(753,'死要见毛','2015-01-01 00:00:00',1,'admin','2015-01-01 00:00:00'),
	(754,'四博会','2015-01-01 00:00:00',1,'admin','2015-01-01 00:00:00'),
	(755,'四大扯','2015-01-01 00:00:00',1,'admin','2015-01-01 00:00:00'),
	(756,'四小码','2015-01-01 00:00:00',1,'admin','2015-01-01 00:00:00'),
	(757,'苏家屯集','2015-01-01 00:00:00',1,'admin','2015-01-01 00:00:00'),
	(758,'诉讼集团','2015-01-01 00:00:00',1,'admin','2015-01-01 00:00:00'),
	(759,'素女心','2015-01-01 00:00:00',1,'admin','2015-01-01 00:00:00'),
	(760,'速代办','2015-01-01 00:00:00',1,'admin','2015-01-01 00:00:00'),
	(761,'速取证','2015-01-01 00:00:00',1,'admin','2015-01-01 00:00:00'),
	(762,'酸羟亚胺','2015-01-01 00:00:00',1,'admin','2015-01-01 00:00:00'),
	(763,'蹋纳税','2015-01-01 00:00:00',1,'admin','2015-01-01 00:00:00'),
	(764,'太王四神','2015-01-01 00:00:00',1,'admin','2015-01-01 00:00:00'),
	(765,'泰兴幼','2015-01-01 00:00:00',1,'admin','2015-01-01 00:00:00'),
	(766,'泰兴镇中','2015-01-01 00:00:00',1,'admin','2015-01-01 00:00:00'),
	(767,'泰州幼','2015-01-01 00:00:00',1,'admin','2015-01-01 00:00:00'),
	(768,'贪官也辛','2015-01-01 00:00:00',1,'admin','2015-01-01 00:00:00'),
	(769,'探测狗','2015-01-01 00:00:00',1,'admin','2015-01-01 00:00:00'),
	(770,'涛共产','2015-01-01 00:00:00',1,'admin','2015-01-01 00:00:00'),
	(771,'涛一样胡','2015-01-01 00:00:00',1,'admin','2015-01-01 00:00:00'),
	(772,'特工资','2015-01-01 00:00:00',1,'admin','2015-01-01 00:00:00'),
	(773,'特码','2015-01-01 00:00:00',1,'admin','2015-01-01 00:00:00'),
	(774,'特上门','2015-01-01 00:00:00',1,'admin','2015-01-01 00:00:00'),
	(775,'体透视镜','2015-01-01 00:00:00',1,'admin','2015-01-01 00:00:00'),
	(776,'替考','2015-01-01 00:00:00',1,'admin','2015-01-01 00:00:00'),
	(777,'替人体','2015-01-01 00:00:00',1,'admin','2015-01-01 00:00:00'),
	(778,'天朝特','2015-01-01 00:00:00',1,'admin','2015-01-01 00:00:00'),
	(779,'天鹅之旅','2015-01-01 00:00:00',1,'admin','2015-01-01 00:00:00'),
	(780,'天推广歌','2015-01-01 00:00:00',1,'admin','2015-01-01 00:00:00'),
	(781,'田罢工','2015-01-01 00:00:00',1,'admin','2015-01-01 00:00:00'),
	(782,'田田桑','2015-01-01 00:00:00',1,'admin','2015-01-01 00:00:00'),
	(783,'田停工','2015-01-01 00:00:00',1,'admin','2015-01-01 00:00:00'),
	(784,'庭保养','2015-01-01 00:00:00',1,'admin','2015-01-01 00:00:00'),
	(785,'庭审直播','2015-01-01 00:00:00',1,'admin','2015-01-01 00:00:00'),
	(786,'通钢总经','2015-01-01 00:00:00',1,'admin','2015-01-01 00:00:00'),
	(787,'偷電器','2015-01-01 00:00:00',1,'admin','2015-01-01 00:00:00'),
	(788,'偷肃贪','2015-01-01 00:00:00',1,'admin','2015-01-01 00:00:00'),
	(789,'偷听器','2015-01-01 00:00:00',1,'admin','2015-01-01 00:00:00'),
	(790,'偷偷贪','2015-01-01 00:00:00',1,'admin','2015-01-01 00:00:00'),
	(791,'头双管','2015-01-01 00:00:00',1,'admin','2015-01-01 00:00:00'),
	(792,'透视功能','2015-01-01 00:00:00',1,'admin','2015-01-01 00:00:00'),
	(793,'透视镜','2015-01-01 00:00:00',1,'admin','2015-01-01 00:00:00'),
	(794,'透视扑','2015-01-01 00:00:00',1,'admin','2015-01-01 00:00:00'),
	(795,'透视器','2015-01-01 00:00:00',1,'admin','2015-01-01 00:00:00'),
	(796,'透视眼镜','2015-01-01 00:00:00',1,'admin','2015-01-01 00:00:00'),
	(797,'透视药','2015-01-01 00:00:00',1,'admin','2015-01-01 00:00:00'),
	(798,'透视仪','2015-01-01 00:00:00',1,'admin','2015-01-01 00:00:00'),
	(799,'秃鹰汽','2015-01-01 00:00:00',1,'admin','2015-01-01 00:00:00'),
	(800,'突破封锁','2015-01-01 00:00:00',1,'admin','2015-01-01 00:00:00'),
	(801,'突破网路','2015-01-01 00:00:00',1,'admin','2015-01-01 00:00:00'),
	(802,'推油按','2015-01-01 00:00:00',1,'admin','2015-01-01 00:00:00'),
	(803,'脱衣艳','2015-01-01 00:00:00',1,'admin','2015-01-01 00:00:00'),
	(804,'瓦斯手','2015-01-01 00:00:00',1,'admin','2015-01-01 00:00:00'),
	(805,'袜按摩','2015-01-01 00:00:00',1,'admin','2015-01-01 00:00:00'),
	(806,'外透视镜','2015-01-01 00:00:00',1,'admin','2015-01-01 00:00:00'),
	(807,'外围赌球','2015-01-01 00:00:00',1,'admin','2015-01-01 00:00:00'),
	(808,'湾版假','2015-01-01 00:00:00',1,'admin','2015-01-01 00:00:00'),
	(809,'万能钥匙','2015-01-01 00:00:00',1,'admin','2015-01-01 00:00:00'),
	(810,'万人骚动','2015-01-01 00:00:00',1,'admin','2015-01-01 00:00:00'),
	(811,'王立军','2015-01-01 00:00:00',1,'admin','2015-01-01 00:00:00'),
	(812,'王益案','2015-01-01 00:00:00',1,'admin','2015-01-01 00:00:00'),
	(813,'网民案','2015-01-01 00:00:00',1,'admin','2015-01-01 00:00:00'),
	(814,'网民获刑','2015-01-01 00:00:00',1,'admin','2015-01-01 00:00:00'),
	(815,'网民诬','2015-01-01 00:00:00',1,'admin','2015-01-01 00:00:00'),
	(816,'微型摄像','2015-01-01 00:00:00',1,'admin','2015-01-01 00:00:00'),
	(817,'围攻警','2015-01-01 00:00:00',1,'admin','2015-01-01 00:00:00'),
	(818,'围攻上海','2015-01-01 00:00:00',1,'admin','2015-01-01 00:00:00'),
	(819,'维汉员','2015-01-01 00:00:00',1,'admin','2015-01-01 00:00:00'),
	(820,'维权基','2015-01-01 00:00:00',1,'admin','2015-01-01 00:00:00'),
	(821,'维权人','2015-01-01 00:00:00',1,'admin','2015-01-01 00:00:00'),
	(822,'维权谈','2015-01-01 00:00:00',1,'admin','2015-01-01 00:00:00'),
	(823,'委坐船','2015-01-01 00:00:00',1,'admin','2015-01-01 00:00:00'),
	(824,'谓的和谐','2015-01-01 00:00:00',1,'admin','2015-01-01 00:00:00'),
	(825,'温家堡','2015-01-01 00:00:00',1,'admin','2015-01-01 00:00:00'),
	(826,'温切斯特','2015-01-01 00:00:00',1,'admin','2015-01-01 00:00:00'),
	(827,'温影帝','2015-01-01 00:00:00',1,'admin','2015-01-01 00:00:00'),
	(828,'溫家寶','2015-01-01 00:00:00',1,'admin','2015-01-01 00:00:00'),
	(829,'瘟加饱','2015-01-01 00:00:00',1,'admin','2015-01-01 00:00:00'),
	(830,'瘟假饱','2015-01-01 00:00:00',1,'admin','2015-01-01 00:00:00'),
	(831,'文凭证','2015-01-01 00:00:00',1,'admin','2015-01-01 00:00:00'),
	(832,'文强','2015-01-01 00:00:00',1,'admin','2015-01-01 00:00:00'),
	(833,'纹了毛','2015-01-01 00:00:00',1,'admin','2015-01-01 00:00:00'),
	(834,'闻被控制','2015-01-01 00:00:00',1,'admin','2015-01-01 00:00:00'),
	(835,'闻封锁','2015-01-01 00:00:00',1,'admin','2015-01-01 00:00:00'),
	(836,'瓮安','2015-01-01 00:00:00',1,'admin','2015-01-01 00:00:00'),
	(837,'我的西域','2015-01-01 00:00:00',1,'admin','2015-01-01 00:00:00'),
	(838,'我搞台独','2015-01-01 00:00:00',1,'admin','2015-01-01 00:00:00'),
	(839,'乌蝇水','2015-01-01 00:00:00',1,'admin','2015-01-01 00:00:00'),
	(840,'无耻语录','2015-01-01 00:00:00',1,'admin','2015-01-01 00:00:00'),
	(841,'无码专','2015-01-01 00:00:00',1,'admin','2015-01-01 00:00:00'),
	(842,'五套功','2015-01-01 00:00:00',1,'admin','2015-01-01 00:00:00'),
	(843,'五月天','2015-01-01 00:00:00',1,'admin','2015-01-01 00:00:00'),
	(844,'午夜电','2015-01-01 00:00:00',1,'admin','2015-01-01 00:00:00'),
	(845,'午夜极','2015-01-01 00:00:00',1,'admin','2015-01-01 00:00:00'),
	(846,'武警暴','2015-01-01 00:00:00',1,'admin','2015-01-01 00:00:00'),
	(847,'武警殴','2015-01-01 00:00:00',1,'admin','2015-01-01 00:00:00'),
	(848,'武警已增','2015-01-01 00:00:00',1,'admin','2015-01-01 00:00:00'),
	(849,'务员答案','2015-01-01 00:00:00',1,'admin','2015-01-01 00:00:00'),
	(850,'务员考试','2015-01-01 00:00:00',1,'admin','2015-01-01 00:00:00'),
	(851,'雾型迷','2015-01-01 00:00:00',1,'admin','2015-01-01 00:00:00'),
	(852,'西藏限','2015-01-01 00:00:00',1,'admin','2015-01-01 00:00:00'),
	(853,'西服进去','2015-01-01 00:00:00',1,'admin','2015-01-01 00:00:00'),
	(854,'希脏','2015-01-01 00:00:00',1,'admin','2015-01-01 00:00:00'),
	(855,'习进平','2015-01-01 00:00:00',1,'admin','2015-01-01 00:00:00'),
	(856,'习晋平','2015-01-01 00:00:00',1,'admin','2015-01-01 00:00:00'),
	(857,'席复活','2015-01-01 00:00:00',1,'admin','2015-01-01 00:00:00'),
	(858,'席临终前','2015-01-01 00:00:00',1,'admin','2015-01-01 00:00:00'),
	(859,'席指着护','2015-01-01 00:00:00',1,'admin','2015-01-01 00:00:00'),
	(860,'洗澡死','2015-01-01 00:00:00',1,'admin','2015-01-01 00:00:00'),
	(861,'喜贪赃','2015-01-01 00:00:00',1,'admin','2015-01-01 00:00:00'),
	(862,'先烈纷纷','2015-01-01 00:00:00',1,'admin','2015-01-01 00:00:00'),
	(863,'现大地震','2015-01-01 00:00:00',1,'admin','2015-01-01 00:00:00'),
	(864,'现金投注','2015-01-01 00:00:00',1,'admin','2015-01-01 00:00:00'),
	(865,'线透视镜','2015-01-01 00:00:00',1,'admin','2015-01-01 00:00:00'),
	(866,'限制言','2015-01-01 00:00:00',1,'admin','2015-01-01 00:00:00'),
	(867,'陷害案','2015-01-01 00:00:00',1,'admin','2015-01-01 00:00:00'),
	(868,'陷害罪','2015-01-01 00:00:00',1,'admin','2015-01-01 00:00:00'),
	(869,'相自首','2015-01-01 00:00:00',1,'admin','2015-01-01 00:00:00'),
	(870,'香港论坛','2015-01-01 00:00:00',1,'admin','2015-01-01 00:00:00'),
	(871,'香港马会','2015-01-01 00:00:00',1,'admin','2015-01-01 00:00:00'),
	(872,'香港一类','2015-01-01 00:00:00',1,'admin','2015-01-01 00:00:00'),
	(873,'香港总彩','2015-01-01 00:00:00',1,'admin','2015-01-01 00:00:00'),
	(874,'硝化甘','2015-01-01 00:00:00',1,'admin','2015-01-01 00:00:00'),
	(875,'小穴','2015-01-01 00:00:00',1,'admin','2015-01-01 00:00:00'),
	(876,'校骚乱','2015-01-01 00:00:00',1,'admin','2015-01-01 00:00:00'),
	(877,'协晃悠','2015-01-01 00:00:00',1,'admin','2015-01-01 00:00:00'),
	(878,'写两会','2015-01-01 00:00:00',1,'admin','2015-01-01 00:00:00'),
	(879,'泄漏的内','2015-01-01 00:00:00',1,'admin','2015-01-01 00:00:00'),
	(880,'新建户','2015-01-01 00:00:00',1,'admin','2015-01-01 00:00:00'),
	(881,'新疆叛','2015-01-01 00:00:00',1,'admin','2015-01-01 00:00:00'),
	(882,'新疆限','2015-01-01 00:00:00',1,'admin','2015-01-01 00:00:00'),
	(883,'新金瓶','2015-01-01 00:00:00',1,'admin','2015-01-01 00:00:00'),
	(884,'新唐人','2015-01-01 00:00:00',1,'admin','2015-01-01 00:00:00'),
	(885,'信访专班','2015-01-01 00:00:00',1,'admin','2015-01-01 00:00:00'),
	(886,'信接收器','2015-01-01 00:00:00',1,'admin','2015-01-01 00:00:00'),
	(887,'兴中心幼','2015-01-01 00:00:00',1,'admin','2015-01-01 00:00:00'),
	(888,'星上门','2015-01-01 00:00:00',1,'admin','2015-01-01 00:00:00'),
	(889,'行长王益','2015-01-01 00:00:00',1,'admin','2015-01-01 00:00:00'),
	(890,'形透视镜','2015-01-01 00:00:00',1,'admin','2015-01-01 00:00:00'),
	(891,'型手枪','2015-01-01 00:00:00',1,'admin','2015-01-01 00:00:00'),
	(892,'姓忽悠','2015-01-01 00:00:00',1,'admin','2015-01-01 00:00:00'),
	(893,'幸运码','2015-01-01 00:00:00',1,'admin','2015-01-01 00:00:00'),
	(894,'性爱日','2015-01-01 00:00:00',1,'admin','2015-01-01 00:00:00'),
	(895,'性福情','2015-01-01 00:00:00',1,'admin','2015-01-01 00:00:00'),
	(896,'性感少','2015-01-01 00:00:00',1,'admin','2015-01-01 00:00:00'),
	(897,'性推广歌','2015-01-01 00:00:00',1,'admin','2015-01-01 00:00:00'),
	(898,'胸主席','2015-01-01 00:00:00',1,'admin','2015-01-01 00:00:00'),
	(899,'徐玉元','2015-01-01 00:00:00',1,'admin','2015-01-01 00:00:00'),
	(900,'学骚乱','2015-01-01 00:00:00',1,'admin','2015-01-01 00:00:00'),
	(901,'学位證','2015-01-01 00:00:00',1,'admin','2015-01-01 00:00:00'),
	(902,'學生妹','2015-01-01 00:00:00',1,'admin','2015-01-01 00:00:00'),
	(903,'丫与王益','2015-01-01 00:00:00',1,'admin','2015-01-01 00:00:00'),
	(904,'烟感器','2015-01-01 00:00:00',1,'admin','2015-01-01 00:00:00'),
	(905,'严晓玲','2015-01-01 00:00:00',1,'admin','2015-01-01 00:00:00'),
	(906,'言被劳教','2015-01-01 00:00:00',1,'admin','2015-01-01 00:00:00'),
	(907,'言论罪','2015-01-01 00:00:00',1,'admin','2015-01-01 00:00:00'),
	(908,'盐酸曲','2015-01-01 00:00:00',1,'admin','2015-01-01 00:00:00'),
	(909,'颜射','2015-01-01 00:00:00',1,'admin','2015-01-01 00:00:00'),
	(910,'恙虫病','2015-01-01 00:00:00',1,'admin','2015-01-01 00:00:00'),
	(911,'姚明进去','2015-01-01 00:00:00',1,'admin','2015-01-01 00:00:00'),
	(912,'要人权','2015-01-01 00:00:00',1,'admin','2015-01-01 00:00:00'),
	(913,'要射精了','2015-01-01 00:00:00',1,'admin','2015-01-01 00:00:00'),
	(914,'要射了','2015-01-01 00:00:00',1,'admin','2015-01-01 00:00:00'),
	(915,'要泄了','2015-01-01 00:00:00',1,'admin','2015-01-01 00:00:00'),
	(916,'夜激情','2015-01-01 00:00:00',1,'admin','2015-01-01 00:00:00'),
	(917,'液体炸','2015-01-01 00:00:00',1,'admin','2015-01-01 00:00:00'),
	(918,'一小撮别','2015-01-01 00:00:00',1,'admin','2015-01-01 00:00:00'),
	(919,'遗情书','2015-01-01 00:00:00',1,'admin','2015-01-01 00:00:00'),
	(920,'蚁力神','2015-01-01 00:00:00',1,'admin','2015-01-01 00:00:00'),
	(921,'益关注组','2015-01-01 00:00:00',1,'admin','2015-01-01 00:00:00'),
	(922,'益受贿','2015-01-01 00:00:00',1,'admin','2015-01-01 00:00:00'),
	(923,'阴间来电','2015-01-01 00:00:00',1,'admin','2015-01-01 00:00:00'),
	(924,'陰唇','2015-01-01 00:00:00',1,'admin','2015-01-01 00:00:00'),
	(925,'陰道','2015-01-01 00:00:00',1,'admin','2015-01-01 00:00:00'),
	(926,'陰戶','2015-01-01 00:00:00',1,'admin','2015-01-01 00:00:00'),
	(927,'淫魔舞','2015-01-01 00:00:00',1,'admin','2015-01-01 00:00:00'),
	(928,'淫情女','2015-01-01 00:00:00',1,'admin','2015-01-01 00:00:00'),
	(929,'淫肉','2015-01-01 00:00:00',1,'admin','2015-01-01 00:00:00'),
	(930,'淫騷妹','2015-01-01 00:00:00',1,'admin','2015-01-01 00:00:00'),
	(931,'淫兽','2015-01-01 00:00:00',1,'admin','2015-01-01 00:00:00'),
	(932,'淫兽学','2015-01-01 00:00:00',1,'admin','2015-01-01 00:00:00'),
	(933,'淫水','2015-01-01 00:00:00',1,'admin','2015-01-01 00:00:00'),
	(934,'淫穴','2015-01-01 00:00:00',1,'admin','2015-01-01 00:00:00'),
	(935,'隐形耳','2015-01-01 00:00:00',1,'admin','2015-01-01 00:00:00'),
	(936,'隐形喷剂','2015-01-01 00:00:00',1,'admin','2015-01-01 00:00:00'),
	(937,'应子弹','2015-01-01 00:00:00',1,'admin','2015-01-01 00:00:00'),
	(938,'婴儿命','2015-01-01 00:00:00',1,'admin','2015-01-01 00:00:00'),
	(939,'咏妓','2015-01-01 00:00:00',1,'admin','2015-01-01 00:00:00'),
	(940,'用手枪','2015-01-01 00:00:00',1,'admin','2015-01-01 00:00:00'),
	(941,'幽谷三','2015-01-01 00:00:00',1,'admin','2015-01-01 00:00:00'),
	(942,'游精佑','2015-01-01 00:00:00',1,'admin','2015-01-01 00:00:00'),
	(943,'有奶不一','2015-01-01 00:00:00',1,'admin','2015-01-01 00:00:00'),
	(944,'右转是政','2015-01-01 00:00:00',1,'admin','2015-01-01 00:00:00'),
	(945,'幼齿类','2015-01-01 00:00:00',1,'admin','2015-01-01 00:00:00'),
	(946,'娱乐透视','2015-01-01 00:00:00',1,'admin','2015-01-01 00:00:00'),
	(947,'愚民同','2015-01-01 00:00:00',1,'admin','2015-01-01 00:00:00'),
	(948,'愚民政','2015-01-01 00:00:00',1,'admin','2015-01-01 00:00:00'),
	(949,'与狗性','2015-01-01 00:00:00',1,'admin','2015-01-01 00:00:00'),
	(950,'玉蒲团','2015-01-01 00:00:00',1,'admin','2015-01-01 00:00:00'),
	(951,'育部女官','2015-01-01 00:00:00',1,'admin','2015-01-01 00:00:00'),
	(952,'冤民大','2015-01-01 00:00:00',1,'admin','2015-01-01 00:00:00'),
	(953,'鸳鸯洗','2015-01-01 00:00:00',1,'admin','2015-01-01 00:00:00'),
	(954,'园惨案','2015-01-01 00:00:00',1,'admin','2015-01-01 00:00:00'),
	(955,'园发生砍','2015-01-01 00:00:00',1,'admin','2015-01-01 00:00:00'),
	(956,'园砍杀','2015-01-01 00:00:00',1,'admin','2015-01-01 00:00:00'),
	(957,'园凶杀','2015-01-01 00:00:00',1,'admin','2015-01-01 00:00:00'),
	(958,'园血案','2015-01-01 00:00:00',1,'admin','2015-01-01 00:00:00'),
	(959,'原一九五七','2015-01-01 00:00:00',1,'admin','2015-01-01 00:00:00'),
	(960,'原装弹','2015-01-01 00:00:00',1,'admin','2015-01-01 00:00:00'),
	(961,'袁腾飞','2015-01-01 00:00:00',1,'admin','2015-01-01 00:00:00'),
	(962,'晕倒型','2015-01-01 00:00:00',1,'admin','2015-01-01 00:00:00'),
	(963,'韵徐娘','2015-01-01 00:00:00',1,'admin','2015-01-01 00:00:00'),
	(964,'遭便衣','2015-01-01 00:00:00',1,'admin','2015-01-01 00:00:00'),
	(965,'遭到警','2015-01-01 00:00:00',1,'admin','2015-01-01 00:00:00'),
	(966,'遭警察','2015-01-01 00:00:00',1,'admin','2015-01-01 00:00:00'),
	(967,'遭武警','2015-01-01 00:00:00',1,'admin','2015-01-01 00:00:00'),
	(968,'择油录','2015-01-01 00:00:00',1,'admin','2015-01-01 00:00:00'),
	(969,'曾道人','2015-01-01 00:00:00',1,'admin','2015-01-01 00:00:00'),
	(970,'炸弹教','2015-01-01 00:00:00',1,'admin','2015-01-01 00:00:00'),
	(971,'炸弹遥控','2015-01-01 00:00:00',1,'admin','2015-01-01 00:00:00'),
	(972,'炸广州','2015-01-01 00:00:00',1,'admin','2015-01-01 00:00:00'),
	(973,'炸立交','2015-01-01 00:00:00',1,'admin','2015-01-01 00:00:00'),
	(974,'炸药的制','2015-01-01 00:00:00',1,'admin','2015-01-01 00:00:00'),
	(975,'炸药配','2015-01-01 00:00:00',1,'admin','2015-01-01 00:00:00'),
	(976,'炸药制','2015-01-01 00:00:00',1,'admin','2015-01-01 00:00:00'),
	(977,'张春桥','2015-01-01 00:00:00',1,'admin','2015-01-01 00:00:00'),
	(978,'找枪手','2015-01-01 00:00:00',1,'admin','2015-01-01 00:00:00'),
	(979,'找援交','2015-01-01 00:00:00',1,'admin','2015-01-01 00:00:00'),
	(980,'找政法委副','2015-01-01 00:00:00',1,'admin','2015-01-01 00:00:00'),
	(981,'赵紫阳','2015-01-01 00:00:00',1,'admin','2015-01-01 00:00:00'),
	(982,'针刺案','2015-01-01 00:00:00',1,'admin','2015-01-01 00:00:00'),
	(983,'针刺伤','2015-01-01 00:00:00',1,'admin','2015-01-01 00:00:00'),
	(984,'针刺事','2015-01-01 00:00:00',1,'admin','2015-01-01 00:00:00'),
	(985,'针刺死','2015-01-01 00:00:00',1,'admin','2015-01-01 00:00:00'),
	(986,'侦探设备','2015-01-01 00:00:00',1,'admin','2015-01-01 00:00:00'),
	(987,'真钱斗地','2015-01-01 00:00:00',1,'admin','2015-01-01 00:00:00'),
	(988,'真钱投注','2015-01-01 00:00:00',1,'admin','2015-01-01 00:00:00'),
	(989,'真善忍','2015-01-01 00:00:00',1,'admin','2015-01-01 00:00:00'),
	(990,'真实文凭','2015-01-01 00:00:00',1,'admin','2015-01-01 00:00:00'),
	(991,'真实资格','2015-01-01 00:00:00',1,'admin','2015-01-01 00:00:00'),
	(992,'震惊一个民','2015-01-01 00:00:00',1,'admin','2015-01-01 00:00:00'),
	(993,'震其国土','2015-01-01 00:00:00',1,'admin','2015-01-01 00:00:00'),
	(994,'证到付款','2015-01-01 00:00:00',1,'admin','2015-01-01 00:00:00'),
	(995,'证件办','2015-01-01 00:00:00',1,'admin','2015-01-01 00:00:00'),
	(996,'证件集团','2015-01-01 00:00:00',1,'admin','2015-01-01 00:00:00'),
	(997,'证生成器','2015-01-01 00:00:00',1,'admin','2015-01-01 00:00:00'),
	(998,'证书办','2015-01-01 00:00:00',1,'admin','2015-01-01 00:00:00'),
	(999,'证一次性','2015-01-01 00:00:00',1,'admin','2015-01-01 00:00:00'),
	(1000,'政府操','2015-01-01 00:00:00',1,'admin','2015-01-01 00:00:00'),
	(1001,'政论区','2015-01-01 00:00:00',1,'admin','2015-01-01 00:00:00'),
	(1002,'證件','2015-01-01 00:00:00',1,'admin','2015-01-01 00:00:00'),
	(1003,'植物冰','2015-01-01 00:00:00',1,'admin','2015-01-01 00:00:00'),
	(1004,'殖器护','2015-01-01 00:00:00',1,'admin','2015-01-01 00:00:00'),
	(1005,'指纹考勤','2015-01-01 00:00:00',1,'admin','2015-01-01 00:00:00'),
	(1006,'指纹膜','2015-01-01 00:00:00',1,'admin','2015-01-01 00:00:00'),
	(1007,'指纹套','2015-01-01 00:00:00',1,'admin','2015-01-01 00:00:00'),
	(1008,'至国家高','2015-01-01 00:00:00',1,'admin','2015-01-01 00:00:00'),
	(1009,'志不愿跟','2015-01-01 00:00:00',1,'admin','2015-01-01 00:00:00'),
	(1010,'制服诱','2015-01-01 00:00:00',1,'admin','2015-01-01 00:00:00'),
	(1011,'制手枪','2015-01-01 00:00:00',1,'admin','2015-01-01 00:00:00'),
	(1012,'制证定金','2015-01-01 00:00:00',1,'admin','2015-01-01 00:00:00'),
	(1013,'制作证件','2015-01-01 00:00:00',1,'admin','2015-01-01 00:00:00'),
	(1014,'中的班禅','2015-01-01 00:00:00',1,'admin','2015-01-01 00:00:00'),
	(1015,'中共黑','2015-01-01 00:00:00',1,'admin','2015-01-01 00:00:00'),
	(1016,'中国不强','2015-01-01 00:00:00',1,'admin','2015-01-01 00:00:00'),
	(1017,'种公务员','2015-01-01 00:00:00',1,'admin','2015-01-01 00:00:00'),
	(1018,'种学历证','2015-01-01 00:00:00',1,'admin','2015-01-01 00:00:00'),
	(1019,'众像羔','2015-01-01 00:00:00',1,'admin','2015-01-01 00:00:00'),
	(1020,'州惨案','2015-01-01 00:00:00',1,'admin','2015-01-01 00:00:00'),
	(1021,'州大批贪','2015-01-01 00:00:00',1,'admin','2015-01-01 00:00:00'),
	(1022,'州三箭','2015-01-01 00:00:00',1,'admin','2015-01-01 00:00:00'),
	(1023,'宙最高法','2015-01-01 00:00:00',1,'admin','2015-01-01 00:00:00'),
	(1024,'昼将近','2015-01-01 00:00:00',1,'admin','2015-01-01 00:00:00'),
	(1025,'主席忏','2015-01-01 00:00:00',1,'admin','2015-01-01 00:00:00'),
	(1026,'住英国房','2015-01-01 00:00:00',1,'admin','2015-01-01 00:00:00'),
	(1027,'助考','2015-01-01 00:00:00',1,'admin','2015-01-01 00:00:00'),
	(1028,'助考网','2015-01-01 00:00:00',1,'admin','2015-01-01 00:00:00'),
	(1029,'专业办理','2015-01-01 00:00:00',1,'admin','2015-01-01 00:00:00'),
	(1030,'专业代','2015-01-01 00:00:00',1,'admin','2015-01-01 00:00:00'),
	(1031,'专业代写','2015-01-01 00:00:00',1,'admin','2015-01-01 00:00:00'),
	(1032,'专业助','2015-01-01 00:00:00',1,'admin','2015-01-01 00:00:00'),
	(1033,'转是政府','2015-01-01 00:00:00',1,'admin','2015-01-01 00:00:00'),
	(1034,'赚钱资料','2015-01-01 00:00:00',1,'admin','2015-01-01 00:00:00'),
	(1035,'装弹甲','2015-01-01 00:00:00',1,'admin','2015-01-01 00:00:00'),
	(1036,'装枪套','2015-01-01 00:00:00',1,'admin','2015-01-01 00:00:00'),
	(1037,'装消音','2015-01-01 00:00:00',1,'admin','2015-01-01 00:00:00'),
	(1038,'着护士的胸','2015-01-01 00:00:00',1,'admin','2015-01-01 00:00:00'),
	(1039,'着涛哥','2015-01-01 00:00:00',1,'admin','2015-01-01 00:00:00'),
	(1040,'姿不对死','2015-01-01 00:00:00',1,'admin','2015-01-01 00:00:00'),
	(1041,'资格證','2015-01-01 00:00:00',1,'admin','2015-01-01 00:00:00'),
	(1042,'资料泄','2015-01-01 00:00:00',1,'admin','2015-01-01 00:00:00'),
	(1043,'梓健特药','2015-01-01 00:00:00',1,'admin','2015-01-01 00:00:00'),
	(1044,'字牌汽','2015-01-01 00:00:00',1,'admin','2015-01-01 00:00:00'),
	(1045,'自己找枪','2015-01-01 00:00:00',1,'admin','2015-01-01 00:00:00'),
	(1046,'自慰用','2015-01-01 00:00:00',1,'admin','2015-01-01 00:00:00'),
	(1047,'自由圣','2015-01-01 00:00:00',1,'admin','2015-01-01 00:00:00'),
	(1048,'自由亚','2015-01-01 00:00:00',1,'admin','2015-01-01 00:00:00'),
	(1049,'总会美女','2015-01-01 00:00:00',1,'admin','2015-01-01 00:00:00'),
	(1050,'足球玩法','2015-01-01 00:00:00',1,'admin','2015-01-01 00:00:00'),
	(1051,'最牛公安','2015-01-01 00:00:00',1,'admin','2015-01-01 00:00:00'),
	(1052,'醉钢枪','2015-01-01 00:00:00',1,'admin','2015-01-01 00:00:00'),
	(1053,'醉迷药','2015-01-01 00:00:00',1,'admin','2015-01-01 00:00:00'),
	(1054,'醉乙醚','2015-01-01 00:00:00',1,'admin','2015-01-01 00:00:00'),
	(1055,'尊爵粉','2015-01-01 00:00:00',1,'admin','2015-01-01 00:00:00'),
	(1056,'左转是政','2015-01-01 00:00:00',1,'admin','2015-01-01 00:00:00'),
	(1057,'作弊器','2015-01-01 00:00:00',1,'admin','2015-01-01 00:00:00'),
	(1058,'作各种证','2015-01-01 00:00:00',1,'admin','2015-01-01 00:00:00'),
	(1059,'作硝化甘','2015-01-01 00:00:00',1,'admin','2015-01-01 00:00:00'),
	(1060,'唑仑','2015-01-01 00:00:00',1,'admin','2015-01-01 00:00:00'),
	(1061,'做爱','2015-01-01 00:00:00',1,'admin','2015-01-01 00:00:00'),
	(1062,'做原子弹','2015-01-01 00:00:00',1,'admin','2015-01-01 00:00:00'),
	(1063,'做证件','2015-01-01 00:00:00',1,'admin','2015-01-01 00:00:00'),
	(1064,'小黄人','2016-01-20 09:32:59',1,'admin','2016-01-20 09:32:59');

/*!40000 ALTER TABLE `search_keyword` ENABLE KEYS */;
UNLOCK TABLES;


# Dump of table search_setting
# ------------------------------------------------------------

DROP TABLE IF EXISTS `search_setting`;

CREATE TABLE `search_setting` (
  `id` int(11) unsigned NOT NULL AUTO_INCREMENT,
  `keyword` varchar(255) NOT NULL DEFAULT '' COMMENT '搜索框下关键字设置',
  `keyword_filter` tinyint(4) NOT NULL COMMENT '关键字过滤1、不过滤；2、过滤',
  `index_product_id` int(11) NOT NULL COMMENT '索引处理到最大得商品ID，0为没有处理',
  `index_product_time` datetime NOT NULL COMMENT '上次索引处理的时间',
  `update_time` datetime NOT NULL COMMENT '更新时间',
  PRIMARY KEY (`id`)
) ENGINE=InnoDB DEFAULT CHARSET=utf8 COMMENT='搜索设置';

LOCK TABLES `search_setting` WRITE;
/*!40000 ALTER TABLE `search_setting` DISABLE KEYS */;

INSERT INTO `search_setting` (`id`, `keyword`, `keyword_filter`, `index_product_id`, `index_product_time`, `update_time`)
VALUES
	(1,'联想,haier,华硕',2,1,'2016-05-14 19:47:47','2016-05-14 19:47:47');

/*!40000 ALTER TABLE `search_setting` ENABLE KEYS */;
UNLOCK TABLES;


# Dump of table seller
# ------------------------------------------------------------

DROP TABLE IF EXISTS `seller`;

CREATE TABLE `seller` (
  `id` int(11) NOT NULL AUTO_INCREMENT,
  `member_id` int(11) NOT NULL COMMENT '用户ID',
  `name` varchar(50) NOT NULL COMMENT '用户名',
  `seller_name` varchar(200) NOT NULL COMMENT '店铺名称',
  `seller_logo` varchar(255) DEFAULT NULL COMMENT '店铺logo',
  `seller_grade` int(11) NOT NULL COMMENT '店铺等级',
  `score_service` varchar(20) NOT NULL COMMENT '店铺评分服务',
  `score_deliver_goods` varchar(20) NOT NULL COMMENT '店铺评分发货',
  `score_description` varchar(20) NOT NULL COMMENT '店铺评分描述',
  `product_number` int(11) NOT NULL COMMENT '商品数量',
  `collection_number` int(11) NOT NULL COMMENT '店铺收藏',
  `create_time` datetime NOT NULL COMMENT '创建时间',
  `sale_money` decimal(10,2) NOT NULL COMMENT '店铺总销售金额',
  `order_count` int(11) NOT NULL COMMENT '店铺总订单量',
  `order_count_over` int(11) NOT NULL COMMENT '店铺完成订单量',
  `seller_keyword` varchar(255) NOT NULL COMMENT 'SEO关键字',
  `seller_des` varchar(255) NOT NULL COMMENT 'SEO店铺描述',
  `audit_status` tinyint(4) NOT NULL COMMENT '审核状态 1、待审核；2、审核通过；3、冻结',
  `store_slide` text COMMENT '店铺轮播图 ',
  PRIMARY KEY (`id`)
) ENGINE=InnoDB DEFAULT CHARSET=utf8 COMMENT='商家表';

LOCK TABLES `seller` WRITE;
/*!40000 ALTER TABLE `seller` DISABLE KEYS */;

INSERT INTO `seller` (`id`, `member_id`, `name`, `seller_name`, `seller_logo`, `seller_grade`, `score_service`, `score_deliver_goods`, `score_description`, `product_number`, `collection_number`, `create_time`, `sale_money`, `order_count`, `order_count_over`, `seller_keyword`, `seller_des`, `audit_status`, `store_slide`)
VALUES
	(1,1,'ejavashop','平台自营',NULL,1,'0','0','0',16,1,'2016-03-02 17:28:47',11200.00,21,2,'','',2,''),
	(2,2,'wangpeng','ejavashop专营店',NULL,1,'0','0','0',11,0,'2016-03-02 20:23:15',0.00,16,2,'','',2,NULL),
	(3,7,'蜜麻花','蜜麻花',NULL,1,'0','0','0',0,0,'2016-03-22 20:19:58',0.00,0,0,'','',1,NULL),
	(4,8,'123456789','济南学院',NULL,1,'0','0','0',0,0,'2016-03-23 10:48:07',0.00,0,0,'','',2,NULL),
	(5,15,'tiein','惠生活自营',NULL,1,'0','0','0',0,0,'2016-04-12 17:03:21',0.00,0,0,'','',3,NULL),
	(6,31,'test1','111111',NULL,1,'0','0','0',0,0,'2016-05-09 10:45:28',0.00,0,0,'','',1,NULL);

/*!40000 ALTER TABLE `seller` ENABLE KEYS */;
UNLOCK TABLES;


# Dump of table seller_apply
# ------------------------------------------------------------

DROP TABLE IF EXISTS `seller_apply`;

CREATE TABLE `seller_apply` (
  `id` int(11) NOT NULL AUTO_INCREMENT,
  `user_id` int(11) NOT NULL COMMENT '用户id',
  `name` varchar(50) NOT NULL COMMENT '用户名',
  `password` varchar(50) NOT NULL COMMENT '密码',
  `company` varchar(200) DEFAULT NULL COMMENT '公司名称',
  `bussiness_license` varchar(200) DEFAULT NULL COMMENT '营业执照注册号',
  `tax_license` varchar(200) DEFAULT NULL COMMENT '税务登记号',
  `company_province` varchar(50) DEFAULT NULL COMMENT '企业注册省',
  `company_city` varchar(50) DEFAULT NULL COMMENT '企业注册市',
  `company_start_time` datetime DEFAULT NULL COMMENT '营业开始日期',
  `company_end_time` datetime DEFAULT NULL COMMENT '营业结束日期',
  `company_add` varchar(200) DEFAULT NULL COMMENT '常用地址',
  `telephone` varchar(50) DEFAULT NULL COMMENT '联系电话',
  `fax` varchar(50) DEFAULT NULL COMMENT '传真',
  `bussiness_license_image` varchar(200) DEFAULT NULL COMMENT '营业执照扫描件',
  `organization` varchar(50) DEFAULT NULL COMMENT '组织机构代码',
  `bank_user` varchar(50) DEFAULT NULL COMMENT '开户行账户名称',
  `bank_name` varchar(50) DEFAULT NULL COMMENT '开户行',
  `bank_name_branch` varchar(200) DEFAULT NULL COMMENT '开户行支行名称',
  `brand_name_code` varchar(50) DEFAULT NULL COMMENT '开户行支行联行号',
  `bank_code` varchar(100) DEFAULT NULL COMMENT '银行账号',
  `bank_province` varchar(50) DEFAULT NULL COMMENT '开户行省',
  `bank_city` varchar(50) DEFAULT NULL COMMENT '开户行市',
  `legal_person` varchar(50) DEFAULT NULL COMMENT '法定代表人',
  `legal_person_card` varchar(20) DEFAULT NULL COMMENT '法定代表人身份证',
  `person_card_up` varchar(200) DEFAULT NULL COMMENT '身份证正面扫描件',
  `person_card_down` varchar(200) DEFAULT NULL COMMENT '身份证背面扫描件',
  `person_phone` varchar(50) DEFAULT NULL COMMENT '手机',
  `email` varchar(255) DEFAULT NULL COMMENT 'email',
  `state` tinyint(4) NOT NULL COMMENT '1、提交申请；2、审核通过；3、缴纳保证金；4、审核失败',
  `type` tinyint(4) NOT NULL COMMENT '1、平台自营；2、商家入驻',
  `opt_id` int(11) DEFAULT NULL COMMENT '审核人ID',
  `bond` int(11) DEFAULT NULL COMMENT '保证金额度',
  `create_time` datetime DEFAULT NULL COMMENT '创建时间',
  `update_time` datetime DEFAULT NULL COMMENT '更新时间',
  PRIMARY KEY (`id`)
) ENGINE=InnoDB DEFAULT CHARSET=utf8 COMMENT='商家申请表';

LOCK TABLES `seller_apply` WRITE;
/*!40000 ALTER TABLE `seller_apply` DISABLE KEYS */;

INSERT INTO `seller_apply` (`id`, `user_id`, `name`, `password`, `company`, `bussiness_license`, `tax_license`, `company_province`, `company_city`, `company_start_time`, `company_end_time`, `company_add`, `telephone`, `fax`, `bussiness_license_image`, `organization`, `bank_user`, `bank_name`, `bank_name_branch`, `brand_name_code`, `bank_code`, `bank_province`, `bank_city`, `legal_person`, `legal_person_card`, `person_card_up`, `person_card_down`, `person_phone`, `email`, `state`, `type`, `opt_id`, `bond`, `create_time`, `update_time`)
VALUES
	(1,1,'ejavashop','4297f44b13955235245b2497399d7a93','北京易写科技有限公司','234523452435','43523452345','2','716','2016-01-07 00:00:00','2020-01-07 00:00:00','青年创业大厦6层东区','13800138000','','/images/seller/4/a0d6d058-bd0b-49e5-b59e-e2f062082bcc.jpeg','234523452435','中国建设银行','昌平北苑支行','34523463123','34523463123','1234567890','2','716','王朋','1303245342524352345','/images/seller/4/0fbf534e-daf3-4c5d-9963-2fbd1cd00103.jpeg','/images/seller/4/91840ee4-1e20-43b9-83a3-fb7587506bbf.jpeg','010-88888888','wangpeng@ejavashop.com',2,1,2,NULL,'2016-03-02 17:31:00','2016-03-02 18:14:53'),
	(2,2,'wangpeng','e10adc3949ba59abbe56e057f20f883e','北京ejavashop开发有限公司','24523453','3452354','2','716','2016-03-02 00:00:00','2020-03-02 00:00:00','青年创业大厦6层东区','18612670879','','/images/seller/2/42168611-775b-46b7-b719-d052ada51928.png','2452345','北京ejavashop科技有限公司','中国工商银行北京王府井支行电信大楼支行','中关村支行','32452354','2141243','2','716','王朋','1303245342524352345','/images/seller/2/7f5c71b8-dde5-429f-a15b-b6158c99a780.png','/images/seller/2/71e6be49-e4ca-4eaf-9761-6be351dae319.png','18612670879','wangpeng@ejavashop.com',2,2,1,NULL,'2016-03-02 20:23:15','2016-03-06 16:27:52'),
	(3,7,'skydan','0b4e7a0e5fe84ad35fb5f95b9ceeac79','蜜麻花','48392048','48293048','2','716','2016-03-22 00:00:00','2016-03-22 00:00:00','蜜麻花','489230','','/images/seller/7/c922a9c4-d56c-4410-a7f7-e908d8d5b0c6.jpg','432849320','蜜麻花','蜜麻花','蜜麻花','48932048','48923048','2','716','蜜麻花','4893248','/images/seller/7/4b136b4f-37c4-4a26-b66e-399174c77b0d.jpg','/images/seller/7/e4b94fc9-da95-4505-8964-9e43d1d11004.jpg','蜜麻花','489302@qq.com',1,2,NULL,NULL,'2016-03-22 20:19:58',NULL),
	(4,8,'dzwz','604de8bcf6492330f8e0e3f61be636aa','济南学院','13132322','54545445454545','2','-1','2016-03-15 00:00:00','2016-03-16 00:00:00','山东济南','13333','','/images/seller/8/cba50329-345a-4912-b417-2c858c7d3d48.jpg','32323232','2323133333333','工商','对方答复','2121212121212','45455454545','2','716','张峰','张峰','/images/seller/8/fb9e1672-3a66-4a16-9d43-a71723046b16.jpg','/images/seller/8/087a2c68-c5ea-4fb9-8a2a-22ac08fa1272.jpg','13333','dasds@qq.com',2,2,1,NULL,'2016-03-23 10:48:07','2016-03-23 10:48:35'),
	(5,15,'18519598451','fe80269b5c4c52c6c32af8c731605cf8','上海泰盈电子商务有限公司','123123','123123','10','718','2016-03-15 00:00:00','2020-03-16 00:00:00','高和蓝峰6层','18519598451','','/images/seller/15/1abc14f7-a2a1-4df7-af4c-6c0b85b2ad72.jpg','123123','123123','123123','12312','3123123','123123','2','716','KAT','65010319830501066','/images/seller/15/824483ed-150c-4385-86e3-02ff0c2860a2.jpg','/images/seller/15/e02f5101-048f-4626-8ac1-bd6ac9934b45.jpg','18519598451','88088002@qq.com',2,2,1,NULL,'2016-04-12 17:03:21','2016-04-12 17:15:41'),
	(6,31,'test','e10adc3949ba59abbe56e057f20f883e','测试','11','111','4','38','2016-05-09 00:00:00','2016-05-27 00:00:00','测试','13512312312','','/images/seller/31/f1d602ee-5ace-4273-81d1-bc9b6a020d17.png','11','111','11','11','111','111','2','716','测试','11','/images/seller/31/c9d257ca-d379-4238-9319-fa65ffd66686.jpg','/images/seller/31/6662fbd9-c0f4-459a-bc61-9f53129b744c.jpg','13512312312','dinguangx@163.com',4,2,1,NULL,'2016-05-09 10:45:28','2016-05-09 14:25:33');

/*!40000 ALTER TABLE `seller_apply` ENABLE KEYS */;
UNLOCK TABLES;


# Dump of table seller_apply_brand
# ------------------------------------------------------------

DROP TABLE IF EXISTS `seller_apply_brand`;

CREATE TABLE `seller_apply_brand` (
  `id` int(11) NOT NULL AUTO_INCREMENT,
  `seller_id` int(11) NOT NULL COMMENT '所属商家',
  `name` varchar(50) NOT NULL COMMENT '品牌名称',
  `name_first` varchar(1) NOT NULL COMMENT '品牌首字母',
  `image` varchar(200) NOT NULL COMMENT '图片大小比例3:1',
  `create_id` int(11) NOT NULL COMMENT '创建人',
  `create_time` datetime NOT NULL COMMENT '创建时间',
  `update_id` int(11) DEFAULT NULL COMMENT '修改人',
  `update_time` datetime DEFAULT NULL COMMENT '修改时间',
  `explain_info` varchar(255) NOT NULL COMMENT '品牌说明',
  `state` tinyint(4) NOT NULL COMMENT '0、默认；1、提交审核；2、显示中；3、审核失败；4、删除',
  PRIMARY KEY (`id`)
) ENGINE=InnoDB DEFAULT CHARSET=utf8 COMMENT='商家品牌申请表';

LOCK TABLES `seller_apply_brand` WRITE;
/*!40000 ALTER TABLE `seller_apply_brand` DISABLE KEYS */;

INSERT INTO `seller_apply_brand` (`id`, `seller_id`, `name`, `name_first`, `image`, `create_id`, `create_time`, `update_id`, `update_time`, `explain_info`, `state`)
VALUES
	(1,5,'EVISU','e','',5,'2016-04-14 09:39:36',NULL,'2016-04-14 09:42:04','EVISU',2);

/*!40000 ALTER TABLE `seller_apply_brand` ENABLE KEYS */;
UNLOCK TABLES;


# Dump of table seller_cate
# ------------------------------------------------------------

DROP TABLE IF EXISTS `seller_cate`;

CREATE TABLE `seller_cate` (
  `id` int(11) NOT NULL AUTO_INCREMENT,
  `seller_id` int(11) NOT NULL COMMENT '商家id',
  `pid` int(11) NOT NULL COMMENT '父类ID',
  `name` varchar(20) NOT NULL COMMENT '分类名称',
  `path` varchar(200) NOT NULL DEFAULT '' COMMENT '分类路径',
  `sort` int(11) NOT NULL COMMENT '排序',
  `create_id` int(11) NOT NULL COMMENT '创建人',
  `create_time` datetime NOT NULL COMMENT '创建时间',
  `status` tinyint(4) NOT NULL COMMENT '1、显示；2、不显示；3、删除',
  PRIMARY KEY (`id`)
) ENGINE=InnoDB DEFAULT CHARSET=utf8 COMMENT='店铺分类';

LOCK TABLES `seller_cate` WRITE;
/*!40000 ALTER TABLE `seller_cate` DISABLE KEYS */;

INSERT INTO `seller_cate` (`id`, `seller_id`, `pid`, `name`, `path`, `sort`, `create_id`, `create_time`, `status`)
VALUES
	(1,1,0,'电脑','/',1,1,'2016-03-02 18:57:15',1),
	(2,1,1,'笔记本','/1',1,1,'2016-03-02 18:57:27',1),
	(3,2,0,'女装','/',5,2,'2016-03-06 16:30:28',1),
	(4,2,0,'流行男鞋','/',3,2,'2016-03-06 16:30:35',1),
	(5,2,0,'男鞋','/',2,2,'2016-03-06 16:30:54',1),
	(6,2,3,'连衣裙','/3',5,2,'2016-03-06 16:31:18',1),
	(7,2,3,'风衣','/3',4,2,'2016-03-06 16:31:59',1),
	(8,2,3,'牛仔裤','/3',3,2,'2016-03-06 16:32:36',1),
	(9,2,3,'半身裙','/3',2,2,'2016-03-06 16:32:56',1),
	(10,2,3,'小西装','/3',1,2,'2016-03-06 16:33:15',1),
	(11,2,4,'衬衫','/4',1,2,'2016-03-06 16:33:57',1),
	(12,2,4,'中山装','/4',2,2,'2016-03-06 16:34:09',1),
	(13,2,0,'时尚女鞋','/',1,2,'2016-03-06 16:34:36',1),
	(14,2,0,'女士内衣','/',1,2,'2016-03-06 16:35:30',1),
	(15,5,0,'牛仔裤','/',1,5,'2016-04-14 09:56:05',3),
	(16,1,1,'挖矿机','/1',10,1,'2016-05-16 15:19:11',1),
	(17,1,1,'挖矿机','/1',10,1,'2016-05-16 15:19:40',1);

/*!40000 ALTER TABLE `seller_cate` ENABLE KEYS */;
UNLOCK TABLES;


# Dump of table seller_complaint
# ------------------------------------------------------------

DROP TABLE IF EXISTS `seller_complaint`;

CREATE TABLE `seller_complaint` (
  `id` int(11) NOT NULL AUTO_INCREMENT,
  `user_id` int(11) NOT NULL COMMENT '投诉人ID',
  `user_name` varchar(50) NOT NULL COMMENT '投诉人账户',
  `order_id` int(11) NOT NULL COMMENT '订单ID',
  `order_product_id` int(11) DEFAULT NULL COMMENT '网单ID',
  `state` tinyint(4) DEFAULT NULL COMMENT '状态：1、买家投诉待审核；2、买家投诉不通过；3、买家投诉通过；4、卖家申诉待审核；5、卖家申诉不通过；6、卖家申诉通过；',
  `product_back_id` int(11) NOT NULL COMMENT '退货管理id，如没有置为0',
  `product_exchange_id` int(11) NOT NULL COMMENT '换货管理id，如没有置为0',
  `content` text NOT NULL COMMENT '投诉内容',
  `image` varchar(255) DEFAULT NULL COMMENT '投诉图片',
  `complaint_time` datetime NOT NULL COMMENT '投诉时间',
  `seller_id` int(11) NOT NULL COMMENT '投诉商家',
  `seller_complaint_time` datetime DEFAULT NULL COMMENT '商家申诉时间',
  `seller_comp_content` text COMMENT '商家申诉内容',
  `seller_comp_image` varchar(255) DEFAULT NULL COMMENT '商家申诉图片',
  `opt_id` int(11) DEFAULT NULL COMMENT '平台处理人ID',
  `opt_content` varchar(255) DEFAULT NULL COMMENT '平台处理结果',
  `user_content` varchar(255) DEFAULT NULL COMMENT '客户反馈意见',
  `create_time` datetime NOT NULL COMMENT '创建时间',
  `opt_time` datetime DEFAULT NULL COMMENT '处理时间',
  PRIMARY KEY (`id`)
) ENGINE=InnoDB DEFAULT CHARSET=utf8 COMMENT='商家投诉管理';



# Dump of table seller_manage_cate
# ------------------------------------------------------------

DROP TABLE IF EXISTS `seller_manage_cate`;

CREATE TABLE `seller_manage_cate` (
  `id` int(11) NOT NULL AUTO_INCREMENT,
  `seller` int(11) NOT NULL COMMENT '商家id',
  `create_id` int(11) NOT NULL COMMENT '申请人',
  `create_time` datetime NOT NULL COMMENT '申请时间',
  `product_cate_id` int(11) NOT NULL COMMENT '申请分类id',
  `product_cate_name` varchar(255) NOT NULL COMMENT '申请分类名称,提交类目组合',
  `state` tinyint(4) NOT NULL COMMENT '0-默认;1-提交审核;2-审核通过;3-审核失败;4-停用',
  `opt_id` int(11) DEFAULT NULL COMMENT '审核人',
  `opt_time` datetime DEFAULT NULL COMMENT '审核时间',
  `stop_id` int(11) DEFAULT NULL COMMENT '停用人',
  `stop_time` datetime DEFAULT NULL COMMENT '停用时间',
  `stop_reason` varchar(255) DEFAULT NULL COMMENT '停用原由',
  PRIMARY KEY (`id`)
) ENGINE=InnoDB DEFAULT CHARSET=utf8 COMMENT='商家可以经营商品分类表';

LOCK TABLES `seller_manage_cate` WRITE;
/*!40000 ALTER TABLE `seller_manage_cate` DISABLE KEYS */;

INSERT INTO `seller_manage_cate` (`id`, `seller`, `create_id`, `create_time`, `product_cate_id`, `product_cate_name`, `state`, `opt_id`, `opt_time`, `stop_id`, `stop_time`, `stop_reason`)
VALUES
	(1,1,1,'2016-03-02 18:58:21',9,'笔记本',2,NULL,NULL,NULL,NULL,NULL),
	(2,2,2,'2016-03-06 16:29:13',25,'风衣',2,NULL,NULL,NULL,NULL,NULL),
	(3,2,2,'2016-03-06 16:29:17',28,'连衣裙',2,NULL,NULL,NULL,NULL,NULL),
	(4,5,5,'2016-04-14 09:31:53',49,'牛仔裤',2,NULL,NULL,NULL,NULL,NULL),
	(5,1,1,'2016-04-23 14:54:31',18,'笔记本配件',1,NULL,NULL,NULL,NULL,NULL),
	(6,1,1,'2016-04-25 09:45:07',58,'针织衫',2,NULL,NULL,NULL,NULL,NULL),
	(7,1,1,'2016-04-25 09:52:10',49,'牛仔裤',1,NULL,NULL,NULL,NULL,NULL),
	(8,1,1,'2016-05-09 16:05:49',25,'风衣',2,NULL,NULL,NULL,NULL,NULL),
	(9,1,1,'2016-05-16 15:06:16',15,'一体机',1,NULL,NULL,NULL,NULL,NULL);

/*!40000 ALTER TABLE `seller_manage_cate` ENABLE KEYS */;
UNLOCK TABLES;


# Dump of table seller_qq
# ------------------------------------------------------------

DROP TABLE IF EXISTS `seller_qq`;

CREATE TABLE `seller_qq` (
  `id` int(11) NOT NULL AUTO_INCREMENT,
  `seller_id` int(11) NOT NULL COMMENT '商家ID',
  `name` varchar(20) NOT NULL COMMENT '客服名称',
  `qq` varchar(20) NOT NULL COMMENT '客服QQ',
  `create_id` int(11) NOT NULL COMMENT '创建人',
  `create_time` datetime NOT NULL COMMENT '创建时间',
  `state` tinyint(4) NOT NULL COMMENT '1、显示；2、不显示；3、删除',
  PRIMARY KEY (`id`)
) ENGINE=InnoDB DEFAULT CHARSET=utf8 COMMENT='商家客服QQ';



# Dump of table seller_resources_roles
# ------------------------------------------------------------

DROP TABLE IF EXISTS `seller_resources_roles`;

CREATE TABLE `seller_resources_roles` (
  `id` int(11) NOT NULL AUTO_INCREMENT,
  `resources_id` int(11) DEFAULT NULL,
  `seller_roles_id` int(11) DEFAULT NULL,
  `create_time` datetime DEFAULT NULL,
  PRIMARY KEY (`id`)
) ENGINE=InnoDB DEFAULT CHARSET=utf8 COMMENT='商家角色资源对应表';

LOCK TABLES `seller_resources_roles` WRITE;
/*!40000 ALTER TABLE `seller_resources_roles` DISABLE KEYS */;

INSERT INTO `seller_resources_roles` (`id`, `resources_id`, `seller_roles_id`, `create_time`)
VALUES
	(1,1,1,'2016-05-19 03:24:38'),
	(2,13,1,'2016-05-19 03:24:38'),
	(3,14,1,'2016-05-19 03:24:38'),
	(4,15,1,'2016-05-19 03:24:38'),
	(5,16,1,'2016-05-19 03:24:38'),
	(6,17,1,'2016-05-19 03:24:38'),
	(7,18,1,'2016-05-19 03:24:38'),
	(8,19,1,'2016-05-19 03:24:38'),
	(9,20,1,'2016-05-19 03:24:38'),
	(10,21,1,'2016-05-19 03:24:38'),
	(11,22,1,'2016-05-19 03:24:38'),
	(12,23,1,'2016-05-19 03:24:38'),
	(13,24,1,'2016-05-19 03:24:38'),
	(14,26,1,'2016-05-19 03:24:38'),
	(15,27,1,'2016-05-19 03:24:38'),
	(16,34,1,'2016-05-19 03:24:38'),
	(17,35,1,'2016-05-19 03:24:38'),
	(18,36,1,'2016-05-19 03:24:38'),
	(19,37,1,'2016-05-19 03:24:38'),
	(20,38,1,'2016-05-19 03:24:38'),
	(21,39,1,'2016-05-19 03:24:38'),
	(22,40,1,'2016-05-19 03:24:38'),
	(23,41,1,'2016-05-19 03:24:38'),
	(24,42,1,'2016-05-19 03:24:38'),
	(25,43,1,'2016-05-19 03:24:38'),
	(26,44,1,'2016-05-19 03:24:38'),
	(27,45,1,'2016-05-19 03:24:38'),
	(28,46,1,'2016-05-19 03:24:38'),
	(29,47,1,'2016-05-19 03:24:38'),
	(30,48,1,'2016-05-19 03:24:38'),
	(31,49,1,'2016-05-19 03:24:38'),
	(32,50,1,'2016-05-19 03:24:38'),
	(33,51,1,'2016-05-19 03:24:38'),
	(34,142,1,'2016-05-19 03:24:38'),
	(35,143,1,'2016-05-19 03:24:38'),
	(36,167,1,'2016-05-19 03:24:38'),
	(37,168,1,'2016-05-19 03:24:38'),
	(38,169,1,'2016-05-19 03:24:38'),
	(39,311,1,'2016-05-19 03:24:38'),
	(40,316,1,'2016-05-19 03:24:38'),
	(41,317,1,'2016-05-19 03:24:38'),
	(42,318,1,'2016-05-19 03:24:38'),
	(43,319,1,'2016-05-19 03:24:38'),
	(44,321,1,'2016-05-19 03:24:38'),
	(45,322,1,'2016-05-19 03:24:38'),
	(46,323,1,'2016-05-19 03:24:38'),
	(47,324,1,'2016-05-19 03:24:38'),
	(48,325,1,'2016-05-19 03:24:38'),
	(49,326,1,'2016-05-19 03:24:38'),
	(50,327,1,'2016-05-19 03:24:38'),
	(51,328,1,'2016-05-19 03:24:38'),
	(52,329,1,'2016-05-19 03:24:38'),
	(53,330,1,'2016-05-19 03:24:38'),
	(54,331,1,'2016-05-19 03:24:38'),
	(55,332,1,'2016-05-19 03:24:38'),
	(56,348,1,'2016-05-19 03:24:38'),
	(57,349,1,'2016-05-19 03:24:38'),
	(58,350,1,'2016-05-19 03:24:38'),
	(59,360,1,'2016-05-19 03:24:38'),
	(60,361,1,'2016-05-19 03:24:38'),
	(61,362,1,'2016-05-19 03:24:38'),
	(62,363,1,'2016-05-19 03:24:38'),
	(63,366,1,'2016-05-19 03:24:38'),
	(64,367,1,'2016-05-19 03:24:38'),
	(65,371,1,'2016-05-19 03:24:38'),
	(66,372,1,'2016-05-19 03:24:38'),
	(67,373,1,'2016-05-19 03:24:38'),
	(68,374,1,'2016-05-19 03:24:38'),
	(69,375,1,'2016-05-19 03:24:38'),
	(70,376,1,'2016-05-19 03:24:38'),
	(71,377,1,'2016-05-19 03:24:38'),
	(72,378,1,'2016-05-19 03:24:38'),
	(73,379,1,'2016-05-19 03:24:38'),
	(74,380,1,'2016-05-19 03:24:38'),
	(75,381,1,'2016-05-19 03:24:38'),
	(76,382,1,'2016-05-19 03:24:38'),
	(77,388,1,'2016-05-19 03:24:38'),
	(78,389,1,'2016-05-19 03:24:38'),
	(79,393,1,'2016-05-19 03:24:38'),
	(80,394,1,'2016-05-19 03:24:38'),
	(81,395,1,'2016-05-19 03:24:38'),
	(82,396,1,'2016-05-19 03:24:38'),
	(83,400,1,'2016-05-19 03:24:38'),
	(84,485,1,'2016-05-19 03:24:38'),
	(85,486,1,'2016-05-19 03:24:38'),
	(86,487,1,'2016-05-19 03:24:38'),
	(87,488,1,'2016-05-19 03:24:38'),
	(88,489,1,'2016-05-19 03:24:38'),
	(89,490,1,'2016-05-19 03:24:38'),
	(90,491,1,'2016-05-19 03:24:38'),
	(91,492,1,'2016-05-19 03:24:38'),
	(92,493,1,'2016-05-19 03:24:38'),
	(93,494,1,'2016-05-19 03:24:38'),
	(94,495,1,'2016-05-19 03:24:38'),
	(95,496,1,'2016-05-19 03:24:38'),
	(96,497,1,'2016-05-19 03:24:38'),
	(97,498,1,'2016-05-19 03:24:38'),
	(98,499,1,'2016-05-19 03:24:38'),
	(99,500,1,'2016-05-19 03:24:38'),
	(100,501,1,'2016-05-19 03:24:38'),
	(101,502,1,'2016-05-19 03:24:38'),
	(102,503,1,'2016-05-19 03:24:38'),
	(103,504,1,'2016-05-19 03:24:38'),
	(104,505,1,'2016-05-19 03:24:38'),
	(105,506,1,'2016-05-19 03:24:38'),
	(106,507,1,'2016-05-19 03:24:38'),
	(107,508,1,'2016-05-19 03:24:38'),
	(108,509,1,'2016-05-19 03:24:38'),
	(109,510,1,'2016-05-19 03:24:38'),
	(110,511,1,'2016-05-19 03:24:38'),
	(111,512,1,'2016-05-19 03:24:38'),
	(112,513,1,'2016-05-19 03:24:38'),
	(113,514,1,'2016-05-19 03:24:38'),
	(114,515,1,'2016-05-19 03:24:38'),
	(115,516,1,'2016-05-19 03:24:38'),
	(116,517,1,'2016-05-19 03:24:38'),
	(117,518,1,'2016-05-19 03:24:38'),
	(118,519,1,'2016-05-19 03:24:38'),
	(119,520,1,'2016-05-19 03:24:38'),
	(120,521,1,'2016-05-19 03:24:38'),
	(121,522,1,'2016-05-19 03:24:38'),
	(122,523,1,'2016-05-19 03:24:38'),
	(123,524,1,'2016-05-19 03:24:38'),
	(124,525,1,'2016-05-19 03:24:38'),
	(125,526,1,'2016-05-19 03:24:38'),
	(126,527,1,'2016-05-19 03:24:38'),
	(127,535,1,'2016-05-19 03:24:38'),
	(128,548,1,'2016-05-19 03:24:38'),
	(129,549,1,'2016-05-19 03:24:38'),
	(130,550,1,'2016-05-19 03:24:38'),
	(131,551,1,'2016-05-19 03:24:38'),
	(132,552,1,'2016-05-19 03:24:38'),
	(133,553,1,'2016-05-19 03:24:38'),
	(134,565,1,'2016-05-19 03:24:38'),
	(135,566,1,'2016-05-19 03:24:38'),
	(136,567,1,'2016-05-19 03:24:38'),
	(137,568,1,'2016-05-19 03:24:38'),
	(256,1,2,'2016-05-19 03:25:37'),
	(257,13,2,'2016-05-19 03:25:37'),
	(258,14,2,'2016-05-19 03:25:37'),
	(259,15,2,'2016-05-19 03:25:37'),
	(260,16,2,'2016-05-19 03:25:37'),
	(261,17,2,'2016-05-19 03:25:37'),
	(262,18,2,'2016-05-19 03:25:37'),
	(263,19,2,'2016-05-19 03:25:37'),
	(264,20,2,'2016-05-19 03:25:37'),
	(265,21,2,'2016-05-19 03:25:37'),
	(266,22,2,'2016-05-19 03:25:37'),
	(267,23,2,'2016-05-19 03:25:37'),
	(268,24,2,'2016-05-19 03:25:37'),
	(269,26,2,'2016-05-19 03:25:37'),
	(270,27,2,'2016-05-19 03:25:37'),
	(271,34,2,'2016-05-19 03:25:37'),
	(272,35,2,'2016-05-19 03:25:37'),
	(273,36,2,'2016-05-19 03:25:37'),
	(274,37,2,'2016-05-19 03:25:37'),
	(275,38,2,'2016-05-19 03:25:37'),
	(276,39,2,'2016-05-19 03:25:37'),
	(277,40,2,'2016-05-19 03:25:37'),
	(278,41,2,'2016-05-19 03:25:37'),
	(279,42,2,'2016-05-19 03:25:37'),
	(280,43,2,'2016-05-19 03:25:37'),
	(281,44,2,'2016-05-19 03:25:37'),
	(282,45,2,'2016-05-19 03:25:37'),
	(283,46,2,'2016-05-19 03:25:37'),
	(284,47,2,'2016-05-19 03:25:37'),
	(285,48,2,'2016-05-19 03:25:37'),
	(286,49,2,'2016-05-19 03:25:37'),
	(287,50,2,'2016-05-19 03:25:37'),
	(288,51,2,'2016-05-19 03:25:37'),
	(289,142,2,'2016-05-19 03:25:37'),
	(290,143,2,'2016-05-19 03:25:37'),
	(291,167,2,'2016-05-19 03:25:37'),
	(292,168,2,'2016-05-19 03:25:37'),
	(293,169,2,'2016-05-19 03:25:37'),
	(294,311,2,'2016-05-19 03:25:37'),
	(295,316,2,'2016-05-19 03:25:37'),
	(296,317,2,'2016-05-19 03:25:37'),
	(297,318,2,'2016-05-19 03:25:37'),
	(298,319,2,'2016-05-19 03:25:37'),
	(299,321,2,'2016-05-19 03:25:37'),
	(300,322,2,'2016-05-19 03:25:37'),
	(301,323,2,'2016-05-19 03:25:37'),
	(302,324,2,'2016-05-19 03:25:37'),
	(303,325,2,'2016-05-19 03:25:37'),
	(304,326,2,'2016-05-19 03:25:37'),
	(305,327,2,'2016-05-19 03:25:37'),
	(306,328,2,'2016-05-19 03:25:37'),
	(307,329,2,'2016-05-19 03:25:37'),
	(308,330,2,'2016-05-19 03:25:37'),
	(309,331,2,'2016-05-19 03:25:37'),
	(310,332,2,'2016-05-19 03:25:37'),
	(311,348,2,'2016-05-19 03:25:37'),
	(312,349,2,'2016-05-19 03:25:37'),
	(313,350,2,'2016-05-19 03:25:37'),
	(314,360,2,'2016-05-19 03:25:37'),
	(315,361,2,'2016-05-19 03:25:37'),
	(316,362,2,'2016-05-19 03:25:37'),
	(317,363,2,'2016-05-19 03:25:37'),
	(318,366,2,'2016-05-19 03:25:37'),
	(319,367,2,'2016-05-19 03:25:37'),
	(320,371,2,'2016-05-19 03:25:37'),
	(321,372,2,'2016-05-19 03:25:37'),
	(322,373,2,'2016-05-19 03:25:37'),
	(323,374,2,'2016-05-19 03:25:37'),
	(324,375,2,'2016-05-19 03:25:37'),
	(325,376,2,'2016-05-19 03:25:37'),
	(326,377,2,'2016-05-19 03:25:37'),
	(327,378,2,'2016-05-19 03:25:37'),
	(328,379,2,'2016-05-19 03:25:37'),
	(329,380,2,'2016-05-19 03:25:37'),
	(330,381,2,'2016-05-19 03:25:37'),
	(331,382,2,'2016-05-19 03:25:37'),
	(332,388,2,'2016-05-19 03:25:37'),
	(333,389,2,'2016-05-19 03:25:37'),
	(334,393,2,'2016-05-19 03:25:37'),
	(335,394,2,'2016-05-19 03:25:37'),
	(336,395,2,'2016-05-19 03:25:37'),
	(337,396,2,'2016-05-19 03:25:37'),
	(338,400,2,'2016-05-19 03:25:37'),
	(339,485,2,'2016-05-19 03:25:37'),
	(340,486,2,'2016-05-19 03:25:37'),
	(341,487,2,'2016-05-19 03:25:37'),
	(342,488,2,'2016-05-19 03:25:37'),
	(343,489,2,'2016-05-19 03:25:37'),
	(344,490,2,'2016-05-19 03:25:37'),
	(345,491,2,'2016-05-19 03:25:37'),
	(346,492,2,'2016-05-19 03:25:37'),
	(347,493,2,'2016-05-19 03:25:37'),
	(348,494,2,'2016-05-19 03:25:37'),
	(349,495,2,'2016-05-19 03:25:37'),
	(350,496,2,'2016-05-19 03:25:37'),
	(351,497,2,'2016-05-19 03:25:37'),
	(352,498,2,'2016-05-19 03:25:37'),
	(353,499,2,'2016-05-19 03:25:37'),
	(354,500,2,'2016-05-19 03:25:37'),
	(355,501,2,'2016-05-19 03:25:37'),
	(356,502,2,'2016-05-19 03:25:37'),
	(357,503,2,'2016-05-19 03:25:37'),
	(358,504,2,'2016-05-19 03:25:37'),
	(359,505,2,'2016-05-19 03:25:37'),
	(360,506,2,'2016-05-19 03:25:37'),
	(361,507,2,'2016-05-19 03:25:37'),
	(362,508,2,'2016-05-19 03:25:37'),
	(363,509,2,'2016-05-19 03:25:37'),
	(364,510,2,'2016-05-19 03:25:37'),
	(365,511,2,'2016-05-19 03:25:37'),
	(366,512,2,'2016-05-19 03:25:37'),
	(367,513,2,'2016-05-19 03:25:37'),
	(368,514,2,'2016-05-19 03:25:37'),
	(369,515,2,'2016-05-19 03:25:37'),
	(370,516,2,'2016-05-19 03:25:37'),
	(371,517,2,'2016-05-19 03:25:37'),
	(372,518,2,'2016-05-19 03:25:37'),
	(373,519,2,'2016-05-19 03:25:37'),
	(374,520,2,'2016-05-19 03:25:37'),
	(375,521,2,'2016-05-19 03:25:37'),
	(376,522,2,'2016-05-19 03:25:37'),
	(377,523,2,'2016-05-19 03:25:37'),
	(378,524,2,'2016-05-19 03:25:37'),
	(379,525,2,'2016-05-19 03:25:37'),
	(380,526,2,'2016-05-19 03:25:37'),
	(381,527,2,'2016-05-19 03:25:37'),
	(382,535,2,'2016-05-19 03:25:37'),
	(383,548,2,'2016-05-19 03:25:37'),
	(384,549,2,'2016-05-19 03:25:37'),
	(385,550,2,'2016-05-19 03:25:37'),
	(386,551,2,'2016-05-19 03:25:37'),
	(387,552,2,'2016-05-19 03:25:37'),
	(388,553,2,'2016-05-19 03:25:37'),
	(389,565,2,'2016-05-19 03:25:37'),
	(390,566,2,'2016-05-19 03:25:37'),
	(391,567,2,'2016-05-19 03:25:37'),
	(392,568,2,'2016-05-19 03:25:37'),
	(511,1,3,'2016-05-19 03:25:37'),
	(512,13,3,'2016-05-19 03:25:37'),
	(513,14,3,'2016-05-19 03:25:37'),
	(514,15,3,'2016-05-19 03:25:37'),
	(515,16,3,'2016-05-19 03:25:37'),
	(516,17,3,'2016-05-19 03:25:37'),
	(517,18,3,'2016-05-19 03:25:37'),
	(518,19,3,'2016-05-19 03:25:37'),
	(519,20,3,'2016-05-19 03:25:37'),
	(520,21,3,'2016-05-19 03:25:37'),
	(521,22,3,'2016-05-19 03:25:37'),
	(522,23,3,'2016-05-19 03:25:37'),
	(523,24,3,'2016-05-19 03:25:37'),
	(524,26,3,'2016-05-19 03:25:37'),
	(525,27,3,'2016-05-19 03:25:37'),
	(526,34,3,'2016-05-19 03:25:37'),
	(527,35,3,'2016-05-19 03:25:37'),
	(528,36,3,'2016-05-19 03:25:37'),
	(529,37,3,'2016-05-19 03:25:37'),
	(530,38,3,'2016-05-19 03:25:37'),
	(531,39,3,'2016-05-19 03:25:37'),
	(532,40,3,'2016-05-19 03:25:37'),
	(533,41,3,'2016-05-19 03:25:37'),
	(534,42,3,'2016-05-19 03:25:37'),
	(535,43,3,'2016-05-19 03:25:37'),
	(536,44,3,'2016-05-19 03:25:37'),
	(537,45,3,'2016-05-19 03:25:37'),
	(538,46,3,'2016-05-19 03:25:37'),
	(539,47,3,'2016-05-19 03:25:37'),
	(540,48,3,'2016-05-19 03:25:37'),
	(541,49,3,'2016-05-19 03:25:37'),
	(542,50,3,'2016-05-19 03:25:37'),
	(543,51,3,'2016-05-19 03:25:37'),
	(544,142,3,'2016-05-19 03:25:37'),
	(545,143,3,'2016-05-19 03:25:37'),
	(546,167,3,'2016-05-19 03:25:37'),
	(547,168,3,'2016-05-19 03:25:37'),
	(548,169,3,'2016-05-19 03:25:37'),
	(549,311,3,'2016-05-19 03:25:37'),
	(550,316,3,'2016-05-19 03:25:37'),
	(551,317,3,'2016-05-19 03:25:37'),
	(552,318,3,'2016-05-19 03:25:37'),
	(553,319,3,'2016-05-19 03:25:37'),
	(554,321,3,'2016-05-19 03:25:37'),
	(555,322,3,'2016-05-19 03:25:37'),
	(556,323,3,'2016-05-19 03:25:37'),
	(557,324,3,'2016-05-19 03:25:37'),
	(558,325,3,'2016-05-19 03:25:37'),
	(559,326,3,'2016-05-19 03:25:37'),
	(560,327,3,'2016-05-19 03:25:37'),
	(561,328,3,'2016-05-19 03:25:37'),
	(562,329,3,'2016-05-19 03:25:37'),
	(563,330,3,'2016-05-19 03:25:37'),
	(564,331,3,'2016-05-19 03:25:37'),
	(565,332,3,'2016-05-19 03:25:37'),
	(566,348,3,'2016-05-19 03:25:37'),
	(567,349,3,'2016-05-19 03:25:37'),
	(568,350,3,'2016-05-19 03:25:37'),
	(569,360,3,'2016-05-19 03:25:37'),
	(570,361,3,'2016-05-19 03:25:37'),
	(571,362,3,'2016-05-19 03:25:37'),
	(572,363,3,'2016-05-19 03:25:37'),
	(573,366,3,'2016-05-19 03:25:37'),
	(574,367,3,'2016-05-19 03:25:37'),
	(575,371,3,'2016-05-19 03:25:37'),
	(576,372,3,'2016-05-19 03:25:37'),
	(577,373,3,'2016-05-19 03:25:37'),
	(578,374,3,'2016-05-19 03:25:37'),
	(579,375,3,'2016-05-19 03:25:37'),
	(580,376,3,'2016-05-19 03:25:37'),
	(581,377,3,'2016-05-19 03:25:37'),
	(582,378,3,'2016-05-19 03:25:37'),
	(583,379,3,'2016-05-19 03:25:37'),
	(584,380,3,'2016-05-19 03:25:37'),
	(585,381,3,'2016-05-19 03:25:37'),
	(586,382,3,'2016-05-19 03:25:37'),
	(587,388,3,'2016-05-19 03:25:37'),
	(588,389,3,'2016-05-19 03:25:37'),
	(589,393,3,'2016-05-19 03:25:37'),
	(590,394,3,'2016-05-19 03:25:37'),
	(591,395,3,'2016-05-19 03:25:37'),
	(592,396,3,'2016-05-19 03:25:37'),
	(593,400,3,'2016-05-19 03:25:37'),
	(594,485,3,'2016-05-19 03:25:37'),
	(595,486,3,'2016-05-19 03:25:37'),
	(596,487,3,'2016-05-19 03:25:37'),
	(597,488,3,'2016-05-19 03:25:37'),
	(598,489,3,'2016-05-19 03:25:37'),
	(599,490,3,'2016-05-19 03:25:37'),
	(600,491,3,'2016-05-19 03:25:37'),
	(601,492,3,'2016-05-19 03:25:37'),
	(602,493,3,'2016-05-19 03:25:37'),
	(603,494,3,'2016-05-19 03:25:37'),
	(604,495,3,'2016-05-19 03:25:37'),
	(605,496,3,'2016-05-19 03:25:37'),
	(606,497,3,'2016-05-19 03:25:37'),
	(607,498,3,'2016-05-19 03:25:37'),
	(608,499,3,'2016-05-19 03:25:37'),
	(609,500,3,'2016-05-19 03:25:37'),
	(610,501,3,'2016-05-19 03:25:37'),
	(611,502,3,'2016-05-19 03:25:37'),
	(612,503,3,'2016-05-19 03:25:37'),
	(613,504,3,'2016-05-19 03:25:37'),
	(614,505,3,'2016-05-19 03:25:37'),
	(615,506,3,'2016-05-19 03:25:37'),
	(616,507,3,'2016-05-19 03:25:37'),
	(617,508,3,'2016-05-19 03:25:37'),
	(618,509,3,'2016-05-19 03:25:37'),
	(619,510,3,'2016-05-19 03:25:37'),
	(620,511,3,'2016-05-19 03:25:37'),
	(621,512,3,'2016-05-19 03:25:37'),
	(622,513,3,'2016-05-19 03:25:37'),
	(623,514,3,'2016-05-19 03:25:37'),
	(624,515,3,'2016-05-19 03:25:37'),
	(625,516,3,'2016-05-19 03:25:37'),
	(626,517,3,'2016-05-19 03:25:37'),
	(627,518,3,'2016-05-19 03:25:37'),
	(628,519,3,'2016-05-19 03:25:37'),
	(629,520,3,'2016-05-19 03:25:37'),
	(630,521,3,'2016-05-19 03:25:37'),
	(631,522,3,'2016-05-19 03:25:37'),
	(632,523,3,'2016-05-19 03:25:37'),
	(633,524,3,'2016-05-19 03:25:37'),
	(634,525,3,'2016-05-19 03:25:37'),
	(635,526,3,'2016-05-19 03:25:37'),
	(636,527,3,'2016-05-19 03:25:37'),
	(637,535,3,'2016-05-19 03:25:37'),
	(638,548,3,'2016-05-19 03:25:37'),
	(639,549,3,'2016-05-19 03:25:37'),
	(640,550,3,'2016-05-19 03:25:37'),
	(641,551,3,'2016-05-19 03:25:37'),
	(642,552,3,'2016-05-19 03:25:37'),
	(643,553,3,'2016-05-19 03:25:37'),
	(644,565,3,'2016-05-19 03:25:37'),
	(645,566,3,'2016-05-19 03:25:37'),
	(646,567,3,'2016-05-19 03:25:37'),
	(647,568,3,'2016-05-19 03:25:37'),
	(766,1,5,'2016-05-19 03:25:37'),
	(767,13,5,'2016-05-19 03:25:37'),
	(768,14,5,'2016-05-19 03:25:37'),
	(769,15,5,'2016-05-19 03:25:37'),
	(770,16,5,'2016-05-19 03:25:37'),
	(771,17,5,'2016-05-19 03:25:37'),
	(772,18,5,'2016-05-19 03:25:37'),
	(773,19,5,'2016-05-19 03:25:37'),
	(774,20,5,'2016-05-19 03:25:37'),
	(775,21,5,'2016-05-19 03:25:37'),
	(776,22,5,'2016-05-19 03:25:37'),
	(777,23,5,'2016-05-19 03:25:37'),
	(778,24,5,'2016-05-19 03:25:37'),
	(779,26,5,'2016-05-19 03:25:37'),
	(780,27,5,'2016-05-19 03:25:37'),
	(781,34,5,'2016-05-19 03:25:37'),
	(782,35,5,'2016-05-19 03:25:37'),
	(783,36,5,'2016-05-19 03:25:37'),
	(784,37,5,'2016-05-19 03:25:37'),
	(785,38,5,'2016-05-19 03:25:37'),
	(786,39,5,'2016-05-19 03:25:37'),
	(787,40,5,'2016-05-19 03:25:37'),
	(788,41,5,'2016-05-19 03:25:37'),
	(789,42,5,'2016-05-19 03:25:37'),
	(790,43,5,'2016-05-19 03:25:37'),
	(791,44,5,'2016-05-19 03:25:37'),
	(792,45,5,'2016-05-19 03:25:37'),
	(793,46,5,'2016-05-19 03:25:37'),
	(794,47,5,'2016-05-19 03:25:37'),
	(795,48,5,'2016-05-19 03:25:37'),
	(796,49,5,'2016-05-19 03:25:37'),
	(797,50,5,'2016-05-19 03:25:37'),
	(798,51,5,'2016-05-19 03:25:37'),
	(799,142,5,'2016-05-19 03:25:37'),
	(800,143,5,'2016-05-19 03:25:37'),
	(801,167,5,'2016-05-19 03:25:37'),
	(802,168,5,'2016-05-19 03:25:37'),
	(803,169,5,'2016-05-19 03:25:37'),
	(804,311,5,'2016-05-19 03:25:37'),
	(805,316,5,'2016-05-19 03:25:37'),
	(806,317,5,'2016-05-19 03:25:37'),
	(807,318,5,'2016-05-19 03:25:37'),
	(808,319,5,'2016-05-19 03:25:37'),
	(809,321,5,'2016-05-19 03:25:37'),
	(810,322,5,'2016-05-19 03:25:37'),
	(811,323,5,'2016-05-19 03:25:37'),
	(812,324,5,'2016-05-19 03:25:37'),
	(813,325,5,'2016-05-19 03:25:37'),
	(814,326,5,'2016-05-19 03:25:37'),
	(815,327,5,'2016-05-19 03:25:37'),
	(816,328,5,'2016-05-19 03:25:37'),
	(817,329,5,'2016-05-19 03:25:37'),
	(818,330,5,'2016-05-19 03:25:37'),
	(819,331,5,'2016-05-19 03:25:37'),
	(820,332,5,'2016-05-19 03:25:37'),
	(821,348,5,'2016-05-19 03:25:37'),
	(822,349,5,'2016-05-19 03:25:37'),
	(823,350,5,'2016-05-19 03:25:37'),
	(824,360,5,'2016-05-19 03:25:37'),
	(825,361,5,'2016-05-19 03:25:37'),
	(826,362,5,'2016-05-19 03:25:37'),
	(827,363,5,'2016-05-19 03:25:37'),
	(828,366,5,'2016-05-19 03:25:37'),
	(829,367,5,'2016-05-19 03:25:37'),
	(830,371,5,'2016-05-19 03:25:37'),
	(831,372,5,'2016-05-19 03:25:37'),
	(832,373,5,'2016-05-19 03:25:37'),
	(833,374,5,'2016-05-19 03:25:37'),
	(834,375,5,'2016-05-19 03:25:37'),
	(835,376,5,'2016-05-19 03:25:37'),
	(836,377,5,'2016-05-19 03:25:37'),
	(837,378,5,'2016-05-19 03:25:37'),
	(838,379,5,'2016-05-19 03:25:37'),
	(839,380,5,'2016-05-19 03:25:37'),
	(840,381,5,'2016-05-19 03:25:37'),
	(841,382,5,'2016-05-19 03:25:37'),
	(842,388,5,'2016-05-19 03:25:37'),
	(843,389,5,'2016-05-19 03:25:37'),
	(844,393,5,'2016-05-19 03:25:37'),
	(845,394,5,'2016-05-19 03:25:37'),
	(846,395,5,'2016-05-19 03:25:37'),
	(847,396,5,'2016-05-19 03:25:37'),
	(848,400,5,'2016-05-19 03:25:37'),
	(849,485,5,'2016-05-19 03:25:37'),
	(850,486,5,'2016-05-19 03:25:37'),
	(851,487,5,'2016-05-19 03:25:37'),
	(852,488,5,'2016-05-19 03:25:37'),
	(853,489,5,'2016-05-19 03:25:37'),
	(854,490,5,'2016-05-19 03:25:37'),
	(855,491,5,'2016-05-19 03:25:37'),
	(856,492,5,'2016-05-19 03:25:37'),
	(857,493,5,'2016-05-19 03:25:37'),
	(858,494,5,'2016-05-19 03:25:37'),
	(859,495,5,'2016-05-19 03:25:37'),
	(860,496,5,'2016-05-19 03:25:37'),
	(861,497,5,'2016-05-19 03:25:37'),
	(862,498,5,'2016-05-19 03:25:37'),
	(863,499,5,'2016-05-19 03:25:37'),
	(864,500,5,'2016-05-19 03:25:37'),
	(865,501,5,'2016-05-19 03:25:37'),
	(866,502,5,'2016-05-19 03:25:37'),
	(867,503,5,'2016-05-19 03:25:37'),
	(868,504,5,'2016-05-19 03:25:37'),
	(869,505,5,'2016-05-19 03:25:37'),
	(870,506,5,'2016-05-19 03:25:37'),
	(871,507,5,'2016-05-19 03:25:37'),
	(872,508,5,'2016-05-19 03:25:37'),
	(873,509,5,'2016-05-19 03:25:37'),
	(874,510,5,'2016-05-19 03:25:37'),
	(875,511,5,'2016-05-19 03:25:37'),
	(876,512,5,'2016-05-19 03:25:37'),
	(877,513,5,'2016-05-19 03:25:37'),
	(878,514,5,'2016-05-19 03:25:37'),
	(879,515,5,'2016-05-19 03:25:37'),
	(880,516,5,'2016-05-19 03:25:37'),
	(881,517,5,'2016-05-19 03:25:37'),
	(882,518,5,'2016-05-19 03:25:37'),
	(883,519,5,'2016-05-19 03:25:37'),
	(884,520,5,'2016-05-19 03:25:37'),
	(885,521,5,'2016-05-19 03:25:37'),
	(886,522,5,'2016-05-19 03:25:37'),
	(887,523,5,'2016-05-19 03:25:37'),
	(888,524,5,'2016-05-19 03:25:37'),
	(889,525,5,'2016-05-19 03:25:37'),
	(890,526,5,'2016-05-19 03:25:37'),
	(891,527,5,'2016-05-19 03:25:37'),
	(892,535,5,'2016-05-19 03:25:37'),
	(893,548,5,'2016-05-19 03:25:37'),
	(894,549,5,'2016-05-19 03:25:37'),
	(895,550,5,'2016-05-19 03:25:37'),
	(896,551,5,'2016-05-19 03:25:37'),
	(897,552,5,'2016-05-19 03:25:37'),
	(898,553,5,'2016-05-19 03:25:37'),
	(899,565,5,'2016-05-19 03:25:37'),
	(900,566,5,'2016-05-19 03:25:37'),
	(901,567,5,'2016-05-19 03:25:37'),
	(902,568,5,'2016-05-19 03:25:37');

/*!40000 ALTER TABLE `seller_resources_roles` ENABLE KEYS */;
UNLOCK TABLES;


# Dump of table seller_roles
# ------------------------------------------------------------

DROP TABLE IF EXISTS `seller_roles`;

CREATE TABLE `seller_roles` (
  `id` int(11) NOT NULL AUTO_INCREMENT,
  `seller_id` int(11) NOT NULL COMMENT '商家ID',
  `roles_name` varchar(20) NOT NULL DEFAULT '' COMMENT '角色名称',
  `role_code` varchar(20) NOT NULL DEFAULT '' COMMENT '角色code,唯一',
  `content` varchar(255) NOT NULL DEFAULT '' COMMENT '角色描述',
  `user_id` int(11) NOT NULL COMMENT '创建人',
  `create_time` datetime NOT NULL,
  `update_time` datetime NOT NULL,
  `status` tinyint(11) NOT NULL COMMENT '1、未删除2、删除',
  PRIMARY KEY (`id`)
) ENGINE=InnoDB DEFAULT CHARSET=utf8 COMMENT='商家角色表';

LOCK TABLES `seller_roles` WRITE;
/*!40000 ALTER TABLE `seller_roles` DISABLE KEYS */;

INSERT INTO `seller_roles` (`id`, `seller_id`, `roles_name`, `role_code`, `content`, `user_id`, `create_time`, `update_time`, `status`)
VALUES
	(1,1,'店铺超级管理员','seller_admin','店铺超级管理员',0,'2016-03-02 18:14:53','2016-03-02 18:14:53',1),
	(2,2,'店铺超级管理员','seller_admin','店铺超级管理员',0,'2016-03-06 16:27:52','2016-03-06 16:27:52',1),
	(3,4,'店铺超级管理员','seller_admin','店铺超级管理员',0,'2016-03-23 10:48:35','2016-03-23 10:48:35',1),
	(4,1,'test','1','test',1,'2016-04-11 16:03:40','2016-04-11 16:03:40',1),
	(5,5,'店铺超级管理员','seller_admin','店铺超级管理员',0,'2016-04-12 17:15:41','2016-04-12 17:15:41',1);

/*!40000 ALTER TABLE `seller_roles` ENABLE KEYS */;
UNLOCK TABLES;


# Dump of table seller_transport
# ------------------------------------------------------------

DROP TABLE IF EXISTS `seller_transport`;

CREATE TABLE `seller_transport` (
  `id` int(11) NOT NULL AUTO_INCREMENT,
  `state` int(1) DEFAULT '1' COMMENT '状态 1-使用中 2-禁用',
  `seller_id` int(11) DEFAULT NULL COMMENT '商家id',
  `trans_name` varchar(255) DEFAULT '' COMMENT '模板名称',
  `trans_type` int(11) DEFAULT '0' COMMENT '计价方式 1-按件数 2-按重量',
  `trans_express` int(1) DEFAULT NULL COMMENT '快递',
  `trans_express_info` longtext COMMENT '快递模板信息',
  `trans_ems` int(1) DEFAULT NULL COMMENT 'EMS',
  `trans_ems_info` longtext COMMENT 'EMS模板信息',
  `trans_mail` int(1) DEFAULT NULL COMMENT '平邮',
  `trans_mail_info` longtext COMMENT '平邮模板信息',
  `createtime` datetime DEFAULT NULL COMMENT '创建时间',
  `trans_time` int(11) DEFAULT '0' COMMENT '发货时间',
  PRIMARY KEY (`id`)
) ENGINE=InnoDB DEFAULT CHARSET=utf8 COMMENT='卖家运费模板';

LOCK TABLES `seller_transport` WRITE;
/*!40000 ALTER TABLE `seller_transport` DISABLE KEYS */;

INSERT INTO `seller_transport` (`id`, `state`, `seller_id`, `trans_name`, `trans_type`, `trans_express`, `trans_express_info`, `trans_ems`, `trans_ems_info`, `trans_mail`, `trans_mail_info`, `createtime`, `trans_time`)
VALUES
	(1,2,1,'1',1,1,'[{\"city_id\":\"-1\",\"city_name\":\"全国\",\"trans_add_fee\":2.0,\"trans_fee\":6.0,\"trans_add_weight\":1,\"trans_weight\":1}]',0,'',0,'','2016-05-14 17:55:19',0);

/*!40000 ALTER TABLE `seller_transport` ENABLE KEYS */;
UNLOCK TABLES;


# Dump of table seller_type
# ------------------------------------------------------------

DROP TABLE IF EXISTS `seller_type`;

CREATE TABLE `seller_type` (
  `id` int(11) NOT NULL AUTO_INCREMENT,
  `name` varchar(255) NOT NULL COMMENT '类型名称',
  `money` int(11) NOT NULL COMMENT '保证金数额',
  `state` tinyint(4) NOT NULL COMMENT '状态1、显示；2、不显示',
  `sort` int(11) NOT NULL COMMENT '排序',
  `create_id` int(11) NOT NULL COMMENT '创建人',
  `create_time` datetime NOT NULL COMMENT '创建时间',
  `update_time` datetime NOT NULL COMMENT '更新时间',
  PRIMARY KEY (`id`)
) ENGINE=InnoDB DEFAULT CHARSET=utf8 COMMENT='商家类型';



# Dump of table seller_type_logs
# ------------------------------------------------------------

DROP TABLE IF EXISTS `seller_type_logs`;

CREATE TABLE `seller_type_logs` (
  `id` int(11) NOT NULL AUTO_INCREMENT,
  `create_id` int(11) NOT NULL COMMENT '修改人',
  `create_name` varchar(50) NOT NULL COMMENT '修改人账号',
  `content` varchar(255) NOT NULL COMMENT '修改内容',
  `create_time` datetime NOT NULL COMMENT '修改时间',
  `product_cate_id` int(11) NOT NULL COMMENT '商品分类id',
  PRIMARY KEY (`id`)
) ENGINE=InnoDB DEFAULT CHARSET=utf8 COMMENT='商家类型修改日志表';

LOCK TABLES `seller_type_logs` WRITE;
/*!40000 ALTER TABLE `seller_type_logs` DISABLE KEYS */;

INSERT INTO `seller_type_logs` (`id`, `create_id`, `create_name`, `content`, `create_time`, `product_cate_id`)
VALUES
	(1,1,'admin','修改商品分类，佣金:0.00','2016-04-14 09:53:17',49),
	(2,1,'admin','修改商品分类，佣金:0.20','2016-04-23 14:15:45',1),
	(3,1,'admin','修改商品分类，佣金:0.20','2016-04-23 14:24:34',1),
	(4,1,'admin','修改商品分类，佣金:1.00','2016-05-11 17:22:34',224);

/*!40000 ALTER TABLE `seller_type_logs` ENABLE KEYS */;
UNLOCK TABLES;


# Dump of table seller_user
# ------------------------------------------------------------

DROP TABLE IF EXISTS `seller_user`;

CREATE TABLE `seller_user` (
  `id` int(11) NOT NULL AUTO_INCREMENT,
  `name` varchar(50) NOT NULL,
  `password` varchar(50) NOT NULL,
  `code` varchar(50) NOT NULL DEFAULT '' COMMENT '员工号',
  `real_name` varchar(50) NOT NULL COMMENT '真实姓名',
  `phone` varchar(50) NOT NULL DEFAULT '' COMMENT '联系电话',
  `job` varchar(20) NOT NULL COMMENT '职务',
  `seller_id` int(11) NOT NULL COMMENT '所属商家',
  `role_id` int(11) DEFAULT NULL COMMENT '商家角色ID',
  `state` tinyint(4) NOT NULL COMMENT '状态 1-正常 2-冻结 3-删除',
  `create_id` int(11) NOT NULL COMMENT '创建人',
  `create_time` datetime NOT NULL COMMENT '创建时间',
  `update_id` int(11) NOT NULL COMMENT '修改人',
  `update_time` datetime NOT NULL COMMENT '更新时间（最后一次登陆时间）',
  PRIMARY KEY (`id`)
) ENGINE=InnoDB DEFAULT CHARSET=utf8 COMMENT='商家用户表';

LOCK TABLES `seller_user` WRITE;
/*!40000 ALTER TABLE `seller_user` DISABLE KEYS */;

INSERT INTO `seller_user` (`id`, `name`, `password`, `code`, `real_name`, `phone`, `job`, `seller_id`, `role_id`, `state`, `create_id`, `create_time`, `update_id`, `update_time`)
VALUES
	(1,'ejavashop','4297f44b13955235245b2497399d7a93','','','','',1,1,1,0,'2016-03-02 18:14:54',0,'2016-03-02 18:14:54'),
	(2,'wangpeng','e10adc3949ba59abbe56e057f20f883e','','','','',2,2,1,0,'2016-03-06 16:27:53',0,'2016-03-06 16:27:53'),
	(3,'ejavashop-2','e10adc3949ba59abbe56e057f20f883e','ejavashop-1','ejavashop-1','13800138000','test',1,1,1,1,'2016-03-07 18:55:51',1,'2016-03-07 18:55:51'),
	(4,'123456789','604de8bcf6492330f8e0e3f61be636aa','','','','',4,3,1,0,'2016-03-23 10:48:35',0,'2016-03-23 10:48:35'),
	(5,'tiein','fe80269b5c4c52c6c32af8c731605cf8','','','','',5,5,1,0,'2016-04-12 17:15:41',0,'2016-04-12 17:15:41');

/*!40000 ALTER TABLE `seller_user` ENABLE KEYS */;
UNLOCK TABLES;


# Dump of table seller_user_login_log
# ------------------------------------------------------------

DROP TABLE IF EXISTS `seller_user_login_log`;

CREATE TABLE `seller_user_login_log` (
  `id` int(11) NOT NULL AUTO_INCREMENT,
  `user_id` int(11) NOT NULL,
  `user_name` varchar(50) NOT NULL,
  `login_ip` varchar(50) NOT NULL,
  `create_time` datetime NOT NULL,
  PRIMARY KEY (`id`)
) ENGINE=InnoDB DEFAULT CHARSET=utf8 COMMENT='商家用户登录日志';



# Dump of table settlement
# ------------------------------------------------------------

DROP TABLE IF EXISTS `settlement`;

CREATE TABLE `settlement` (
  `id` int(11) NOT NULL AUTO_INCREMENT,
  `settle_cycle` varchar(20) NOT NULL COMMENT '结算周期',
  `seller_id` int(11) NOT NULL COMMENT '商家ID',
  `seller_name` varchar(200) NOT NULL COMMENT '商家名称',
  `money_product` decimal(10,2) NOT NULL DEFAULT '0.00' COMMENT '商品总金额，等于订单中所有的商品的单价乘以数量之和：orders.money_product总和',
  `money_logistics` decimal(10,2) NOT NULL DEFAULT '0.00' COMMENT '物流费用之和：orders.money_logistics总和',
  `money_order` decimal(10,2) NOT NULL DEFAULT '0.00' COMMENT '实际应收金额总计：orders.money_order总和',
  `money_paid_balance` decimal(10,2) NOT NULL DEFAULT '0.00' COMMENT '余额账户支付总金额：money_paid_balance总和',
  `money_paid_reality` decimal(10,2) NOT NULL DEFAULT '0.00' COMMENT '现金支付金额：money_paid_reality总和',
  `money_coupon` decimal(10,2) NOT NULL DEFAULT '0.00' COMMENT '优惠码优惠金额：money_coupon总和',
  `money_act_full` decimal(10,2) NOT NULL DEFAULT '0.00' COMMENT '订单满减总金额：money_act_full总和',
  `money_discount` decimal(10,2) NOT NULL DEFAULT '0.00' COMMENT '优惠金额总额（满减、立减、优惠券等所有优惠额的和）：money_discount总和',
  `money_integral` decimal(10,2) NOT NULL DEFAULT '0.00' COMMENT '积分换算金额',
  `integral` int(11) NOT NULL COMMENT '使用积分数量',
  `money_back` decimal(10,2) NOT NULL DEFAULT '0.00' COMMENT '当月退款的总金额：退货表back_money总和',
  `money_integral_back` decimal(10,2) NOT NULL DEFAULT '0.00' COMMENT '当月退回积分金额的总金额：退货表back_money总和',
  `money_other` decimal(10,2) NOT NULL DEFAULT '0.00' COMMENT '其他金额，应支付给商家的其他金额',
  `money_other_type` tinyint(3) NOT NULL DEFAULT '0' COMMENT '其他金额加减状态：1、支付增加；2、支付扣减',
  `money_other_reason` varchar(255) DEFAULT NULL COMMENT '其他金额理由',
  `commision` decimal(10,2) NOT NULL DEFAULT '0.00' COMMENT '佣金',
  `payable` decimal(10,2) NOT NULL DEFAULT '0.00' COMMENT '应付金额：money_order-money_back-commision',
  `status` tinyint(3) NOT NULL COMMENT '结算状态：1、账单生成；2、平台审核通过；3、商家核对通过；4、商家核对质疑；5、对账完成；6、支付完成',
  `seller_doubt` text COMMENT '商家质疑',
  `platform_explain` text COMMENT '平台解释',
  `create_time` datetime NOT NULL,
  `update_time` datetime NOT NULL,
  `update_user_id` int(11) NOT NULL COMMENT '修改者ID',
  `update_user_name` varchar(50) NOT NULL COMMENT '修改者名称',
  PRIMARY KEY (`id`)
) ENGINE=InnoDB DEFAULT CHARSET=utf8 COMMENT='结算表';



# Dump of table settlement_op
# ------------------------------------------------------------

DROP TABLE IF EXISTS `settlement_op`;

CREATE TABLE `settlement_op` (
  `id` int(11) NOT NULL AUTO_INCREMENT,
  `orders_id` int(11) NOT NULL COMMENT '订单ID',
  `orders_sn` varchar(100) NOT NULL COMMENT '订单号',
  `seller_id` int(11) NOT NULL COMMENT '商家ID',
  `product_id` int(11) NOT NULL COMMENT '商品id',
  `product_goods_id` int(11) NOT NULL COMMENT '货品ID',
  `spec_info` varchar(255) DEFAULT NULL COMMENT '规格详情',
  `product_name` varchar(255) NOT NULL COMMENT '商品名称',
  `product_sku` varchar(60) NOT NULL COMMENT '抽象商品sku',
  `package_groups_id` int(11) NOT NULL DEFAULT '0' COMMENT '促销套装0、不是促销套装；大于0，促销套装ID，价格是促销套装的ID',
  `mall_groups_id` int(11) NOT NULL DEFAULT '0' COMMENT '商城套装0，不是上次套装；大于0商城套装ID',
  `gift_id` int(11) NOT NULL DEFAULT '0' COMMENT '赠品ID 0:不是赠品；大于0：是赠品，存赠品的ID',
  `is_gift` tinyint(1) NOT NULL DEFAULT '0' COMMENT '是否是赠品，0、不是；1、是；',
  `money_price` decimal(10,2) NOT NULL DEFAULT '0.00' COMMENT '商品单价',
  `number` int(11) NOT NULL COMMENT '商品数量',
  `money_amount` decimal(10,2) NOT NULL COMMENT '网单金额（减去立减优惠后的金额和）',
  `money_act_single` decimal(10,2) NOT NULL COMMENT '立减优惠金额和',
  `act_single_id` int(11) NOT NULL DEFAULT '0' COMMENT '单品立减活动ID，无设置0',
  `activity_id` int(11) NOT NULL DEFAULT '0' COMMENT '团购ID，为0正常购买',
  `act_flash_sale_id` int(11) NOT NULL DEFAULT '0' COMMENT '限时抢购ID，为0正常购买',
  `act_flash_sale_product_id` int(11) NOT NULL DEFAULT '0' COMMENT '限时抢购活动商品ID',
  `logistics_id` int(11) DEFAULT NULL COMMENT '物流',
  `logistics_name` varchar(100) DEFAULT NULL COMMENT '物流name',
  `logistics_number` varchar(100) DEFAULT NULL COMMENT '发票快递单号',
  `shipping_time` datetime DEFAULT NULL COMMENT '发货时间',
  `close_time` datetime DEFAULT NULL COMMENT '网单完成关闭或取消关闭时间',
  `system_remark` text COMMENT '系统备注，不给用户显示',
  `member_product_back_id` int(11) NOT NULL COMMENT '退货ID，默认为0',
  `member_product_exchange_id` int(11) NOT NULL COMMENT '换货ID，默认为0',
  `create_time` datetime NOT NULL,
  `update_time` datetime NOT NULL,
  `settlement_id` int(11) NOT NULL COMMENT '结算ID',
  `settle_cycle` varchar(20) NOT NULL COMMENT '结算周期',
  `product_cate_id` int(11) NOT NULL COMMENT '商品分类ID',
  `product_cate_name` varchar(20) DEFAULT NULL COMMENT '商品分类名称',
  `scaling` decimal(10,2) NOT NULL COMMENT '商品分类分佣比例',
  `commision` decimal(10,2) NOT NULL DEFAULT '0.00' COMMENT '网单佣金',
  `settle_time` datetime NOT NULL COMMENT '结算日期',
  PRIMARY KEY (`id`)
) ENGINE=InnoDB DEFAULT CHARSET=utf8 COMMENT='结算网单表';



# Dump of table system_admin
# ------------------------------------------------------------

DROP TABLE IF EXISTS `system_admin`;

CREATE TABLE `system_admin` (
  `id` int(11) NOT NULL AUTO_INCREMENT,
  `name` varchar(50) NOT NULL COMMENT '登录名',
  `password` varchar(50) NOT NULL COMMENT '密码',
  `role_id` int(11) DEFAULT NULL COMMENT '角色id',
  `create_time` datetime DEFAULT NULL,
  `create_user` int(11) DEFAULT NULL COMMENT '创建人 只能是管理员',
  `tel` varchar(50) DEFAULT NULL COMMENT '电话',
  `status` tinyint(3) DEFAULT NULL COMMENT '状态 1-正常 2-冻结 3-删除',
  PRIMARY KEY (`id`)
) ENGINE=InnoDB DEFAULT CHARSET=utf8 COMMENT='系统管理员表';

LOCK TABLES `system_admin` WRITE;
/*!40000 ALTER TABLE `system_admin` DISABLE KEYS */;

INSERT INTO `system_admin` (`id`, `name`, `password`, `role_id`, `create_time`, `create_user`, `tel`, `status`)
VALUES
	(1,'admin','4297f44b13955235245b2497399d7a93',1,'2016-03-02 17:33:47',0,NULL,1),
	(2,'ejavashop','4297f44b13955235245b2497399d7a93',1,'2016-03-02 17:33:47',0,NULL,1),
	(3,'orderadmin','e10adc3949ba59abbe56e057f20f883e',2,'2016-03-07 18:25:08',2,'',2);

/*!40000 ALTER TABLE `system_admin` ENABLE KEYS */;
UNLOCK TABLES;


# Dump of table system_logs
# ------------------------------------------------------------

DROP TABLE IF EXISTS `system_logs`;

CREATE TABLE `system_logs` (
  `id` int(11) NOT NULL AUTO_INCREMENT,
  `opt_id` int(11) NOT NULL COMMENT '操作人ID',
  `opt_name` varchar(50) NOT NULL COMMENT '操作人姓名',
  `opt_content` varchar(255) NOT NULL COMMENT '操作内容',
  `create_time` int(11) NOT NULL COMMENT '创建时间',
  `member_rule_id` int(11) NOT NULL COMMENT 'member_rule',
  `opt_object` varchar(255) NOT NULL COMMENT '操作表',
  `opt_object_id` int(11) NOT NULL COMMENT '操作表ID',
  PRIMARY KEY (`id`)
) ENGINE=InnoDB DEFAULT CHARSET=utf8 COMMENT='系统操作日志表';



# Dump of table system_resources
# ------------------------------------------------------------

DROP TABLE IF EXISTS `system_resources`;

CREATE TABLE `system_resources` (
  `id` int(11) NOT NULL AUTO_INCREMENT,
  `pid` int(11) DEFAULT NULL,
  `url` varchar(255) CHARACTER SET utf8 DEFAULT NULL,
  `content` varchar(255) CHARACTER SET utf8 DEFAULT NULL,
  `create_time` datetime DEFAULT NULL,
  `type` tinyint(3) DEFAULT NULL COMMENT '1、菜单；2、按钮',
  `status` tinyint(3) DEFAULT NULL COMMENT '1、未删除2、删除',
  `scope` tinyint(3) DEFAULT NULL COMMENT '应用范围: 1-商家 2-平台',
  `res_id` varchar(20) COLLATE utf8_unicode_ci DEFAULT NULL COMMENT '资源id,有些菜单及按钮需要特定id以注册点击事件',
  `res_icon` varchar(20) COLLATE utf8_unicode_ci DEFAULT NULL COMMENT '资源图标,按钮资源可能需要指定图标',
  PRIMARY KEY (`id`)
) ENGINE=InnoDB DEFAULT CHARSET=utf8 COLLATE=utf8_unicode_ci COMMENT='资源表';

LOCK TABLES `system_resources` WRITE;
/*!40000 ALTER TABLE `system_resources` DISABLE KEYS */;

INSERT INTO `system_resources` (`id`, `pid`, `url`, `content`, `create_time`, `type`, `status`, `scope`, `res_id`, `res_icon`)
VALUES
	(1,0,'/','资源管理','2015-08-15 10:35:09',0,1,1,NULL,NULL),
	(13,27,'/seller_menu_order','交易管理','2015-08-15 10:39:20',1,1,1,NULL,NULL),
	(14,13,'/seller/order/orders,/seller/order/orders/list,/seller/order/ordersProduct/getOrdersProduct,/seller/order/orders/print','全部订单','2015-08-15 10:40:20',1,1,1,'',''),
	(15,13,'/seller/order/productBack,/seller/order/productBack/list','退货管理','2015-08-15 10:40:36',1,1,1,NULL,NULL),
	(16,13,'/seller/order/productExchange,/seller/order/productExchange/list','换货管理','2015-08-15 10:41:12',1,1,1,NULL,NULL),
	(17,27,'/seller_menu_product','商品管理','2015-08-15 10:41:45',1,1,1,NULL,NULL),
	(18,17,'/seller/product/saleAll,/seller/product/list,/seller/product/list_goods','全部商品','2015-08-15 10:42:07',1,1,1,'',''),
	(19,17,'/seller/product/brand,/seller/product/brand/list','品牌管理','2015-08-15 10:42:33',1,1,1,'',''),
	(20,17,'/seller/product/sellerCate,/seller/product/sellerCate/getByPid','店铺分类','2015-08-15 10:43:01',1,1,1,NULL,NULL),
	(21,17,'/seller/product/chooseCate,/seller/product/getCateById,/seller/product/add,/seller/product/uploadFiles,/seller/product/sellerCate/getByPid,/seller/product/create','发布商品','2015-08-15 10:43:34',1,1,1,NULL,NULL),
	(22,17,'/seller/product/cate,/seller/product/cate/getByPid','商品分类申请','2015-08-15 10:44:02',1,1,1,NULL,NULL),
	(23,27,'/seller_menu_operate','运营管理','2015-08-15 10:44:28',1,1,1,NULL,NULL),
	(24,23,'/seller/operate/sellerqq,/seller/operate/sellerqq/list','客服QQ设置','2015-08-15 10:44:53',1,1,1,NULL,NULL),
	(26,23,'/seller/operate/sellerTransport,/seller/operate/sellerTransport/list,/seller/operate/sellerTransport/getTransport','运费设置','2015-08-15 10:46:08',1,1,1,NULL,NULL),
	(27,1,'/','商家资源管理','2015-08-15 11:56:42',1,1,1,NULL,NULL),
	(28,1,'/','平台资源管理','2015-08-15 11:57:26',1,1,2,NULL,NULL),
	(29,28,'/admin_menu_system','系统管理','2015-08-15 11:58:00',1,1,2,NULL,NULL),
	(34,15,'/seller/order/productBack/edit,/seller/order/productBack/audit','处理退货申请','2015-08-17 13:39:15',2,1,1,'btn_edit','icon-edit'),
	(35,15,'/seller/order/productBack/takeDeliver','确认收货','2015-08-17 13:39:44',2,1,1,'btn_deliver','icon-add'),
	(36,16,'/seller/order/productExchange/edit,/seller/order/productExchange/audit','处理换货申请','2015-08-17 14:05:39',2,1,1,'btn_edit','icon-edit'),
	(37,18,'/seller/product/chooseCate,/seller/product/getCateById,/seller/product/add,/seller/product/uploadFiles,/seller/product/sellerCate/getByPid,/seller/product/create','发布商品','2015-08-17 15:38:58',2,1,1,'a-gridAdd','icon-add'),
	(38,167,'/seller/product/edit,/seller/product/uploadFiles,/seller/product/sellerCate/getByPid,/seller/product/update','编辑','2015-08-17 15:45:05',2,1,1,'a-gridEdit','icon-edit'),
	(39,167,'/seller/product/del','删除','2015-08-17 15:45:44',2,1,1,'a-gridRemove','icon-remove'),
	(40,167,'/seller/product/commit','提交审核','2015-08-17 15:46:27',2,1,1,'a-gridCommit','icon-saved'),
	(41,19,'/seller/product/brand/add,/seller/product/brand/create','添加','2015-08-17 15:55:06',2,1,1,'a-gridAdd','icon-add'),
	(42,19,'/seller/product/brand/edit,/seller/product/brand/update','编辑','2015-08-17 15:55:28',2,1,1,'a-gridEdit','icon-edit'),
	(43,19,'/seller/product/brand/del','删除','2015-08-17 15:55:52',2,1,1,'a-gridRemove','icon-remove'),
	(44,19,'/seller/product/brand/commit','提交审核','2015-08-17 15:56:18',2,1,1,'a-gridCommit','icon-saved'),
	(45,20,'/seller/product/sellerCate/add,/seller/product/sellerCate/create','添加','2015-08-17 16:09:59',2,1,1,'a-gridAdd','icon-add'),
	(46,20,'/seller/product/sellerCate/edit,/seller/product/sellerCate/update','编辑','2015-08-17 16:10:28',2,1,1,'a-gridEdit','icon-edit'),
	(47,20,'/seller/product/sellerCate/del','删除','2015-08-17 16:10:45',2,1,1,'a-gridRemove','icon-remove'),
	(48,22,'/seller/product/cate/commit','提交审核','2015-08-17 16:14:33',2,1,1,'btn-audit','icon-add'),
	(49,24,'/seller/operate/sellerqq/add,/seller/operate/sellerqq/doAdd','新增','2015-08-17 16:17:03',2,1,1,'btn_add','icon-add'),
	(50,24,'/seller/operate/sellerqq/edit,/seller/operate/sellerqq/doAdd','编辑','2015-08-17 16:17:18',2,1,1,'btn_edit','icon-edit'),
	(51,24,'/seller/operate/sellerqq/del','删除','2015-08-17 16:17:36',2,1,1,'btn_del','icon-delete'),
	(55,29,'/admin/system/code,/admin/system/code/list','数据字典','2015-08-17 17:26:08',1,1,2,'',''),
	(56,29,'/admin/system/role,/admin/system/role/list','角色管理','2015-08-17 17:26:27',1,1,2,'',''),
	(57,29,'/admin/system/resource,/admin/system/resource/list','资源管理','2015-08-17 17:26:43',1,1,2,'',''),
	(58,28,'/admin_menu_order','交易管理','2015-08-17 17:27:11',1,1,2,'',''),
	(59,28,'/admin_menu_news','网站文章','2015-08-17 17:27:30',1,1,2,'',''),
	(60,28,'/admin_menu_member','会员管理','2015-08-17 17:27:44',1,1,2,'',''),
	(61,28,'/admin_menu_product','商品管理','2015-08-17 17:28:03',1,1,2,'',''),
	(62,58,'/admin/order/complaint,/admin/order/complaint/list','投诉管理','2015-08-17 17:29:20',1,1,2,'',''),
	(63,59,'/admin/system/newstype,/admin/system/newstype/list','文章分类','2015-08-17 17:30:26',1,1,2,'',''),
	(64,59,'/admin/system/news,/admin/system/news/list','文章管理','2015-08-17 17:31:00',1,1,2,'',''),
	(65,59,'/admin/system/newsParter,/admin/system/newsParter/list','合作伙伴管理','2015-08-17 17:31:35',1,1,2,'',''),
	(66,60,'/admin/member/member,/admin/member/member/list','会员管理','2015-08-17 17:32:20',1,1,2,'',''),
	(67,73,'/admin/seller/audit,/admin/seller/audit/list','商家申请','2015-08-17 17:33:01',1,1,2,'',''),
	(68,73,'/admin/seller/manage,/admin/seller/manage/list','商家管理','2015-08-17 17:33:46',1,1,2,'',''),
	(69,60,'/admin/member/config/gradevalue,/admin/member/config/gradevalue/update','会员经验规则管理','2015-08-17 17:34:24',1,1,2,'',''),
	(70,60,'/admin/member/config/intvalue,/admin/member/config/intvalue/update','会员积分规则管理','2015-08-17 17:34:56',1,1,2,'',''),
	(71,60,'/admin/member/config/grade,/admin/member/config/grade/update','会员等级配置','2015-08-17 17:35:25',1,1,2,'',''),
	(72,60,'/admin/member/drawmoney,/admin/member/drawmoney/list','会员提款申请','2015-08-17 17:35:52',1,1,2,'',''),
	(73,28,'/admin_menu_seller','商家管理','2015-08-17 17:35:52',1,1,2,'',''),
	(82,29,'/admin/system/adminuser,/admin/system/adminuser/list','管理员管理','2015-08-17 17:46:25',1,1,2,'',''),
	(84,55,'/admin/system/code/add,/admin/system/code/create','添加','2015-08-19 15:53:24',2,1,2,'a-gridAdd','icon-add'),
	(85,55,'/admin/system/code/edit,/admin/system/code/update','编辑','2015-08-19 15:53:56',2,1,2,'a-gridEdit','icon-edit'),
	(86,56,'/admin/system/role/add,/admin/system/role/validateRole,/admin/system/role/save','新增','2015-08-19 15:57:18',2,1,2,'btn_add','icon-add'),
	(87,56,'/admin/system/role/edit,/admin/system/role/validateRole,/admin/system/role/save','编辑','2015-08-19 15:57:41',2,1,2,'btn_edit','icon-edit'),
	(88,56,'/admin/system/role/del','删除','2015-08-19 15:58:14',2,1,2,'btn_del','icon-delete'),
	(89,56,'/admin/system/role/role2Res,/admin/system/role/saveRoleRes,/admin/system/resource/roleResTree','分配权限','2015-08-19 15:58:38',2,1,2,'btn_res','icon-add'),
	(90,57,'/admin/system/resource/addWin,/admin/system/resource/save,/admin/system/resource/resTree','添加','2015-08-19 16:21:27',2,1,2,'a-gridAdd','icon-add'),
	(91,57,'/admin/system/resource/editWin,/admin/system/resource/save,/admin/system/resource/resTree','编辑','2015-08-19 16:22:09',2,1,2,'a-gridEdit','icon-edit'),
	(92,57,'/admin/system/resource/del','删除','2015-08-19 16:22:54',2,1,2,'a-gridRemove','icon-remove'),
	(93,82,'/admin/system/adminuser/add,/admin/system/adminuser/save','新增','2015-08-19 16:25:29',2,1,2,'btn_add','icon-add'),
	(94,82,'/admin/system/adminuser/edit,/admin/system/adminuser/save','修改','2015-08-19 16:25:55',2,1,2,'btn_edit','icon-edit'),
	(95,82,'/admin/system/adminuser/freeze','冻结','2015-08-19 16:26:17',2,1,2,'btn_freeze','icon-remove'),
	(96,82,'/admin/system/adminuser/del','删除','2015-08-19 16:26:41',2,1,2,'btn_del','icon-delete'),
	(97,62,'/admin/order/complaint/auditPage,/admin/order/complaint/doAudit','处理','2015-08-19 16:29:15',2,1,2,'btn_audit','icon-edit'),
	(98,63,'/admin/system/newstype/add,/admin/system/newstype/doAdd','新增','2015-08-19 16:30:45',2,1,2,'btn_add','icon-add'),
	(99,63,'/admin/system/newstype/edit,/admin/system/newstype/doAdd','编辑','2015-08-19 16:31:11',2,1,2,'btn_edit','icon-edit'),
	(100,63,'/admin/system/newstype/del','删除','2015-08-19 16:32:30',2,1,2,'btn_del','icon-delete'),
	(101,64,'/admin/system/news/add,/admin/system/news/doAdd','新增','2015-08-20 09:38:03',2,1,2,'btn_add','icon-add'),
	(102,64,'/admin/system/news/edit,/admin/system/news/doAdd','编辑','2015-08-20 09:38:21',2,1,2,'btn_edit','icon-edit'),
	(103,64,'/admin/system/news/del','删除','2015-08-20 09:38:46',2,1,2,'btn_del','icon-delete'),
	(104,65,'/admin/system/newsParter/add,/admin/system/newsParter/doAdd','新增','2015-08-20 09:40:29',2,1,2,'btn_add','icon-add'),
	(105,65,'/admin/system/newsParter/edit,/admin/system/newsParter/doAdd','编辑','2015-08-20 09:40:47',2,1,2,'btn_edit','icon-edit'),
	(106,65,'/admin/system/newsParter/del','删除','2015-08-20 09:41:16',2,1,2,'btn_del','icon-delete'),
	(107,66,'/admin/member/member/valueopt','经验积分管理','2015-08-20 09:44:38',2,1,2,'a-gridOptIntegral','icon-edit'),
	(108,66,'/admin/member/member/balanceopt','余额管理','2015-08-20 09:45:14',2,1,2,'a-gridOptBalance','icon-edit'),
	(109,66,'/admin/member/member/uploglist','升级日志','2015-08-20 09:45:48',2,1,2,'a-gridUpLog','icon-search'),
	(110,66,'/admin/member/member/grdIntloglist','经验值日志','2015-08-20 09:46:13',2,1,2,'a-gridGradeLog','icon-search'),
	(111,66,'/admin/member/member/grdIntloglist','积分值日志','2015-08-20 09:46:44',2,1,2,'a-gridIntegralLog','icon-search'),
	(112,66,'/admin/member/member/balanceloglist','余额日志','2015-08-20 09:47:07',2,1,2,'a-gridBalanceLog','icon-search'),
	(113,66,'/admin/member/member/addresslist','收货地址','2015-08-20 09:47:33',2,1,2,'a-gridAddress','icon-search'),
	(114,67,'/admin/seller/audit/audit.html,/admin/seller/audit/pass,/admin/seller/audit/reject','审核','2015-08-20 09:49:42',2,1,2,'btn_audit','icon-saved'),
	(115,67,'/admin/seller/audit/delete','删除','2015-08-20 09:50:04',2,1,2,'btn_del','icon-delete'),
	(116,68,'/admin/seller/manage/freeze','停用','2015-08-20 09:52:16',2,1,2,'btn_freeze','icon-delete'),
	(118,72,'/admin/member/drawmoney/auditing','通过','2015-08-20 09:57:50',2,1,2,'a-gridAuditing','icon-edit'),
	(119,308,'/admin/product/waitSalePass,/admin/product/auditProduct','审核通过','2015-08-20 10:04:41',2,1,2,'a-gridCommit','icon-saved'),
	(120,301,'/admin/product/brand/add,/admin/product/brand/create','添加','2015-08-20 10:05:43',2,1,2,'a-gridAdd','icon-add'),
	(121,301,'/admin/product/brand/edit,/admin/product/brand/update','编辑','2015-08-20 10:06:01',2,1,2,'a-gridEdit','icon-edit'),
	(122,301,'/admin/product/brand/del','删除','2015-08-20 10:06:21',2,1,2,'a-gridRemove','icon-remove'),
	(123,305,'/admin/product/brand/auditing','审核','2015-08-20 10:08:08',2,1,2,'a-gridCommit','icon-saved'),
	(124,302,'/admin/product/norm/add,/admin/product/norm/create','添加','2015-08-20 10:10:52',2,1,2,'a-gridAdd','icon-add'),
	(125,302,'/admin/product/norm/edit,/admin/product/norm/update','编辑','2015-08-20 10:11:06',2,1,2,'a-gridEdit','icon-edit'),
	(126,302,'/admin/product/norm/del','删除','2015-08-20 10:11:31',2,1,2,'a-gridRemove','icon-remove'),
	(130,303,'/admin/product/type/add,/admin/product/type/create,/admin/product/norm/list_no_page,/admin/product/brand/list_no_page,/admin/product/brand/getByIds,/admin/product/norm/getByIds','添加','2015-08-20 10:15:01',2,1,2,'a-gridAdd','icon-add'),
	(131,303,'/admin/product/type/edit,/admin/product/type/update,/admin/product/norm/list_no_page,/admin/product/brand/list_no_page,/admin/product/brand/getByIds,/admin/product/norm/getByIds','编辑','2015-08-20 10:15:22',2,1,2,'a-gridEdit','icon-edit'),
	(132,303,'/admin/product/type/del','删除','2015-08-20 10:15:39',2,1,2,'a-gridRemove','icon-remove'),
	(136,304,'/admin/product/cate/add,/admin/product/cate/create,/admin/product/type/list','添加','2015-08-20 10:19:01',2,1,2,'a-gridAdd','icon-add'),
	(137,304,'/admin/product/cate/edit,/admin/product/cate/update,/admin/product/type/list','编辑','2015-08-20 10:19:17',2,1,2,'a-gridEdit','icon-edit'),
	(138,304,'/admin/product/cate/del','删除','2015-08-20 10:19:32',2,1,2,'a-gridRemove','icon-remove'),
	(139,306,'/admin/product/cate/auditPass','审核通过','2015-08-20 10:21:10',2,1,2,'btn_audit','icon-saved'),
	(140,308,'/admin/product/waitSaleReject,/admin/product/auditProduct','申请驳回','2015-08-20 15:20:20',2,1,2,'a_pro_back','icon-remove'),
	(141,308,'/admin/product/waitSaleDel,/admin/product/auditProduct','删除商品','2015-08-20 15:21:07',2,1,2,'a_pro_del','icon-delete'),
	(142,167,'/seller/product/waitSaleUp,/seller/product/handler','上架','2015-08-20 16:55:06',2,1,1,'a_pro_up','icon-add'),
	(143,168,'/seller/product/onSaleDown,/seller/product/handler','下架','2015-08-20 16:57:09',2,1,1,'a_pro_down','icon-remove'),
	(145,28,'/admin_menu_operate','运营管理','2015-08-31 16:41:00',1,1,2,'',''),
	(150,60,'/admin/member/productcomments,/admin/member/productcomments/list','会员商品评价管理','2015-09-06 11:19:19',1,1,2,'',''),
	(151,60,'/admin/member/productask,/admin/member/productask/list','会员商品咨询管理','2015-09-06 15:47:49',1,1,2,'',''),
	(167,17,'/seller/product/waitSale,/seller/product/list,/seller/product/list_goods','待售商品','2015-11-21 17:04:51',1,1,1,'',''),
	(168,17,'/seller/product/onSale,/seller/product/list,/seller/product/list_goods','在售商品','2015-11-21 17:05:15',1,1,1,'',''),
	(169,17,'/seller/product/delSale,/seller/product/list,/seller/product/list_goods','已删除商品','2015-11-21 17:05:38',1,1,1,'',''),
	(301,61,'/admin/product/brand,/admin/product/brand/list','品牌管理','2015-08-17 17:37:50',1,1,2,'',''),
	(302,61,'/admin/product/norm,/admin/product/norm/list','规格管理','2015-08-17 17:38:42',1,1,2,'',''),
	(303,61,'/admin/product/type,/admin/product/type/list','类型管理','2015-08-17 17:40:01',1,1,2,'',''),
	(304,61,'/admin/product/cate,/admin/product/cate/getByPid','分类管理','2015-08-17 17:41:53',1,1,2,'',''),
	(305,61,'/admin/product/brand/todo,/admin/product/brand/todolist','待审核品牌','2015-08-17 17:38:22',1,1,2,'',''),
	(306,61,'/admin/product/cate/audit,/admin/product/cate/list','商家分类申请','2015-08-17 17:42:32',1,1,2,'',''),
	(308,61,'/admin/product/waitSale,/admin/product/list,/admin/product/list_goods,/admin/product/toDetail.html,/admin/product/recommond,/admin/product/del','待售商品','2015-11-24 20:09:58',1,1,2,'',''),
	(309,61,'/admin/product/onSale,/admin/product/list,/admin/product/list_goods,/admin/product/toDetail.html,/admin/product/recommond,/admin/product/del','在售商品','2015-11-24 20:10:22',1,1,2,'',''),
	(310,61,'/admin/product/delSale,/admin/product/list','已删除商品','2015-11-24 20:10:49',1,1,2,'',''),
	(311,17,'/seller/product/manager,/seller/product/manager/list','已申请分类','2015-11-24 21:47:24',1,1,1,'',''),
	(314,309,'/admin/product/onSaleDel,/admin/product/auditProduct','删除商品','2015-11-29 17:36:36',2,1,2,'a_pro_del','icon-delete'),
	(315,309,'/admin/product/onSaleDown,/admin/product/auditProduct','下架商品','2015-11-29 17:37:19',2,1,2,'a_pro_down','icon-remove'),
	(316,14,'/seller/order/orders/edit,/seller/order/orders/changeOrdersMoney','修改','2015-12-03 16:10:12',2,1,1,'btn_edit','icon-edit'),
	(317,14,'/seller/order/orders/cancelorder','取消','2015-12-03 16:12:08',2,1,1,'btn_cancel','icon-delete'),
	(318,14,'/seller/order/orders/confirm','确认','2015-12-03 16:13:25',2,1,1,'a_comfirm','icon-add'),
	(319,14,'/seller/order/orders/delivery,/seller/order/orders/doDelivery','发货','2015-12-03 16:14:14',2,1,1,'btn_dev','icon-edit'),
	(321,13,'/seller/order/orders/state1,/seller/order/orders/list,/seller/order/ordersProduct/getOrdersProduct,/seller/order/orders/print','未付款订单','2015-12-03 16:15:46',1,1,1,'',''),
	(322,13,'/seller/order/orders/state2,/seller/order/orders/list,/seller/order/ordersProduct/getOrdersProduct,/seller/order/orders/print','待确认订单','2015-12-03 16:16:38',1,1,1,'',''),
	(323,13,'/seller/order/orders/state3,/seller/order/orders/list,/seller/order/ordersProduct/getOrdersProduct,/seller/order/orders/print','待发货订单','2015-12-03 16:16:57',1,1,1,'',''),
	(324,13,'/seller/order/orders/state4,/seller/order/orders/list,/seller/order/ordersProduct/getOrdersProduct,/seller/order/orders/print,/seller/order/orders/printcourier','已发货订单','2015-12-03 16:17:15',1,1,1,'',''),
	(325,13,'/seller/order/orders/state5,/seller/order/orders/list,/seller/order/ordersProduct/getOrdersProduct,/seller/order/orders/print','已完成订单','2015-12-03 16:17:42',1,1,1,'',''),
	(326,13,'/seller/order/orders/state6,/seller/order/orders/list,/seller/order/ordersProduct/getOrdersProduct','已取消订单','2015-12-03 16:18:00',1,1,1,'',''),
	(327,321,'/seller/order/orders/edit,/seller/order/orders/changeOrdersMoney','修改','2015-12-03 16:36:39',2,1,1,'btn_edit','icon-edit'),
	(328,321,'/seller/order/orders/cancelorder','取消','2015-12-03 16:37:03',2,1,1,'btn_cancel','icon-delete'),
	(329,322,'/seller/order/orders/confirm','确认','2015-12-03 16:38:12',2,1,1,'a_comfirm','icon-add'),
	(330,322,'/seller/order/orders/edit,/seller/order/orders/changeOrdersMoney','修改','2015-12-03 16:38:42',2,1,1,'btn_edit','icon-edit'),
	(331,322,'/seller/order/orders/cancelorder','取消','2015-12-03 16:39:12',2,1,1,'btn_cancel','icon-delete'),
	(332,323,'/seller/order/orders/delivery,/seller/order/orders/doDelivery','发货','2015-12-03 16:40:00',2,1,1,'btn_dev','icon-edit'),
	(336,58,'/admin/order/orders,/admin/order/orders/list,/admin/order/orders/print,/admin/order/ordersProduct/getOrdersProduct','全部订单','2015-12-03 17:33:03',1,1,2,'',''),
	(337,58,'/admin/order/orders/state1,/admin/order/orders/list,/admin/order/orders/print,/admin/order/ordersProduct/getOrdersProduct','未付款订单','2015-12-03 17:36:11',1,1,2,'',''),
	(338,58,'/admin/order/orders/state2,/admin/order/orders/list,/admin/order/orders/print,/admin/order/ordersProduct/getOrdersProduct','待确认订单','2015-12-03 17:37:30',1,1,2,'',''),
	(339,58,'/admin/order/orders/state3,/admin/order/orders/list,/admin/order/orders/print,/admin/order/ordersProduct/getOrdersProduct','待发货订单','2015-12-03 17:37:59',1,1,2,'',''),
	(340,58,'/admin/order/orders/state4,/admin/order/orders/list,/admin/order/orders/print,/admin/order/ordersProduct/getOrdersProduct','已发货订单','2015-12-03 17:38:23',1,1,2,'',''),
	(341,58,'/admin/order/orders/state5,/admin/order/orders/list,/admin/order/orders/print,/admin/order/ordersProduct/getOrdersProduct','已完成订单','2015-12-03 17:38:47',1,1,2,'',''),
	(342,58,'/admin/order/orders/state6,/admin/order/orders/list,/admin/order/ordersProduct/getOrdersProduct','已取消订单','2015-12-03 17:39:08',1,1,2,'',''),
	(343,58,'/admin/order/productBack,/admin/order/productBack/list','退货管理','2015-12-04 17:20:30',1,1,2,'',''),
	(344,58,'/admin/order/productExchange,/admin/order/productExchange/list','换货管理','2015-12-04 17:21:03',1,1,2,'',''),
	(345,343,'/admin/order/productBack/backmoney','退款到账户','2015-12-05 15:47:25',2,1,2,'btn_backMoney','icon-edit'),
	(346,28,'/admin_menu_settlement','统计结算','2015-12-07 11:17:40',1,1,2,'',''),
	(347,346,'/admin/settlement,/admin/settlement/list','结算管理','2015-12-07 11:18:31',1,1,2,'',''),
	(348,27,'/seller_menu_settlement','统计结算','2015-12-07 18:07:59',1,1,1,'',''),
	(349,348,'/seller/settlement,/seller/settlement/list','结算管理','2015-12-07 18:09:03',1,1,1,'',''),
	(350,349,'/seller/settlement/detail,/seller/settlement/checkOver,/seller/settlement/payOver,/seller/settlement/getSettlementOp,/seller/settlement/orderlist,/seller/settlement/backlist,/seller/settlement/checkDoubt','详情','2015-12-07 18:11:49',2,1,1,'btn-detail','icon-edit'),
	(351,347,'/admin/settlement/detail,/admin/settlement/settleStart,/admin/settlement/platformExplain,/admin/settlement/checkOver,/admin/settlement/payOver,/admin/settlement/getSettlementOp,/admin/settlement/orderlist,/admin/settlement/backlist','详情','2015-12-07 18:12:58',2,1,2,'btn-detail','icon-edit'),
	(352,145,'/admin/operate/courierCompany,/admin/operate/courierCompany/list,/admin/operate/courierCompany/editCourierCompany,/admin/operate/courierCompany/install_lodop32.exe','物流公司','2015-12-07 23:21:19',1,1,2,'',''),
	(353,352,'/admin/operate/courierCompany/add,/admin/operate/courierCompany/doAdd','新增','2015-12-07 23:23:54',2,1,2,'btn_add','icon-add'),
	(354,352,'/admin/operate/courierCompany/edit,/admin/operate/courierCompany/doAdd','编辑','2015-12-07 23:24:48',2,1,2,'btn_edit','icon-edit'),
	(355,352,'/admin/operate/courierCompany/del','删除','2015-12-07 23:25:39',2,1,2,'btn_del','icon-delete'),
	(356,150,'/admin/member/productcomments/pass','审核通过','2015-12-08 14:48:29',2,1,2,'a-gridAuditPass','icon-edit'),
	(357,150,'/admin/member/productcomments/reject','审核不通过','2015-12-08 14:49:26',2,1,2,'a-gridAuditReject','icon-edit'),
	(358,151,'/admin/member/productask/pass','审核通过','2015-12-08 14:50:37',2,1,2,'a-gridAuditPass','icon-edit'),
	(359,151,'/admin/member/productask/reject','审核不通过','2015-12-08 14:51:27',2,1,2,'a-gridAuditReject','icon-edit'),
	(360,27,'/seller_menu_member','会员管理','2015-12-08 15:22:25',1,1,1,'',''),
	(361,360,'/seller/member/productask,/seller/member/productask/list','会员咨询管理','2015-12-08 15:23:36',1,1,1,'',''),
	(362,360,'/seller/member/productcomments,/seller/member/productcomments/list','会员评价管理','2015-12-08 15:24:15',1,1,1,'',''),
	(363,361,'/seller/member/productask/reply,/seller/member/productask/doreply','回复','2015-12-08 15:25:13',2,1,1,'a-gridReply','icon-edit'),
	(364,346,'/admin/report/orderday,/admin/report/orderday/list','每日订单统计','2015-12-08 18:24:05',1,1,2,'',''),
	(365,346,'/admin/report/productday,/admin/report/productday/list','每日商品统计','2015-12-08 22:04:38',1,1,2,'',''),
	(366,348,'/seller/report/orderday,/seller/report/orderday/list','每日订单统计','2015-12-08 22:27:27',1,1,1,'',''),
	(367,348,'/seller/report/productday,/seller/report/productday/list','每日商品统计','2015-12-08 22:28:15',1,1,1,'',''),
	(368,369,'/admin/search/keyword,/admin/search/updateKeyword','关键词设置','2015-12-10 23:54:58',1,1,2,'',''),
	(369,28,'/admin_menu_search','搜索管理','2015-12-10 23:57:05',1,1,2,'',''),
	(370,369,'/admin/search/keywordfilter,/admin/search/updateKeywordfilter','敏感词过滤','2015-12-11 00:02:43',1,1,2,'',''),
	(371,27,'/seller_menu_system','系统管理','2015-12-09 16:22:16',1,1,1,'',''),
	(372,371,'/seller/system/role,/seller/system/role/list','角色管理','2015-12-09 16:23:14',1,1,1,'',''),
	(373,372,'/seller/system/role/add,/seller/system/role/validateRole,/seller/system/role/save','新增','2015-12-09 16:29:06',2,1,1,'btn_add','icon-add'),
	(374,372,'/seller/system/role/edit,/seller/system/role/validateRole,/seller/system/role/save','编辑','2015-12-09 16:30:13',2,1,1,'btn_edit','icon-edit'),
	(375,372,'/seller/system/role/del','删除','2015-12-09 16:31:03',2,1,1,'btn_del','icon-delete'),
	(376,372,'/seller/system/role/role2Res,/seller/system/role/saveRoleRes,/seller/system/role/roleResTree','分配权限','2015-12-09 16:32:34',2,1,1,'btn_res','icon-add'),
	(377,371,'/seller/system/sellerUser,/seller/system/sellerUser/list','管理员管理','2015-12-09 19:27:02',1,1,1,'',''),
	(378,377,'/seller/system/sellerUser/add,/seller/system/sellerUser/save','新增','2015-12-09 19:27:59',2,1,1,'btn_add','icon-add'),
	(379,377,'/seller/system/sellerUser/edit,/seller/system/sellerUser/save','编辑','2015-12-09 19:28:49',2,1,1,'btn_edit','icon-edit'),
	(380,377,'/seller/system/sellerUser/freeze','冻结','2015-12-09 19:35:25',2,1,1,'btn_freeze','icon-edit'),
	(381,377,'/seller/system/sellerUser/unfreeze','解冻','2015-12-09 19:36:00',2,1,1,'btn_unfreeze','icon-edit'),
	(382,377,'/seller/system/sellerUser/del','删除','2015-12-09 19:36:45',2,1,1,'btn_del','icon-delete'),
	(383,145,'/admin/config,/admin/config/update','配置管理','2015-12-10 14:53:13',1,1,2,'',''),
	(384,369,'/admin/searchkeyword,/admin/searchkeyword/list','敏感词','2015-12-12 10:53:55',1,1,2,'',''),
	(385,384,'/admin/searchkeyword/add,/admin/searchkeyword/create','添加','2015-12-12 11:03:54',2,1,2,'a-gridAdd','icon-add'),
	(386,384,'/admin/searchkeyword/edit,/admin/searchkeyword/update','修改','2015-12-12 11:05:39',2,1,2,'a-gridEdit','icon-edit'),
	(387,384,'/admin/searchkeyword/del','删除','2015-12-12 11:09:13',2,1,2,'a-gridDel','icon-delete'),
	(388,13,'/seller/order/complaint,/seller/order/complaint/list','投诉管理','2015-12-12 22:11:17',1,1,1,'',''),
	(389,388,'/seller/order/complaint/auditPage,/seller/order/complaint/doAudit','申诉','2015-12-12 22:12:55',2,1,1,'btn_audit','icon-edit'),
	(390,340,'/admin/order/orders/submitpay','确认收款','2015-12-12 23:29:07',2,1,2,'a_submit_pay','icon-add'),
	(391,341,'/admin/order/orders/submitpay','确认收款','2015-12-12 23:29:48',2,1,2,'a_submit_pay','icon-add'),
	(392,336,'/admin/order/orders/submitpay','确认收款','2015-12-13 00:29:11',2,1,2,'a_submit_pay','icon-add'),
	(393,26,'/seller/operate/sellerTransport/add,/seller/operate/sellerTransport/doAdd,/seller/operate/sellerTransport/transport_area','新增','2015-12-13 11:22:14',2,1,1,'btn_add','icon-add'),
	(394,26,'/seller/operate/sellerTransport/edit,/seller/operate/sellerTransport/doAdd,/seller/operate/sellerTransport/transport_area','编辑','2015-12-13 11:23:44',2,1,1,'btn_edit','icon-edit'),
	(395,26,'/seller/operate/sellerTransport/inuse','启用','2015-12-13 11:25:07',2,1,1,'btn-inuse','icon-edit'),
	(396,26,'/seller/operate/sellerTransport/del','删除','2015-12-13 11:26:08',2,1,1,'btn_del','icon-delete'),
	(397,68,'/admin/seller/manage/unfreeze','启用','2015-12-14 14:56:02',2,1,2,'btn_unfreeze','icon-edit'),
	(398,306,'/admin/product/cate/auditPass','审核不通过','2015-12-14 21:08:22',2,1,2,'btn_audit1','icon-remove'),
	(399,29,'/admin/system/adminuser/editpwd,/admin/system/adminuser/editpwd/update','修改密码','2015-12-14 23:32:25',1,1,2,'',''),
	(400,371,'/seller/system/sellerUser/editpwd,/seller/system/sellerUser/editpwd/update','修改密码','2015-12-14 23:47:43',1,1,1,'',''),
	(401,72,'/admin/member/drawmoney/reject','拒绝','2015-12-16 03:35:41',2,1,2,'a-gridReject','icon-edit'),
	(402,72,'/admin/member/drawmoney/paid','已打款','2015-12-16 03:40:47',2,1,2,'a-gridPaid','icon-edit'),
	(437,67,'/admin/seller/audit/add,/admin/seller/audit/create','新增','2016-01-13 11:53:26',2,1,2,'btn-gridAdd','icon-add'),
	(438,67,'/admin/seller/audit/edit,/admin/seller/audit/update','修改','2016-01-13 11:54:30',2,1,2,'btn-gridEdit','icon-edit'),
	(444,28,'/admin_menu_pcindex','PC端首页管理','2016-02-19 15:04:12',1,1,2,'',''),
	(445,444,'/admin/pcindex/banner,/admin/pcindex/banner/list','PC首页轮播图','2016-02-19 15:04:12',1,1,2,'',''),
	(446,445,'/admin/pcindex/banner/add,/admin/pcindex/banner/create','新增','2016-02-19 15:04:12',2,1,2,'a-gridAdd','icon-add'),
	(447,445,'/admin/pcindex/banner/edit,/admin/pcindex/banner/update','修改','2016-02-19 15:04:12',2,1,2,'a-gridEdit','icon-edit'),
	(448,445,'/admin/pcindex/banner/delete','删除','2016-02-19 15:04:12',2,1,2,'a-gridDel','icon-delete'),
	(449,445,'/admin/pcindex/banner/up','使用','2016-02-19 15:04:12',2,1,2,'a-gridUp','icon-edit'),
	(450,445,'/admin/pcindex/banner/pre','预使用','2016-02-19 15:04:12',2,1,2,'a-gridPre','icon-edit'),
	(451,445,'/admin/pcindex/banner/down','停用','2016-02-19 15:04:12',2,1,2,'a-gridDown','icon-edit'),
	(452,444,'/admin/pcindex/recommend,/admin/pcindex/recommend/list','PC推荐商品','2016-02-19 15:04:12',1,1,2,'',''),
	(453,452,'/admin/pcindex/recommend/add,/admin/pcindex/recommend/create,/admin/product/listnopage','新增','2016-02-19 15:04:12',2,1,2,'a-gridAdd','icon-add'),
	(454,452,'/admin/pcindex/recommend/edit,/admin/pcindex/recommend/update,/admin/product/listnopage','修改','2016-02-19 15:04:12',2,1,2,'a-gridEdit','icon-edit'),
	(455,452,'/admin/pcindex/recommend/delete','删除','2016-02-19 15:04:12',2,1,2,'a-gridDel','icon-delete'),
	(456,452,'/admin/pcindex/recommend/up','使用','2016-02-19 15:04:12',2,1,2,'a-gridUp','icon-edit'),
	(457,452,'/admin/pcindex/recommend/pre','预使用','2016-02-19 15:04:12',2,1,2,'a-gridPre','icon-edit'),
	(458,452,'/admin/pcindex/recommend/down','停用','2016-02-19 15:04:12',2,1,2,'a-gridDown','icon-edit'),
	(459,444,'/admin/pcindex/floor,/admin/pcindex/floor/list,/admin/pcindex/floorclass/listbyfloor','PC首页楼层','2016-02-19 15:04:12',1,1,2,'',''),
	(460,459,'/admin/pcindex/floor/add,/admin/pcindex/floor/create','新增','2016-02-19 15:04:12',2,1,2,'a-gridAdd','icon-add'),
	(461,459,'/admin/pcindex/floor/edit,/admin/pcindex/floor/update','修改','2016-02-19 15:04:12',2,1,2,'a-gridEdit','icon-edit'),
	(462,459,'/admin/pcindex/floor/delete','删除','2016-02-19 15:04:12',2,1,2,'a-gridDel','icon-delete'),
	(463,459,'/admin/pcindex/floor/up','使用','2016-02-19 15:04:12',2,1,2,'a-gridUp','icon-edit'),
	(464,459,'/admin/pcindex/floor/pre','预使用','2016-02-19 15:04:12',2,1,2,'a-gridPre','icon-edit'),
	(465,459,'/admin/pcindex/floor/down','停用','2016-02-19 15:04:12',2,1,2,'a-gridDown','icon-edit'),
	(466,444,'/admin/pcindex/floorclass,/admin/pcindex/floorclass/list,/admin/pcindex/floordata/listbyfloorclass','PC首页楼层分类','2016-02-19 15:04:12',1,1,2,'',''),
	(467,466,'/admin/pcindex/floorclass/add,/admin/pcindex/floorclass/create','新增','2016-02-19 15:04:12',2,1,2,'a-gridAdd','icon-add'),
	(468,466,'/admin/pcindex/floorclass/edit,/admin/pcindex/floorclass/update','修改','2016-02-19 15:04:12',2,1,2,'a-gridEdit','icon-edit'),
	(469,466,'/admin/pcindex/floorclass/delete','删除','2016-02-19 15:04:12',2,1,2,'a-gridDel','icon-delete'),
	(470,466,'/admin/pcindex/floorclass/up','使用','2016-02-19 15:04:12',2,1,2,'a-gridUp','icon-edit'),
	(471,466,'/admin/pcindex/floorclass/pre','预使用','2016-02-19 15:04:12',2,1,2,'a-gridPre','icon-edit'),
	(472,466,'/admin/pcindex/floorclass/down','停用','2016-02-19 15:04:12',2,1,2,'a-gridDown','icon-edit'),
	(473,466,'/admin/pcindex/floordata/add','新增数据','2016-02-19 15:04:12',2,1,2,'a-gridAddData','icon-add'),
	(474,444,'/admin/pcindex/floordata,/admin/pcindex/floordata/list','PC首页楼层分类数据','2016-02-19 15:04:12',1,1,2,'',''),
	(475,474,'/admin/pcindex/floordata/add,/admin/pcindex/floordata/create,/admin/product/listnopage','新增','2016-02-19 15:04:12',2,1,2,'a-gridAdd','icon-add'),
	(476,474,'/admin/pcindex/floordata/edit,/admin/pcindex/floordata/update,/admin/product/listnopage','修改','2016-02-19 15:04:12',2,1,2,'a-gridEdit','icon-edit'),
	(477,474,'/admin/pcindex/floordata/delete','删除','2016-02-19 15:04:12',2,1,2,'a-gridDel','icon-delete'),
	(478,444,'/admin/pcindex/floorpatch,/admin/pcindex/floorpatch/list','PC首页楼层碎屑','2016-02-19 15:04:12',1,1,2,'',''),
	(479,478,'/admin/pcindex/floorpatch/add,/admin/pcindex/floorpatch/create','新增','2016-02-19 15:04:12',2,1,2,'a-gridAdd','icon-add'),
	(480,478,'/admin/pcindex/floorpatch/edit,/admin/pcindex/floorpatch/update','修改','2016-02-19 15:04:12',2,1,2,'a-gridEdit','icon-edit'),
	(481,478,'/admin/pcindex/floorpatch/delete','删除','2016-02-19 15:04:12',2,1,2,'a-gridDel','icon-delete'),
	(482,478,'/admin/pcindex/floorpatch/up','使用','2016-02-19 15:04:12',2,1,2,'a-gridUp','icon-edit'),
	(483,478,'/admin/pcindex/floorpatch/pre','预使用','2016-02-19 15:04:12',2,1,2,'a-gridPre','icon-edit'),
	(484,478,'/admin/pcindex/floorpatch/down','停用','2016-02-19 15:04:12',2,1,2,'a-gridDown','icon-edit'),
	(485,27,'/seller_menu_pcindex','PC端首页管理','2016-02-24 14:59:42',1,1,1,'',''),
	(486,485,'/seller/pcindex/sellerinfo,/seller/pcindex/sellerinfo/update','PC端首页信息','2016-02-24 14:59:42',1,1,1,'',''),
	(487,485,'/seller/pcindex/banner,/seller/pcindex/banner/list','PC首页轮播图','2016-02-24 17:12:01',1,1,1,'',''),
	(488,487,'/seller/pcindex/banner/add,/seller/pcindex/banner/create','新增','2016-02-24 17:12:01',2,1,1,'a-gridAdd','icon-add'),
	(489,487,'/seller/pcindex/banner/edit,/seller/pcindex/banner/update','修改','2016-02-24 17:12:01',2,1,1,'a-gridEdit','icon-edit'),
	(490,487,'/seller/pcindex/banner/delete','删除','2016-02-24 17:12:01',2,1,1,'a-gridDel','icon-delete'),
	(491,487,'/seller/pcindex/banner/up','使用','2016-02-24 17:12:01',2,1,1,'a-gridUp','icon-edit'),
	(492,487,'/seller/pcindex/banner/pre','预使用','2016-02-24 17:12:01',2,1,1,'a-gridPre','icon-edit'),
	(493,487,'/seller/pcindex/banner/down','停用','2016-02-24 17:12:01',2,1,1,'a-gridDown','icon-edit'),
	(494,485,'/seller/pcindex/recommend,/seller/pcindex/recommend/list','PC推荐类型','2016-02-24 17:12:01',1,1,1,'',''),
	(495,494,'/seller/pcindex/recommend/add,/seller/pcindex/recommend/create','新增','2016-02-24 17:12:01',2,1,1,'a-gridAdd','icon-add'),
	(496,494,'/seller/pcindex/recommend/edit,/seller/pcindex/recommend/update','修改','2016-02-24 17:12:01',2,1,1,'a-gridEdit','icon-edit'),
	(497,494,'/seller/pcindex/recommend/delete','删除','2016-02-24 17:12:01',2,1,1,'a-gridDel','icon-delete'),
	(498,494,'/seller/pcindex/recommend/up','使用','2016-02-24 17:12:01',2,1,1,'a-gridUp','icon-edit'),
	(499,494,'/seller/pcindex/recommend/pre','预使用','2016-02-24 17:12:01',2,1,1,'a-gridPre','icon-edit'),
	(500,494,'/seller/pcindex/recommend/down','停用','2016-02-24 17:12:01',2,1,1,'a-gridDown','icon-edit'),
	(501,485,'/seller/pcindex/recommenddata,/seller/pcindex/recommenddata/list','PC推荐类型数据','2016-02-24 17:12:01',1,1,1,'',''),
	(502,501,'/seller/pcindex/recommenddata/add,/seller/pcindex/recommenddata/create,/seller/product/listnopage','新增','2016-02-24 17:12:01',2,1,1,'a-gridAdd','icon-add'),
	(503,501,'/seller/pcindex/recommenddata/edit,/seller/pcindex/recommenddata/update,/seller/product/listnopage','修改','2016-02-24 17:12:01',2,1,1,'a-gridEdit','icon-edit'),
	(504,501,'/seller/pcindex/recommenddata/delete','删除','2016-02-24 17:12:01',2,1,1,'a-gridDel','icon-delete'),
	(505,27,'/seller_menu_promotion','促销管理','2016-03-27 20:22:56',1,1,1,'',''),
	(506,505,'/seller/promotion/full,/seller/promotion/full/list','订单满减','2016-03-27 20:22:56',1,1,1,'',''),
	(507,506,'/seller/promotion/full/add,/seller/promotion/full/create','新增','2016-03-27 20:22:56',2,1,1,'a-gridAdd','icon-add'),
	(508,506,'/seller/promotion/full/edit,/seller/promotion/full/update','修改','2016-03-27 20:22:56',2,1,1,'a-gridEdit','icon-edit'),
	(509,506,'/seller/promotion/full/delete','删除','2016-03-27 20:22:56',2,1,1,'a-gridDel','icon-delete'),
	(510,506,'/seller/promotion/full/audit','提交审核','2016-03-27 20:22:56',2,1,1,'a-gridEdit','icon-edit'),
	(511,506,'/seller/promotion/full/up','上架','2016-03-27 20:22:56',2,1,1,'a-gridUp','icon-edit'),
	(512,506,'/seller/promotion/full/down','下架','2016-03-27 20:22:56',2,1,1,'a-gridDown','icon-edit'),
	(513,505,'/seller/promotion/single,/seller/promotion/single/list,/seller/promotion/single/detail','单品立减','2016-03-27 20:22:56',1,1,1,'',''),
	(514,513,'/seller/promotion/single/add,/seller/promotion/single/create,/seller/product/listnopage','新增','2016-03-27 20:22:56',2,1,1,'a-gridAdd','icon-add'),
	(515,513,'/seller/promotion/single/edit,/seller/promotion/single/update,/seller/product/listnopage','修改','2016-03-27 20:22:56',2,1,1,'a-gridEdit','icon-edit'),
	(516,513,'/seller/promotion/single/delete','删除','2016-03-27 20:22:56',2,1,1,'a-gridDel','icon-delete'),
	(517,513,'/seller/promotion/single/audit','提交审核','2016-03-27 20:22:56',2,1,1,'a-gridAudit','icon-edit'),
	(518,513,'/seller/promotion/single/up','上架','2016-03-27 20:22:56',2,1,1,'a-gridUp','icon-edit'),
	(519,513,'/seller/promotion/single/down','下架','2016-03-27 20:22:56',2,1,1,'a-gridDown','icon-edit'),
	(520,505,'/seller/promotion/coupon,/seller/promotion/coupon/list','优惠券管理','2016-03-31 14:33:46',1,1,1,'',''),
	(521,520,'/seller/promotion/coupon/add,/seller/promotion/coupon/create,/seller/product/listnopage','新增','2016-03-31 14:33:46',2,1,1,'a-gridAdd','icon-add'),
	(522,520,'/seller/promotion/coupon/edit,/seller/promotion/coupon/update,/seller/product/listnopage','修改','2016-03-31 14:33:46',2,1,1,'a-gridEdit','icon-edit'),
	(523,520,'/seller/promotion/coupon/delete','删除','2016-03-31 14:33:46',2,1,1,'a-gridDel','icon-delete'),
	(524,520,'/seller/promotion/coupon/audit','提交审核','2016-03-31 14:33:46',2,1,1,'a-gridAudit','icon-edit'),
	(525,520,'/seller/promotion/coupon/up','上架','2016-03-31 14:33:46',2,1,1,'a-gridUp','icon-edit'),
	(526,520,'/seller/promotion/coupon/down','下架','2016-03-31 14:33:46',2,1,1,'a-gridDown','icon-edit'),
	(527,520,'/seller/promotion/coupon/export,/seller/promotion/coupon/doexport','导出','2016-03-31 14:33:46',2,1,1,'a-gridDown','icon-edit'),
	(528,28,'/admin_menu_promotion','促销管理','2016-04-01 11:42:55',1,1,2,'',''),
	(529,528,'/admin/promotion/full,/admin/promotion/full/list','订单满减','2016-04-01 11:45:34',1,1,2,'',''),
	(530,529,'/admin/promotion/full/audit,/admin/promotion/full/doaudit','审核','2016-04-01 11:45:34',2,1,2,'',''),
	(531,528,'/admin/promotion/single,/admin/promotion/single/list,/admin/promotion/single/detail','单品立减','2016-04-01 11:48:55',1,1,2,'',''),
	(532,531,'/admin/promotion/single/audit,/admin/promotion/single/doaudit','审核','2016-04-01 11:48:55',2,1,2,'',''),
	(533,528,'/admin/promotion/coupon,/admin/promotion/coupon/list','优惠券管理','2016-04-01 11:48:55',1,1,2,'',''),
	(534,533,'/admin/promotion/coupon/audit,/admin/promotion/coupon/doaudit','审核','2016-04-01 11:48:55',2,1,2,'',''),
	(535,520,'/seller/promotion/couponuser,/seller/promotion/couponuser/list,/seller/promotion/couponuser/doexport','发放详情','2016-03-31 14:33:46',2,1,1,'',''),
	(536,533,'/admin/promotion/couponuser,/admin/promotion/couponuser/list,/admin/promotion/couponuser/doexport','发放详情','2016-04-01 11:48:55',2,1,2,'',''),
	(537,369,'/admin/searchIndexes,/admin/searchIndexes/operation','索引初始化','2016-03-31 15:22:25',1,1,2,NULL,NULL),
	(538,369,'/admin/searchrecord,/admin/searchrecord/list','模糊搜索词','2016-03-31 19:54:13',2,1,2,NULL,NULL),
	(539,538,'/admin/searchrecord/add,/admin/searchrecord/create','添加','2016-04-05 16:39:27',2,1,2,NULL,NULL),
	(540,538,'/admin/searchrecord/edit,/admin/searchrecord/update','编辑','2016-04-05 16:41:03',2,1,2,NULL,NULL),
	(541,538,'/admin/searchrecord/del','删除','2016-04-05 16:41:44',2,1,2,NULL,NULL),
	(542,346,'/admin/report/orders/orderOverview','订单概况','2016-04-19 21:32:40',1,1,2,NULL,NULL),
	(543,346,'/admin/report/orders/saleOverview','订单销量统计','2016-04-19 23:06:33',1,1,2,NULL,NULL),
	(544,346,'/admin/report/product/phurchaseRate','购买率统计','2016-04-21 21:51:50',1,1,2,NULL,NULL),
	(545,346,'/admin/report/orders/goodsReturnRate','退货率统计','2016-04-25 15:57:43',1,1,2,NULL,NULL),
	(546,346,'/admin/report/orders/CPIstatistics','人均消费统计','2016-04-25 16:00:50',1,1,2,NULL,NULL),
	(547,346,'/admin/report/product/productSale','商品销量统计','2016-05-03 11:18:34',1,1,2,NULL,NULL),
	(548,348,'/seller/report/orders/orderOverview','订单概况','2016-04-19 21:32:40',1,1,1,NULL,NULL),
	(549,348,'/seller/report/orders/saleOverview','订单销量统计','2016-04-19 23:06:33',1,1,1,NULL,NULL),
	(550,348,'/seller/report/product/phurchaseRate','购买率统计','2016-04-21 21:51:50',1,1,1,NULL,NULL),
	(551,348,'/seller/report/orders/goodsReturnRate','退货率统计','2016-04-25 15:57:43',1,1,1,NULL,NULL),
	(552,348,'/seller/report/orders/CPIstatistics','人均消费统计','2016-04-25 16:00:50',1,1,1,NULL,NULL),
	(553,348,'/seller/report/product/productSale','商品销量统计','2016-05-03 11:18:34',1,1,1,NULL,NULL),
	(554,346,'/admin/report/product/pvStatistics','商品浏览量统计','2016-05-12 11:12:13',1,1,2,NULL,NULL),
	(555,528,'/admin/promotion/flash,/admin/promotion/flash/list,/admin/promotion/flash/detail','限时抢购','2016-05-10 16:30:53',1,1,2,'',''),
	(556,555,'/admin/promotion/flash/add,/admin/promotion/flash/create','新增','2016-05-10 16:30:53',2,1,2,'',''),
	(557,555,'/admin/promotion/flash/edit,/admin/promotion/flash/update','修改','2016-05-10 16:30:53',2,1,2,'',''),
	(558,555,'/admin/promotion/flash/delete','删除','2016-05-10 16:30:53',2,1,2,'',''),
	(559,555,'/admin/promotion/flash/recruitstart','征集商品','2016-05-10 16:30:53',2,1,2,'',''),
	(560,555,'/admin/promotion/flash/recruitend','征集结束','2016-05-10 16:30:53',2,1,2,'',''),
	(561,555,'/admin/promotion/flash/abolish,/admin/promotion/flash/doabolish','作废','2016-05-10 16:30:53',2,1,2,'',''),
	(562,555,'/admin/promotion/flash/audit,/admin/promotion/flash/doaudit,/admin/promotion/flash/stage/list,/admin/promotion/flash/product/list,/admin/promotion/flash/sort','审核商品','2016-05-10 16:30:53',2,1,2,'',''),
	(563,555,'/admin/promotion/flash/up','上架','2016-05-10 16:30:53',2,1,2,'',''),
	(564,555,'/admin/promotion/flash/down','下架','2016-05-10 16:30:53',2,1,2,'',''),
	(565,505,'/seller/promotion/flash,/seller/promotion/flash/list','限时抢购','2016-05-11 14:45:35',1,1,1,'',''),
	(566,565,'/seller/promotion/flash/apply,/seller/promotion/flash/saveproduct,/seller/promotion/flash/applydelete','申请','2016-05-11 14:45:35',1,1,1,'',''),
	(567,167,'/seller/product/goodsSet,/seller/product/goodssetSumit','库存价格设置','2016-05-17 18:29:02',2,1,1,NULL,NULL),
	(568,168,'/seller/product/goodsSet,/seller/product/goodssetSumit','库存价格设置','2016-05-17 18:32:34',2,1,1,NULL,NULL),
	(569,555,'/admin/promotion/flash/toProductSort','修改排序','2016-05-18 09:44:40',2,1,2,NULL,NULL);

/*!40000 ALTER TABLE `system_resources` ENABLE KEYS */;
UNLOCK TABLES;


# Dump of table system_resources_roles
# ------------------------------------------------------------

DROP TABLE IF EXISTS `system_resources_roles`;

CREATE TABLE `system_resources_roles` (
  `id` int(11) NOT NULL AUTO_INCREMENT,
  `resources_id` int(11) DEFAULT NULL,
  `roles_id` int(11) DEFAULT NULL,
  `create_time` datetime DEFAULT NULL,
  PRIMARY KEY (`id`)
) ENGINE=InnoDB DEFAULT CHARSET=utf8 COMMENT='角色资源对应表';

LOCK TABLES `system_resources_roles` WRITE;
/*!40000 ALTER TABLE `system_resources_roles` DISABLE KEYS */;

INSERT INTO `system_resources_roles` (`id`, `resources_id`, `roles_id`, `create_time`)
VALUES
	(1,28,1,'2016-05-19 03:21:30'),
	(2,29,1,'2016-05-19 03:21:30'),
	(3,55,1,'2016-05-19 03:21:30'),
	(4,56,1,'2016-05-19 03:21:30'),
	(5,57,1,'2016-05-19 03:21:30'),
	(6,58,1,'2016-05-19 03:21:30'),
	(7,59,1,'2016-05-19 03:21:30'),
	(8,60,1,'2016-05-19 03:21:30'),
	(9,61,1,'2016-05-19 03:21:30'),
	(10,62,1,'2016-05-19 03:21:30'),
	(11,63,1,'2016-05-19 03:21:30'),
	(12,64,1,'2016-05-19 03:21:30'),
	(13,65,1,'2016-05-19 03:21:30'),
	(14,66,1,'2016-05-19 03:21:30'),
	(15,67,1,'2016-05-19 03:21:30'),
	(16,68,1,'2016-05-19 03:21:30'),
	(17,69,1,'2016-05-19 03:21:30'),
	(18,70,1,'2016-05-19 03:21:30'),
	(19,71,1,'2016-05-19 03:21:30'),
	(20,72,1,'2016-05-19 03:21:30'),
	(21,73,1,'2016-05-19 03:21:30'),
	(22,82,1,'2016-05-19 03:21:30'),
	(23,84,1,'2016-05-19 03:21:30'),
	(24,85,1,'2016-05-19 03:21:30'),
	(25,86,1,'2016-05-19 03:21:30'),
	(26,87,1,'2016-05-19 03:21:30'),
	(27,88,1,'2016-05-19 03:21:30'),
	(28,89,1,'2016-05-19 03:21:30'),
	(29,90,1,'2016-05-19 03:21:30'),
	(30,91,1,'2016-05-19 03:21:30'),
	(31,92,1,'2016-05-19 03:21:30'),
	(32,93,1,'2016-05-19 03:21:30'),
	(33,94,1,'2016-05-19 03:21:30'),
	(34,95,1,'2016-05-19 03:21:30'),
	(35,96,1,'2016-05-19 03:21:30'),
	(36,97,1,'2016-05-19 03:21:30'),
	(37,98,1,'2016-05-19 03:21:30'),
	(38,99,1,'2016-05-19 03:21:30'),
	(39,100,1,'2016-05-19 03:21:30'),
	(40,101,1,'2016-05-19 03:21:30'),
	(41,102,1,'2016-05-19 03:21:30'),
	(42,103,1,'2016-05-19 03:21:30'),
	(43,104,1,'2016-05-19 03:21:30'),
	(44,105,1,'2016-05-19 03:21:30'),
	(45,106,1,'2016-05-19 03:21:30'),
	(46,107,1,'2016-05-19 03:21:30'),
	(47,108,1,'2016-05-19 03:21:30'),
	(48,109,1,'2016-05-19 03:21:30'),
	(49,110,1,'2016-05-19 03:21:30'),
	(50,111,1,'2016-05-19 03:21:30'),
	(51,112,1,'2016-05-19 03:21:30'),
	(52,113,1,'2016-05-19 03:21:30'),
	(53,114,1,'2016-05-19 03:21:30'),
	(54,115,1,'2016-05-19 03:21:30'),
	(55,116,1,'2016-05-19 03:21:30'),
	(56,118,1,'2016-05-19 03:21:30'),
	(57,119,1,'2016-05-19 03:21:30'),
	(58,120,1,'2016-05-19 03:21:30'),
	(59,121,1,'2016-05-19 03:21:30'),
	(60,122,1,'2016-05-19 03:21:30'),
	(61,123,1,'2016-05-19 03:21:30'),
	(62,124,1,'2016-05-19 03:21:30'),
	(63,125,1,'2016-05-19 03:21:30'),
	(64,126,1,'2016-05-19 03:21:30'),
	(65,130,1,'2016-05-19 03:21:30'),
	(66,131,1,'2016-05-19 03:21:30'),
	(67,132,1,'2016-05-19 03:21:30'),
	(68,136,1,'2016-05-19 03:21:30'),
	(69,137,1,'2016-05-19 03:21:30'),
	(70,138,1,'2016-05-19 03:21:30'),
	(71,139,1,'2016-05-19 03:21:30'),
	(72,140,1,'2016-05-19 03:21:30'),
	(73,141,1,'2016-05-19 03:21:30'),
	(74,145,1,'2016-05-19 03:21:30'),
	(75,150,1,'2016-05-19 03:21:30'),
	(76,151,1,'2016-05-19 03:21:30'),
	(77,301,1,'2016-05-19 03:21:30'),
	(78,302,1,'2016-05-19 03:21:30'),
	(79,303,1,'2016-05-19 03:21:30'),
	(80,304,1,'2016-05-19 03:21:30'),
	(81,305,1,'2016-05-19 03:21:30'),
	(82,306,1,'2016-05-19 03:21:30'),
	(83,308,1,'2016-05-19 03:21:30'),
	(84,309,1,'2016-05-19 03:21:30'),
	(85,310,1,'2016-05-19 03:21:30'),
	(86,314,1,'2016-05-19 03:21:30'),
	(87,315,1,'2016-05-19 03:21:30'),
	(88,336,1,'2016-05-19 03:21:30'),
	(89,337,1,'2016-05-19 03:21:30'),
	(90,338,1,'2016-05-19 03:21:30'),
	(91,339,1,'2016-05-19 03:21:30'),
	(92,340,1,'2016-05-19 03:21:30'),
	(93,341,1,'2016-05-19 03:21:30'),
	(94,342,1,'2016-05-19 03:21:30'),
	(95,343,1,'2016-05-19 03:21:30'),
	(96,344,1,'2016-05-19 03:21:30'),
	(97,345,1,'2016-05-19 03:21:30'),
	(98,346,1,'2016-05-19 03:21:30'),
	(99,347,1,'2016-05-19 03:21:30'),
	(100,351,1,'2016-05-19 03:21:30'),
	(101,352,1,'2016-05-19 03:21:30'),
	(102,353,1,'2016-05-19 03:21:30'),
	(103,354,1,'2016-05-19 03:21:30'),
	(104,355,1,'2016-05-19 03:21:30'),
	(105,356,1,'2016-05-19 03:21:30'),
	(106,357,1,'2016-05-19 03:21:30'),
	(107,358,1,'2016-05-19 03:21:30'),
	(108,359,1,'2016-05-19 03:21:30'),
	(109,364,1,'2016-05-19 03:21:30'),
	(110,365,1,'2016-05-19 03:21:30'),
	(111,368,1,'2016-05-19 03:21:30'),
	(112,369,1,'2016-05-19 03:21:30'),
	(113,370,1,'2016-05-19 03:21:30'),
	(114,383,1,'2016-05-19 03:21:30'),
	(115,384,1,'2016-05-19 03:21:30'),
	(116,385,1,'2016-05-19 03:21:30'),
	(117,386,1,'2016-05-19 03:21:30'),
	(118,387,1,'2016-05-19 03:21:30'),
	(119,390,1,'2016-05-19 03:21:30'),
	(120,391,1,'2016-05-19 03:21:30'),
	(121,392,1,'2016-05-19 03:21:30'),
	(122,397,1,'2016-05-19 03:21:30'),
	(123,398,1,'2016-05-19 03:21:30'),
	(124,399,1,'2016-05-19 03:21:30'),
	(125,401,1,'2016-05-19 03:21:30'),
	(126,402,1,'2016-05-19 03:21:30'),
	(127,437,1,'2016-05-19 03:21:30'),
	(128,438,1,'2016-05-19 03:21:30'),
	(129,444,1,'2016-05-19 03:21:30'),
	(130,445,1,'2016-05-19 03:21:30'),
	(131,446,1,'2016-05-19 03:21:30'),
	(132,447,1,'2016-05-19 03:21:30'),
	(133,448,1,'2016-05-19 03:21:30'),
	(134,449,1,'2016-05-19 03:21:30'),
	(135,450,1,'2016-05-19 03:21:30'),
	(136,451,1,'2016-05-19 03:21:30'),
	(137,452,1,'2016-05-19 03:21:30'),
	(138,453,1,'2016-05-19 03:21:30'),
	(139,454,1,'2016-05-19 03:21:30'),
	(140,455,1,'2016-05-19 03:21:30'),
	(141,456,1,'2016-05-19 03:21:30'),
	(142,457,1,'2016-05-19 03:21:30'),
	(143,458,1,'2016-05-19 03:21:30'),
	(144,459,1,'2016-05-19 03:21:30'),
	(145,460,1,'2016-05-19 03:21:30'),
	(146,461,1,'2016-05-19 03:21:30'),
	(147,462,1,'2016-05-19 03:21:30'),
	(148,463,1,'2016-05-19 03:21:30'),
	(149,464,1,'2016-05-19 03:21:30'),
	(150,465,1,'2016-05-19 03:21:30'),
	(151,466,1,'2016-05-19 03:21:30'),
	(152,467,1,'2016-05-19 03:21:30'),
	(153,468,1,'2016-05-19 03:21:30'),
	(154,469,1,'2016-05-19 03:21:30'),
	(155,470,1,'2016-05-19 03:21:30'),
	(156,471,1,'2016-05-19 03:21:30'),
	(157,472,1,'2016-05-19 03:21:30'),
	(158,473,1,'2016-05-19 03:21:30'),
	(159,474,1,'2016-05-19 03:21:30'),
	(160,475,1,'2016-05-19 03:21:30'),
	(161,476,1,'2016-05-19 03:21:30'),
	(162,477,1,'2016-05-19 03:21:30'),
	(163,478,1,'2016-05-19 03:21:30'),
	(164,479,1,'2016-05-19 03:21:30'),
	(165,480,1,'2016-05-19 03:21:30'),
	(166,481,1,'2016-05-19 03:21:30'),
	(167,482,1,'2016-05-19 03:21:30'),
	(168,483,1,'2016-05-19 03:21:30'),
	(169,484,1,'2016-05-19 03:21:30'),
	(170,528,1,'2016-05-19 03:21:30'),
	(171,529,1,'2016-05-19 03:21:30'),
	(172,530,1,'2016-05-19 03:21:30'),
	(173,531,1,'2016-05-19 03:21:30'),
	(174,532,1,'2016-05-19 03:21:30'),
	(175,533,1,'2016-05-19 03:21:30'),
	(176,534,1,'2016-05-19 03:21:30'),
	(177,536,1,'2016-05-19 03:21:30'),
	(178,537,1,'2016-05-19 03:21:30'),
	(179,538,1,'2016-05-19 03:21:30'),
	(180,539,1,'2016-05-19 03:21:30'),
	(181,540,1,'2016-05-19 03:21:30'),
	(182,541,1,'2016-05-19 03:21:30'),
	(183,542,1,'2016-05-19 03:21:30'),
	(184,543,1,'2016-05-19 03:21:30'),
	(185,544,1,'2016-05-19 03:21:30'),
	(186,545,1,'2016-05-19 03:21:30'),
	(187,546,1,'2016-05-19 03:21:30'),
	(188,547,1,'2016-05-19 03:21:30'),
	(189,554,1,'2016-05-19 03:21:30'),
	(190,555,1,'2016-05-19 03:21:30'),
	(191,556,1,'2016-05-19 03:21:30'),
	(192,557,1,'2016-05-19 03:21:30'),
	(193,558,1,'2016-05-19 03:21:30'),
	(194,559,1,'2016-05-19 03:21:30'),
	(195,560,1,'2016-05-19 03:21:30'),
	(196,561,1,'2016-05-19 03:21:30'),
	(197,562,1,'2016-05-19 03:21:30'),
	(198,563,1,'2016-05-19 03:21:30'),
	(199,564,1,'2016-05-19 03:21:30'),
	(200,569,1,'2016-05-19 03:21:30');

/*!40000 ALTER TABLE `system_resources_roles` ENABLE KEYS */;
UNLOCK TABLES;


# Dump of table system_roles
# ------------------------------------------------------------

DROP TABLE IF EXISTS `system_roles`;

CREATE TABLE `system_roles` (
  `id` int(11) NOT NULL AUTO_INCREMENT,
  `roles_name` varchar(20) DEFAULT NULL COMMENT '角色名称',
  `content` varchar(255) DEFAULT NULL COMMENT '角色描述',
  `user_id` int(11) DEFAULT NULL COMMENT '创建人',
  `create_time` datetime DEFAULT NULL,
  `update_time` datetime DEFAULT NULL,
  `status` tinyint(11) DEFAULT NULL COMMENT '1、未删除2、删除',
  `role_code` varchar(20) DEFAULT NULL COMMENT '角色code,唯一',
  PRIMARY KEY (`id`)
) ENGINE=InnoDB DEFAULT CHARSET=utf8 COMMENT='角色表';

LOCK TABLES `system_roles` WRITE;
/*!40000 ALTER TABLE `system_roles` DISABLE KEYS */;

INSERT INTO `system_roles` (`id`, `roles_name`, `content`, `user_id`, `create_time`, `update_time`, `status`, `role_code`)
VALUES
	(1,'超级管理员','平台超级管理员',0,'2016-03-02 17:34:25','2016-03-02 17:34:25',1,'admin'),
	(2,'订单管理员','订单管理员',2,'2016-03-07 18:20:53','2016-03-07 18:20:53',1,NULL);

/*!40000 ALTER TABLE `system_roles` ENABLE KEYS */;
UNLOCK TABLES;



/*!40111 SET SQL_NOTES=@OLD_SQL_NOTES */;
/*!40101 SET SQL_MODE=@OLD_SQL_MODE */;
/*!40014 SET FOREIGN_KEY_CHECKS=@OLD_FOREIGN_KEY_CHECKS */;
/*!40101 SET CHARACTER_SET_CLIENT=@OLD_CHARACTER_SET_CLIENT */;
/*!40101 SET CHARACTER_SET_RESULTS=@OLD_CHARACTER_SET_RESULTS */;
/*!40101 SET COLLATION_CONNECTION=@OLD_COLLATION_CONNECTION */;
